UserID,Age,Gender,TotalCoursesEnrolled,EnrollmentFrequency,AverageSpending,PreferredCategory,PreferredLevel,AverageCourseRating,CategoryDiversity,LearningDepthIndex,TotalSpending,Cluster,SegmentName
U00001,15,Male,1,1.0,394.26,Cybersecurity,Intermediate,1.35,1,2.0,394.26,2,Cybersecurity Beginners
U00002,29,Female,1,1.0,0.0,Programming,Beginner,2.88,1,1.0,0.0,2,Cybersecurity Beginners
U00003,33,Female,11,1.5714285714285714,55.81636363636364,Marketing,Advanced,2.889090909090909,7,2.0,613.98,8,Advanced Marketing Learners
U00004,23,Female,13,1.625,75.54230769230769,Digital Marketing,Intermediate,3.4515384615384614,8,1.9230769230769231,982.05,4,Highly Engaged AI Explorers
U00005,21,Male,2,1.0,173.355,Programming,Advanced,2.0549999999999997,2,2.0,346.71,2,Cybersecurity Beginners
U00006,21,Male,1,1.0,0.78,Machine Learning,Advanced,3.89,1,3.0,0.78,6,Advanced Machine Learning Learners
U00007,24,Male,1,1.0,0.0,Cybersecurity,Intermediate,1.91,1,2.0,0.0,2,Cybersecurity Beginners
U00008,33,Female,1,1.0,0.0,Finance,Intermediate,4.1,1,2.0,0.0,2,Cybersecurity Beginners
U00009,20,Female,1,1.0,276.37,Design,Advanced,2.72,1,3.0,276.37,7,Deep Design Learners
U00010,34,Female,2,1.0,163.01,Artificial Intelligence,Beginner,3.165,2,1.5,326.02,0,AI Beginner Learners
U00011,15,Female,2,1.0,149.785,Data Science,Advanced,3.205,2,2.0,299.57,3,Data Science Beginners
U00012,15,Female,2,2.0,163.995,Design,Advanced,1.5150000000000001,2,2.0,327.99,7,Deep Design Learners
U00013,33,Female,14,1.5555555555555556,102.3092857142857,Machine Learning,Advanced,2.869285714285714,8,2.0,1432.33,4,Highly Engaged AI Explorers
U00014,30,Male,1,1.0,0.0,Machine Learning,Advanced,1.81,1,3.0,0.0,6,Advanced Machine Learning Learners
U00015,27,Female,14,2.0,145.36142857142858,Artificial Intelligence,Beginner,2.7607142857142857,10,1.7142857142857142,2035.06,4,Highly Engaged AI Explorers
U00016,32,Male,1,1.0,0.0,Marketing,Advanced,4.79,1,3.0,0.0,8,Advanced Marketing Learners
U00017,24,Male,3,1.0,321.06,Artificial Intelligence,Beginner,4.6499999999999995,3,1.3333333333333333,963.18,0,AI Beginner Learners
U00018,24,Female,16,1.4545454545454546,91.751875,Artificial Intelligence,Beginner,3.1081250000000002,9,1.8125,1468.03,4,Highly Engaged AI Explorers
U00019,24,Female,1,1.0,0.0,Design,Beginner,4.51,1,1.0,0.0,7,Deep Design Learners
U00020,27,Female,1,1.0,0.0,Programming,Beginner,2.88,1,1.0,0.0,2,Cybersecurity Beginners
U00021,15,Male,2,1.0,88.67,Cybersecurity,Advanced,3.135,2,3.0,177.34,2,Cybersecurity Beginners
U00022,31,Male,1,1.0,0.0,Project Management,Beginner,4.68,1,1.0,0.0,0,AI Beginner Learners
U00023,32,Male,1,1.0,0.0,Design,Beginner,4.51,1,1.0,0.0,7,Deep Design Learners
U00024,18,Female,1,1.0,0.0,Cybersecurity,Intermediate,3.93,1,2.0,0.0,2,Cybersecurity Beginners
U00025,34,Male,4,1.0,29.76,Finance,Advanced,2.605,4,2.25,119.04,2,Cybersecurity Beginners
U00026,19,Male,1,1.0,327.99,Project Management,Beginner,1.51,1,1.0,327.99,0,AI Beginner Learners
U00027,31,Male,2,1.0,0.0,Cybersecurity,Advanced,2.915,2,2.5,0.0,2,Cybersecurity Beginners
U00028,30,Female,12,1.7142857142857142,84.38833333333334,Finance,Beginner,3.015,9,1.9166666666666667,1012.66,4,Highly Engaged AI Explorers
U00029,30,Male,1,1.0,326.02,Business,Intermediate,2.69,1,2.0,326.02,1,Business Advanced Learners
U00030,34,Male,1,1.0,0.0,Project Management,Intermediate,3.45,1,2.0,0.0,0,AI Beginner Learners
U00031,30,Male,1,1.0,0.0,Web Development,Beginner,2.2,1,1.0,0.0,9,Advanced Web Development Learners
U00032,18,Male,1,1.0,285.05,Business,Beginner,1.96,1,1.0,285.05,1,Business Advanced Learners
U00033,25,Male,1,1.0,276.37,Design,Advanced,2.72,1,3.0,276.37,7,Deep Design Learners
U00034,32,Female,2,1.0,124.05,Artificial Intelligence,Beginner,2.67,2,1.0,248.1,0,AI Beginner Learners
U00035,32,Male,1,1.0,0.78,Machine Learning,Advanced,3.89,1,3.0,0.78,6,Advanced Machine Learning Learners
U00036,24,Female,1,1.0,0.0,Programming,Beginner,3.85,1,1.0,0.0,2,Cybersecurity Beginners
U00037,31,Female,2,1.0,0.0,Cybersecurity,Advanced,1.9849999999999999,2,3.0,0.0,2,Cybersecurity Beginners
U00038,35,Male,1,1.0,0.0,Cybersecurity,Intermediate,3.93,1,2.0,0.0,2,Cybersecurity Beginners
U00039,16,Female,1,1.0,346.71,Project Management,Advanced,1.23,1,3.0,346.71,0,AI Beginner Learners
U00040,15,Male,1,1.0,0.0,Programming,Beginner,3.85,1,1.0,0.0,2,Cybersecurity Beginners
U00041,19,Female,2,1.0,163.01,Business,Beginner,3.5650000000000004,2,1.5,326.02,1,Business Advanced Learners
U00042,32,Male,1,1.0,89.59,Artificial Intelligence,Intermediate,2.68,1,2.0,89.59,0,AI Beginner Learners
U00043,31,Male,1,1.0,327.99,Project Management,Beginner,1.51,1,1.0,327.99,0,AI Beginner Learners
U00044,19,Male,1,1.0,299.57,Data Science,Beginner,3.74,1,1.0,299.57,3,Data Science Beginners
U00045,23,Female,14,2.0,86.41357142857143,Project Management,Beginner,3.375,9,1.7857142857142858,1209.79,4,Highly Engaged AI Explorers
U00046,29,Female,2,1.0,0.0,Design,Advanced,1.325,2,2.0,0.0,7,Deep Design Learners
U00047,34,Male,1,1.0,0.0,Data Science,Intermediate,3.6,1,2.0,0.0,3,Data Science Beginners
U00048,19,Male,13,1.625,27.45307692307692,Design,Beginner,3.329230769230769,9,1.8461538461538463,356.89,4,Highly Engaged AI Explorers
U00049,32,Male,1,1.0,0.0,Project Management,Intermediate,3.45,1,2.0,0.0,0,AI Beginner Learners
U00050,33,Male,1,1.0,0.0,Design,Advanced,2.61,1,3.0,0.0,7,Deep Design Learners
U00051,32,Female,1,1.0,0.0,Design,Beginner,4.51,1,1.0,0.0,7,Deep Design Learners
U00052,25,Female,1,1.0,0.78,Machine Learning,Advanced,3.89,1,3.0,0.78,6,Advanced Machine Learning Learners
U00053,34,Female,1,1.0,53.86,Finance,Beginner,2.47,1,1.0,53.86,2,Cybersecurity Beginners
U00054,22,Female,1,1.0,490.9,Artificial Intelligence,Beginner,4.55,1,1.0,490.9,0,AI Beginner Learners
U00055,31,Female,16,1.6,90.515625,Design,Advanced,3.055625,9,2.375,1448.25,4,Highly Engaged AI Explorers
U00056,22,Female,2,1.0,0.0,Design,Advanced,2.745,2,2.0,0.0,7,Deep Design Learners
U00057,18,Male,1,1.0,487.92,Business,Advanced,3.64,1,3.0,487.92,1,Business Advanced Learners
U00058,30,Female,1,1.0,117.68,Data Science,Advanced,2.57,1,3.0,117.68,3,Data Science Beginners
U00059,32,Male,1,1.0,0.0,Design,Beginner,4.51,1,1.0,0.0,7,Deep Design Learners
U00060,26,Male,4,1.3333333333333333,13.465,Finance,Beginner,3.515,3,1.25,53.86,2,Cybersecurity Beginners
U00061,32,Female,1,1.0,0.0,Cybersecurity,Intermediate,1.91,1,2.0,0.0,2,Cybersecurity Beginners
U00062,28,Female,1,1.0,0.0,Programming,Beginner,3.85,1,1.0,0.0,2,Cybersecurity Beginners
U00063,34,Female,2,1.0,149.785,Data Science,Beginner,3.31,2,1.0,299.57,3,Data Science Beginners
U00064,33,Female,1,1.0,276.37,Design,Advanced,2.72,1,3.0,276.37,7,Deep Design Learners
U00065,29,Male,1,1.0,0.0,Web Development,Advanced,2.67,1,3.0,0.0,9,Advanced Web Development Learners
U00066,26,Female,1,1.0,327.99,Project Management,Beginner,1.51,1,1.0,327.99,0,AI Beginner Learners
U00067,28,Female,1,1.0,119.04,Finance,Intermediate,2.75,1,2.0,119.04,2,Cybersecurity Beginners
U00068,32,Male,1,1.0,0.0,Project Management,Intermediate,3.45,1,2.0,0.0,0,AI Beginner Learners
U00069,27,Female,2,1.0,0.0,Design,Advanced,3.67,2,2.5,0.0,7,Deep Design Learners
U00070,25,Female,2,1.0,0.0,Digital Marketing,Intermediate,4.6899999999999995,2,2.0,0.0,5,Digital Marketing Learners
U00071,30,Female,14,1.75,45.85285714285715,Programming,Beginner,2.777857142857143,8,1.7857142857142858,641.94,4,Highly Engaged AI Explorers
U00072,17,Female,1,1.0,326.02,Business,Intermediate,2.69,1,2.0,326.02,1,Business Advanced Learners
U00073,16,Male,1,1.0,0.78,Machine Learning,Advanced,3.89,1,3.0,0.78,6,Advanced Machine Learning Learners
U00074,19,Male,3,1.5,321.06,Programming,Beginner,3.5233333333333334,2,1.0,963.18,0,AI Beginner Learners
U00075,22,Male,1,1.0,0.0,Design,Advanced,4.45,1,3.0,0.0,7,Deep Design Learners
U00076,34,Male,4,1.3333333333333333,118.07,Business,Beginner,3.0949999999999998,4,1.5,472.28,1,Business Advanced Learners
U00077,20,Male,1,1.0,0.0,Marketing,Intermediate,4.11,1,2.0,0.0,8,Advanced Marketing Learners
U00078,32,Female,1,1.0,0.0,Marketing,Intermediate,4.11,1,2.0,0.0,8,Advanced Marketing Learners
U00079,28,Male,1,1.0,0.0,Cybersecurity,Beginner,4.94,1,1.0,0.0,2,Cybersecurity Beginners
U00080,35,Female,1,1.0,0.0,Programming,Beginner,2.88,1,1.0,0.0,2,Cybersecurity Beginners
U00081,18,Female,1,1.0,0.0,Design,Advanced,1.52,1,3.0,0.0,7,Deep Design Learners
U00082,31,Male,1,1.0,0.0,Project Management,Beginner,4.68,1,1.0,0.0,0,AI Beginner Learners
U00083,16,Male,15,1.875,110.75333333333333,Artificial Intelligence,Intermediate,2.9953333333333334,9,2.0,1661.3,4,Highly Engaged AI Explorers
U00084,20,Male,1,1.0,327.99,Project Management,Beginner,1.51,1,1.0,327.99,0,AI Beginner Learners
U00085,22,Female,13,1.625,88.39384615384614,Cybersecurity,Beginner,2.9084615384615384,7,1.6923076923076923,1149.12,4,Highly Engaged AI Explorers
U00086,27,Female,4,1.0,13.465,Business,Advanced,2.47,4,2.25,53.86,1,Business Advanced Learners
U00087,19,Female,3,1.0,0.0,Machine Learning,Intermediate,4.506666666666667,3,1.6666666666666667,0.0,6,Advanced Machine Learning Learners
U00088,23,Male,1,1.0,0.0,Artificial Intelligence,Beginner,3.64,1,1.0,0.0,0,AI Beginner Learners
U00089,30,Male,1,1.0,0.0,Machine Learning,Intermediate,4.73,1,2.0,0.0,6,Advanced Machine Learning Learners
U00090,34,Male,1,1.0,0.0,Project Management,Intermediate,3.45,1,2.0,0.0,0,AI Beginner Learners
U00091,35,Male,1,1.0,0.0,Finance,Beginner,4.14,1,1.0,0.0,2,Cybersecurity Beginners
U00092,31,Male,4,2.0,148.7025,Artificial Intelligence,Advanced,2.7175000000000002,4,2.0,594.81,4,Highly Engaged AI Explorers
U00093,16,Male,1,1.0,285.05,Business,Beginner,1.96,1,1.0,285.05,1,Business Advanced Learners
U00094,27,Male,1,1.0,299.57,Data Science,Beginner,3.74,1,1.0,299.57,3,Data Science Beginners
U00095,20,Male,1,1.0,248.1,Artificial Intelligence,Beginner,1.2,1,1.0,248.1,0,AI Beginner Learners
U00096,34,Female,4,1.0,0.0,Machine Learning,Beginner,2.58,3,1.5,0.0,6,Advanced Machine Learning Learners
U00097,25,Male,2,2.0,0.0,Cybersecurity,Advanced,2.0949999999999998,2,3.0,0.0,2,Cybersecurity Beginners
U00098,31,Male,1,1.0,0.0,Design,Advanced,4.45,1,3.0,0.0,7,Deep Design Learners
U00099,29,Female,1,1.0,299.57,Data Science,Beginner,3.74,1,1.0,299.57,3,Data Science Beginners
U00100,32,Female,1,1.0,0.0,Digital Marketing,Beginner,2.14,1,1.0,0.0,5,Digital Marketing Learners
U00101,15,Female,1,1.0,89.59,Artificial Intelligence,Intermediate,2.68,1,2.0,89.59,0,AI Beginner Learners
U00102,32,Male,1,1.0,299.57,Data Science,Beginner,3.74,1,1.0,299.57,3,Data Science Beginners
U00103,30,Female,1,1.0,0.0,Business,Advanced,2.0,1,3.0,0.0,1,Business Advanced Learners
U00104,19,Male,1,1.0,53.86,Finance,Beginner,2.47,1,1.0,53.86,2,Cybersecurity Beginners
U00105,27,Male,1,1.0,299.57,Data Science,Beginner,3.74,1,1.0,299.57,3,Data Science Beginners
U00106,19,Male,2,1.0,28.66,Digital Marketing,Advanced,3.4400000000000004,2,2.0,57.32,5,Digital Marketing Learners
U00107,18,Female,1,1.0,0.0,Programming,Beginner,3.85,1,1.0,0.0,2,Cybersecurity Beginners
U00108,32,Male,2,1.0,0.0,Design,Advanced,2.965,2,2.0,0.0,7,Deep Design Learners
U00109,15,Female,14,1.5555555555555556,62.12642857142857,Data Science,Beginner,3.157857142857143,10,1.6428571428571428,869.77,4,Highly Engaged AI Explorers
U00110,26,Female,1,1.0,487.92,Business,Advanced,3.64,1,3.0,487.92,1,Business Advanced Learners
U00111,24,Male,1,1.0,0.0,Digital Marketing,Beginner,2.14,1,1.0,0.0,5,Digital Marketing Learners
U00112,34,Female,14,1.5555555555555556,40.41428571428571,Data Science,Advanced,3.165714285714286,9,2.0,565.8,4,Highly Engaged AI Explorers
U00113,19,Male,1,1.0,346.71,Project Management,Advanced,1.23,1,3.0,346.71,0,AI Beginner Learners
U00114,22,Female,1,1.0,0.0,Cybersecurity,Advanced,2.38,1,3.0,0.0,2,Cybersecurity Beginners
U00115,32,Female,1,1.0,0.0,Machine Learning,Intermediate,1.73,1,2.0,0.0,6,Advanced Machine Learning Learners
U00116,31,Male,1,1.0,0.0,Design,Advanced,1.52,1,3.0,0.0,7,Deep Design Learners
U00117,19,Female,13,1.625,145.06692307692308,Cybersecurity,Beginner,3.373076923076923,9,1.7692307692307692,1885.87,4,Highly Engaged AI Explorers
U00118,28,Female,1,1.0,0.0,Business,Advanced,2.0,1,3.0,0.0,1,Business Advanced Learners
U00119,28,Male,1,1.0,57.32,Web Development,Advanced,4.74,1,3.0,57.32,9,Advanced Web Development Learners
U00120,15,Male,2,1.0,207.755,Artificial Intelligence,Beginner,3.215,2,1.5,415.51,0,AI Beginner Learners
U00121,27,Female,2,1.0,164.385,Machine Learning,Advanced,2.7,2,2.0,328.77,6,Advanced Machine Learning Learners
U00122,21,Female,2,1.0,0.0,Digital Marketing,Beginner,2.895,2,1.5,0.0,5,Digital Marketing Learners
U00123,18,Female,2,1.0,178.445,Data Science,Advanced,4.24,2,2.0,356.89,3,Data Science Beginners
U00124,19,Female,2,1.0,230.245,Artificial Intelligence,Advanced,2.175,2,2.0,460.49,0,AI Beginner Learners
U00125,35,Female,2,2.0,163.01,Business,Advanced,2.25,2,2.5,326.02,1,Business Advanced Learners
U00126,23,Female,14,1.4,77.4692857142857,Digital Marketing,Beginner,3.457142857142857,7,1.7857142857142858,1084.57,4,Highly Engaged AI Explorers
U00127,34,Female,3,1.0,301.1433333333334,Artificial Intelligence,Advanced,3.846666666666667,3,2.6666666666666665,903.4300000000001,0,AI Beginner Learners
U00128,35,Female,13,1.8571428571428572,139.51153846153846,Artificial Intelligence,Beginner,3.106923076923077,8,1.9230769230769231,1813.65,4,Highly Engaged AI Explorers
U00129,19,Male,2,1.0,207.755,Artificial Intelligence,Intermediate,3.885,2,2.0,415.51,0,AI Beginner Learners
U00130,17,Male,1,1.0,248.1,Artificial Intelligence,Beginner,1.2,1,1.0,248.1,0,AI Beginner Learners
U00131,19,Male,1,1.0,0.0,Business,Advanced,3.15,1,3.0,0.0,1,Business Advanced Learners
U00132,22,Male,1,1.0,0.0,Machine Learning,Beginner,1.13,1,1.0,0.0,6,Advanced Machine Learning Learners
U00133,21,Male,14,1.5555555555555556,59.166428571428575,Marketing,Beginner,2.830714285714286,9,1.9285714285714286,828.33,4,Highly Engaged AI Explorers
U00134,26,Female,14,1.75,102.72928571428572,Finance,Advanced,3.3528571428571428,8,2.142857142857143,1438.21,4,Highly Engaged AI Explorers
U00135,17,Female,1,1.0,0.0,Data Science,Intermediate,3.02,1,2.0,0.0,3,Data Science Beginners
U00136,25,Female,1,1.0,0.0,Business,Advanced,3.15,1,3.0,0.0,1,Business Advanced Learners
U00137,15,Female,2,1.0,230.145,Data Science,Advanced,3.705,2,2.5,460.29,3,Data Science Beginners
U00138,26,Male,2,1.0,0.0,Design,Advanced,1.8699999999999999,2,2.0,0.0,7,Deep Design Learners
U00139,16,Female,4,1.0,62.025,Artificial Intelligence,Advanced,1.8275000000000001,4,2.0,248.1,0,AI Beginner Learners
U00140,24,Female,2,1.0,26.93,Digital Marketing,Beginner,3.5650000000000004,2,1.5,53.86,5,Digital Marketing Learners
U00141,20,Male,1,1.0,0.0,Programming,Beginner,2.88,1,1.0,0.0,2,Cybersecurity Beginners
U00142,17,Female,1,1.0,472.28,Programming,Beginner,4.74,1,1.0,472.28,0,AI Beginner Learners
U00143,26,Male,2,1.0,88.67,Cybersecurity,Advanced,4.415,2,2.0,177.34,2,Cybersecurity Beginners
U00144,24,Female,13,1.4444444444444444,73.35923076923076,Finance,Intermediate,3.173076923076923,7,2.230769230769231,953.67,4,Highly Engaged AI Explorers
U00145,23,Female,1,1.0,0.0,Cybersecurity,Beginner,4.94,1,1.0,0.0,2,Cybersecurity Beginners
U00146,30,Female,1,1.0,0.0,Digital Marketing,Beginner,4.44,1,1.0,0.0,5,Digital Marketing Learners
U00147,30,Male,12,1.7142857142857142,99.64,Data Science,Beginner,3.0775,9,1.8333333333333333,1195.68,4,Highly Engaged AI Explorers
U00148,35,Female,1,1.0,0.0,Data Science,Intermediate,3.02,1,2.0,0.0,3,Data Science Beginners
U00149,17,Female,10,1.4285714285714286,90.64099999999999,Artificial Intelligence,Advanced,3.303,8,2.1,906.41,4,Highly Engaged AI Explorers
U00150,25,Male,2,1.0,0.0,Cybersecurity,Advanced,3.245,2,2.5,0.0,2,Cybersecurity Beginners
U00151,16,Female,1,1.0,0.0,Digital Marketing,Beginner,4.44,1,1.0,0.0,5,Digital Marketing Learners
U00152,19,Female,12,2.0,114.07666666666665,Cybersecurity,Beginner,3.296666666666667,9,1.6666666666666667,1368.9199999999998,4,Highly Engaged AI Explorers
U00153,35,Male,2,1.0,18.945,Programming,Advanced,2.575,2,2.0,37.89,2,Cybersecurity Beginners
U00154,29,Male,1,1.0,248.1,Artificial Intelligence,Beginner,1.2,1,1.0,248.1,0,AI Beginner Learners
U00155,27,Male,2,1.0,0.0,Finance,Beginner,3.71,2,1.5,0.0,2,Cybersecurity Beginners
U00156,17,Male,1,1.0,0.0,Finance,Advanced,1.59,1,3.0,0.0,2,Cybersecurity Beginners
U00157,32,Female,2,1.0,106.195,Cybersecurity,Advanced,2.53,2,2.5,212.39,2,Cybersecurity Beginners
U00158,35,Female,1,1.0,0.0,Programming,Beginner,1.28,1,1.0,0.0,2,Cybersecurity Beginners
U00159,16,Male,2,1.0,26.93,Finance,Beginner,2.1,2,1.5,53.86,2,Cybersecurity Beginners
U00160,28,Female,1,1.0,327.99,Project Management,Beginner,1.51,1,1.0,327.99,0,AI Beginner Learners
U00161,25,Female,11,1.2222222222222223,55.054545454545455,Business,Advanced,2.8972727272727274,7,2.1818181818181817,605.6,1,Business Advanced Learners
U00162,26,Male,1,1.0,0.0,Finance,Advanced,1.59,1,3.0,0.0,2,Cybersecurity Beginners
U00163,32,Female,1,1.0,0.0,Project Management,Intermediate,3.45,1,2.0,0.0,0,AI Beginner Learners
U00164,32,Male,2,1.0,0.0,Machine Learning,Advanced,3.2700000000000005,1,2.5,0.0,6,Advanced Machine Learning Learners
U00165,30,Male,4,1.0,104.955,Artificial Intelligence,Intermediate,2.995,4,2.0,419.82,0,AI Beginner Learners
U00166,33,Male,15,1.5,16.592,Machine Learning,Intermediate,3.1886666666666668,9,1.9333333333333333,248.88,6,Advanced Machine Learning Learners
U00167,31,Female,1,1.0,0.0,Cybersecurity,Beginner,4.94,1,1.0,0.0,2,Cybersecurity Beginners
U00168,24,Female,1,1.0,326.02,Business,Intermediate,2.69,1,2.0,326.02,1,Business Advanced Learners
U00169,24,Male,13,1.625,43.62769230769231,Design,Advanced,2.636923076923077,11,2.076923076923077,567.16,4,Highly Engaged AI Explorers
U00170,34,Female,3,1.0,0.0,Programming,Beginner,2.72,3,1.0,0.0,2,Cybersecurity Beginners
U00171,24,Male,2,1.0,0.0,Project Management,Beginner,4.0649999999999995,1,1.5,0.0,0,AI Beginner Learners
U00172,35,Female,1,1.0,0.0,Machine Learning,Intermediate,4.73,1,2.0,0.0,6,Advanced Machine Learning Learners
U00173,31,Male,14,2.0,78.20142857142856,Artificial Intelligence,Beginner,3.1978571428571425,10,1.7142857142857142,1094.82,4,Highly Engaged AI Explorers
U00174,29,Male,1,1.0,212.39,Digital Marketing,Advanced,3.15,1,3.0,212.39,5,Digital Marketing Learners
U00175,32,Female,2,1.0,245.45,Artificial Intelligence,Beginner,2.915,2,1.0,490.9,0,AI Beginner Learners
U00176,34,Male,1,1.0,0.0,Project Management,Beginner,4.68,1,1.0,0.0,0,AI Beginner Learners
U00177,29,Female,14,2.0,109.03857142857143,Finance,Beginner,3.0235714285714286,9,1.7142857142857142,1526.54,4,Highly Engaged AI Explorers
U00178,20,Male,14,1.75,16.90857142857143,Data Science,Beginner,3.54,10,1.9285714285714286,236.72000000000003,4,Highly Engaged AI Explorers
U00179,34,Male,2,1.0,243.96,Business,Advanced,2.685,2,2.5,487.92,1,Business Advanced Learners
U00180,26,Female,1,1.0,0.0,Machine Learning,Intermediate,4.73,1,2.0,0.0,6,Advanced Machine Learning Learners
U00181,32,Female,1,1.0,299.57,Data Science,Beginner,3.74,1,1.0,299.57,3,Data Science Beginners
U00182,28,Female,1,1.0,0.0,Finance,Intermediate,4.1,1,2.0,0.0,2,Cybersecurity Beginners
U00183,33,Male,1,1.0,0.0,Machine Learning,Intermediate,4.73,1,2.0,0.0,6,Advanced Machine Learning Learners
U00184,28,Male,1,1.0,0.0,Cybersecurity,Advanced,2.38,1,3.0,0.0,2,Cybersecurity Beginners
U00185,27,Male,1,1.0,57.32,Web Development,Advanced,4.74,1,3.0,57.32,9,Advanced Web Development Learners
U00186,28,Female,2,1.0,163.01,Business,Intermediate,3.0700000000000003,2,2.0,326.02,1,Business Advanced Learners
U00187,18,Male,1,1.0,472.28,Programming,Beginner,4.74,1,1.0,472.28,0,AI Beginner Learners
U00188,18,Male,1,1.0,0.0,Design,Advanced,1.52,1,3.0,0.0,7,Deep Design Learners
U00189,18,Male,1,1.0,0.0,Finance,Advanced,1.59,1,3.0,0.0,2,Cybersecurity Beginners
U00190,25,Female,1,1.0,487.92,Business,Advanced,3.64,1,3.0,487.92,1,Business Advanced Learners
U00191,34,Male,12,1.7142857142857142,188.225,Project Management,Beginner,3.955833333333333,8,1.8333333333333333,2258.7,4,Highly Engaged AI Explorers
U00192,17,Male,14,2.0,48.576428571428565,Web Development,Beginner,3.440714285714286,9,1.7857142857142858,680.0699999999999,4,Highly Engaged AI Explorers
U00193,33,Male,1,1.0,0.0,Marketing,Advanced,4.79,1,3.0,0.0,8,Advanced Marketing Learners
U00194,35,Male,1,1.0,0.0,Data Science,Intermediate,3.02,1,2.0,0.0,3,Data Science Beginners
U00195,15,Male,1,1.0,346.71,Project Management,Advanced,1.23,1,3.0,346.71,0,AI Beginner Learners
U00196,23,Female,1,1.0,394.26,Cybersecurity,Intermediate,1.35,1,2.0,394.26,2,Cybersecurity Beginners
U00197,35,Female,1,1.0,0.0,Data Science,Intermediate,3.6,1,2.0,0.0,3,Data Science Beginners
U00198,30,Female,12,1.3333333333333333,103.52833333333335,Finance,Beginner,3.2741666666666664,7,1.75,1242.3400000000001,4,Highly Engaged AI Explorers
U00199,24,Female,1,1.0,0.0,Programming,Intermediate,2.43,1,2.0,0.0,2,Cybersecurity Beginners
U00200,32,Male,4,1.0,67.4275,Design,Advanced,3.4650000000000003,3,3.0,269.71,7,Deep Design Learners
U00201,16,Male,3,1.5,230.62666666666667,Artificial Intelligence,Advanced,2.676666666666667,3,2.0,691.88,0,AI Beginner Learners
U00202,28,Female,1,1.0,0.0,Programming,Beginner,3.85,1,1.0,0.0,2,Cybersecurity Beginners
U00203,25,Female,2,1.0,163.01,Business,Beginner,3.005,2,1.5,326.02,1,Business Advanced Learners
U00204,28,Female,1,1.0,0.0,Finance,Advanced,1.59,1,3.0,0.0,2,Cybersecurity Beginners
U00205,32,Male,1,1.0,342.61,Project Management,Intermediate,4.84,1,2.0,342.61,0,AI Beginner Learners
U00206,19,Female,1,1.0,89.59,Artificial Intelligence,Intermediate,2.68,1,2.0,89.59,0,AI Beginner Learners
U00207,33,Male,2,1.0,88.67,Digital Marketing,Advanced,2.585,2,2.0,177.34,5,Digital Marketing Learners
U00208,18,Female,15,1.5,33.84133333333333,Data Science,Beginner,3.1533333333333338,10,1.9333333333333333,507.62,4,Highly Engaged AI Explorers
U00209,26,Male,1,1.0,0.0,Business,Advanced,3.15,1,3.0,0.0,1,Business Advanced Learners
U00210,30,Male,2,1.0,18.945,Machine Learning,Advanced,1.5150000000000001,2,2.5,37.89,6,Advanced Machine Learning Learners
U00211,22,Male,1,1.0,0.0,Project Management,Beginner,4.68,1,1.0,0.0,0,AI Beginner Learners
U00212,30,Female,2,1.0,0.0,Programming,Beginner,4.265,2,1.0,0.0,2,Cybersecurity Beginners
U00213,15,Male,2,1.0,149.785,Data Science,Beginner,4.23,2,1.5,299.57,3,Data Science Beginners
U00214,24,Female,1,1.0,89.59,Artificial Intelligence,Intermediate,2.68,1,2.0,89.59,0,AI Beginner Learners
U00215,28,Male,1,1.0,326.02,Business,Intermediate,2.69,1,2.0,326.02,1,Business Advanced Learners
U00216,23,Male,16,1.7777777777777777,87.866875,Programming,Beginner,3.545625,10,1.75,1405.87,4,Highly Engaged AI Explorers
U00217,28,Male,1,1.0,37.89,Web Development,Advanced,1.3,1,3.0,37.89,9,Advanced Web Development Learners
U00218,15,Female,1,1.0,0.0,Marketing,Intermediate,4.72,1,2.0,0.0,8,Advanced Marketing Learners
U00219,23,Female,1,1.0,0.0,Design,Beginner,4.51,1,1.0,0.0,7,Deep Design Learners
U00220,20,Male,15,2.142857142857143,20.02333333333333,Programming,Beginner,3.6286666666666667,11,1.7333333333333334,300.34999999999997,4,Highly Engaged AI Explorers
U00221,27,Male,1,1.0,0.0,Design,Advanced,4.45,1,3.0,0.0,7,Deep Design Learners
U00222,28,Male,1,1.0,0.78,Machine Learning,Advanced,3.89,1,3.0,0.78,6,Advanced Machine Learning Learners
U00223,35,Female,1,1.0,0.0,Finance,Intermediate,4.1,1,2.0,0.0,2,Cybersecurity Beginners
U00224,15,Female,1,1.0,490.9,Artificial Intelligence,Beginner,4.55,1,1.0,490.9,0,AI Beginner Learners
U00225,18,Male,1,1.0,0.0,Finance,Intermediate,4.1,1,2.0,0.0,2,Cybersecurity Beginners
U00226,34,Female,1,1.0,346.71,Project Management,Advanced,1.23,1,3.0,346.71,0,AI Beginner Learners
U00227,23,Male,2,1.0,0.0,Design,Beginner,4.305,2,1.5,0.0,7,Deep Design Learners
U00228,18,Male,1,1.0,117.68,Data Science,Advanced,2.57,1,3.0,117.68,3,Data Science Beginners
U00229,22,Male,2,1.0,0.0,Data Science,Advanced,2.73,2,2.0,0.0,3,Data Science Beginners
U00230,17,Female,2,2.0,59.52,Digital Marketing,Beginner,3.595,2,1.5,119.04,5,Digital Marketing Learners
U00231,16,Male,2,1.0,106.585,Digital Marketing,Advanced,3.52,2,3.0,213.17,5,Digital Marketing Learners
U00232,26,Female,1,1.0,0.0,Cybersecurity,Advanced,2.38,1,3.0,0.0,2,Cybersecurity Beginners
U00233,32,Male,1,1.0,119.04,Finance,Intermediate,2.75,1,2.0,119.04,2,Cybersecurity Beginners
U00234,32,Male,2,1.0,163.01,Business,Advanced,3.74,2,2.5,326.02,1,Business Advanced Learners
U00235,34,Male,3,1.0,157.42666666666665,Programming,Beginner,3.856666666666667,2,1.6666666666666667,472.28,2,Cybersecurity Beginners
U00236,25,Female,1,1.0,394.26,Cybersecurity,Intermediate,1.35,1,2.0,394.26,2,Cybersecurity Beginners
U00237,20,Male,1,1.0,0.0,Business,Advanced,3.15,1,3.0,0.0,1,Business Advanced Learners
U00238,24,Female,15,1.6666666666666667,124.86133333333333,Business,Beginner,3.1626666666666665,10,1.9333333333333333,1872.92,4,Highly Engaged AI Explorers
U00239,32,Female,1,1.0,0.0,Digital Marketing,Beginner,4.44,1,1.0,0.0,5,Digital Marketing Learners
U00240,34,Female,2,1.0,0.0,Business,Advanced,3.33,2,2.5,0.0,1,Business Advanced Learners
U00241,23,Female,2,1.0,0.0,Cybersecurity,Beginner,4.2700000000000005,2,1.5,0.0,2,Cybersecurity Beginners
U00242,27,Male,2,1.0,133.465,Artificial Intelligence,Advanced,3.285,2,2.5,266.93,0,AI Beginner Learners
U00243,24,Female,1,1.0,177.34,Digital Marketing,Advanced,3.89,1,3.0,177.34,5,Digital Marketing Learners
U00244,28,Male,1,1.0,276.37,Design,Advanced,2.72,1,3.0,276.37,7,Deep Design Learners
U00245,31,Female,1,1.0,0.0,Finance,Beginner,4.14,1,1.0,0.0,2,Cybersecurity Beginners
U00246,31,Male,1,1.0,472.28,Programming,Beginner,4.74,1,1.0,472.28,0,AI Beginner Learners
U00247,30,Female,1,1.0,0.0,Marketing,Advanced,2.01,1,3.0,0.0,8,Advanced Marketing Learners
U00248,17,Male,1,1.0,0.0,Finance,Advanced,1.59,1,3.0,0.0,2,Cybersecurity Beginners
U00249,35,Female,1,1.0,0.0,Programming,Beginner,2.88,1,1.0,0.0,2,Cybersecurity Beginners
U00250,21,Male,1,1.0,342.61,Project Management,Intermediate,4.84,1,2.0,342.61,0,AI Beginner Learners
U00251,28,Female,13,1.625,100.81307692307692,Finance,Beginner,3.493846153846154,9,1.5384615384615385,1310.57,4,Highly Engaged AI Explorers
U00252,29,Female,1,1.0,0.0,Design,Advanced,1.52,1,3.0,0.0,7,Deep Design Learners
U00253,19,Male,1,1.0,0.0,Digital Marketing,Intermediate,4.66,1,2.0,0.0,5,Digital Marketing Learners
U00254,19,Female,1,1.0,0.0,Cybersecurity,Beginner,4.94,1,1.0,0.0,2,Cybersecurity Beginners
U00255,26,Female,1,1.0,394.26,Cybersecurity,Intermediate,1.35,1,2.0,394.26,2,Cybersecurity Beginners
U00256,35,Female,1,1.0,0.0,Design,Beginner,4.51,1,1.0,0.0,7,Deep Design Learners
U00257,29,Male,1,1.0,0.0,Project Management,Intermediate,3.45,1,2.0,0.0,0,AI Beginner Learners
U00258,19,Male,1,1.0,117.68,Data Science,Advanced,2.57,1,3.0,117.68,3,Data Science Beginners
U00259,35,Male,1,1.0,342.61,Project Management,Intermediate,4.84,1,2.0,342.61,0,AI Beginner Learners
U00260,35,Male,15,1.5,163.01333333333332,Design,Advanced,3.1526666666666667,9,2.0,2445.2,4,Highly Engaged AI Explorers
U00261,28,Female,1,1.0,0.0,Machine Learning,Beginner,1.13,1,1.0,0.0,6,Advanced Machine Learning Learners
U00262,24,Male,1,1.0,0.0,Cybersecurity,Intermediate,1.91,1,2.0,0.0,2,Cybersecurity Beginners
U00263,15,Male,4,2.0,0.0,Data Science,Intermediate,2.8325,4,2.0,0.0,3,Data Science Beginners
U00264,18,Female,3,1.5,0.0,Cybersecurity,Intermediate,3.4599999999999995,3,2.0,0.0,2,Cybersecurity Beginners
U00265,15,Male,14,1.75,149.13214285714284,Digital Marketing,Intermediate,3.4299999999999997,9,2.0,2087.85,4,Highly Engaged AI Explorers
U00266,25,Female,1,1.0,212.39,Digital Marketing,Advanced,3.15,1,3.0,212.39,5,Digital Marketing Learners
U00267,34,Male,4,1.3333333333333333,226.6325,Business,Advanced,3.0325,3,2.25,906.53,1,Business Advanced Learners
U00268,29,Female,1,1.0,0.0,Data Science,Intermediate,3.6,1,2.0,0.0,3,Data Science Beginners
U00269,22,Female,1,1.0,0.0,Cybersecurity,Intermediate,3.93,1,2.0,0.0,2,Cybersecurity Beginners
U00270,23,Male,1,1.0,0.0,Web Development,Advanced,2.67,1,3.0,0.0,9,Advanced Web Development Learners
U00271,15,Male,1,1.0,0.0,Digital Marketing,Beginner,4.44,1,1.0,0.0,5,Digital Marketing Learners
U00272,25,Male,13,1.8571428571428572,94.55384615384614,Digital Marketing,Advanced,3.2284615384615383,8,2.1538461538461537,1229.1999999999998,4,Highly Engaged AI Explorers
U00273,25,Female,1,1.0,0.0,Digital Marketing,Beginner,2.14,1,1.0,0.0,5,Digital Marketing Learners
U00274,32,Female,2,1.0,88.67,Business,Advanced,3.52,2,3.0,177.34,1,Business Advanced Learners
U00275,28,Female,1,1.0,0.0,Marketing,Advanced,2.98,1,3.0,0.0,8,Advanced Marketing Learners
U00276,22,Female,1,1.0,299.57,Data Science,Beginner,3.74,1,1.0,299.57,3,Data Science Beginners
U00277,21,Male,1,1.0,0.0,Marketing,Advanced,2.01,1,3.0,0.0,8,Advanced Marketing Learners
U00278,27,Male,1,1.0,0.0,Programming,Beginner,3.85,1,1.0,0.0,2,Cybersecurity Beginners
U00279,24,Male,3,1.0,98.33999999999999,Data Science,Advanced,2.6833333333333336,3,3.0,295.02,3,Data Science Beginners
U00280,15,Male,1,1.0,299.57,Data Science,Beginner,3.74,1,1.0,299.57,3,Data Science Beginners
U00281,30,Female,1,1.0,0.0,Marketing,Intermediate,4.11,1,2.0,0.0,8,Advanced Marketing Learners
U00282,19,Male,14,1.75,73.86928571428572,Business,Advanced,2.472142857142857,9,2.4285714285714284,1034.17,4,Highly Engaged AI Explorers
U00283,28,Male,2,1.0,0.0,Digital Marketing,Beginner,2.8600000000000003,2,1.0,0.0,5,Digital Marketing Learners
U00284,30,Male,1,1.0,342.61,Project Management,Intermediate,4.84,1,2.0,342.61,0,AI Beginner Learners
U00285,29,Female,1,1.0,57.32,Web Development,Advanced,4.74,1,3.0,57.32,9,Advanced Web Development Learners
U00286,24,Female,3,1.0,0.0,Web Development,Advanced,3.106666666666667,2,2.3333333333333335,0.0,9,Advanced Web Development Learners
U00287,21,Female,2,1.0,0.0,Design,Advanced,4.585,2,2.5,0.0,7,Deep Design Learners
U00288,35,Male,1,1.0,0.0,Cybersecurity,Intermediate,3.93,1,2.0,0.0,2,Cybersecurity Beginners
U00289,17,Female,1,1.0,0.78,Machine Learning,Advanced,3.89,1,3.0,0.78,6,Advanced Machine Learning Learners
U00290,17,Female,3,1.0,19.106666666666666,Digital Marketing,Advanced,4.430000000000001,3,2.0,57.32,5,Digital Marketing Learners
U00291,16,Female,3,1.0,92.12333333333333,Artificial Intelligence,Advanced,3.6966666666666668,3,2.0,276.37,0,AI Beginner Learners
U00292,33,Male,12,1.7142857142857142,80.46833333333333,Cybersecurity,Intermediate,3.1333333333333333,8,1.9166666666666667,965.62,4,Highly Engaged AI Explorers
U00293,25,Female,13,1.625,109.72923076923077,Machine Learning,Advanced,2.94,9,2.1538461538461537,1426.48,4,Highly Engaged AI Explorers
U00294,21,Female,1,1.0,0.0,Machine Learning,Intermediate,4.73,1,2.0,0.0,6,Advanced Machine Learning Learners
U00295,29,Male,1,1.0,0.0,Machine Learning,Beginner,1.13,1,1.0,0.0,6,Advanced Machine Learning Learners
U00296,31,Female,2,1.0,88.67,Digital Marketing,Advanced,3.67,2,2.5,177.34,5,Digital Marketing Learners
U00297,29,Male,1,1.0,0.0,Digital Marketing,Beginner,2.14,1,1.0,0.0,5,Digital Marketing Learners
U00298,32,Male,14,1.75,144.31571428571428,Project Management,Intermediate,3.2892857142857146,7,2.142857142857143,2020.42,4,Highly Engaged AI Explorers
U00299,20,Female,1,1.0,0.0,Business,Advanced,3.15,1,3.0,0.0,1,Business Advanced Learners
U00300,26,Female,2,2.0,243.96,Business,Advanced,2.92,2,2.0,487.92,1,Business Advanced Learners
U00301,26,Male,14,1.4,85.81642857142856,Programming,Beginner,3.0685714285714285,9,1.7857142857142858,1201.4299999999998,4,Highly Engaged AI Explorers
U00302,34,Female,1,1.0,37.89,Web Development,Advanced,1.3,1,3.0,37.89,9,Advanced Web Development Learners
U00303,35,Male,14,2.0,77.56714285714285,Machine Learning,Advanced,3.027142857142857,7,2.142857142857143,1085.94,4,Highly Engaged AI Explorers
U00304,35,Male,1,1.0,327.99,Project Management,Beginner,1.51,1,1.0,327.99,0,AI Beginner Learners
U00305,22,Male,1,1.0,0.0,Cybersecurity,Beginner,4.94,1,1.0,0.0,2,Cybersecurity Beginners
U00306,28,Male,1,1.0,0.0,Finance,Beginner,4.14,1,1.0,0.0,2,Cybersecurity Beginners
U00307,33,Female,1,1.0,0.0,Programming,Intermediate,2.43,1,2.0,0.0,2,Cybersecurity Beginners
U00308,26,Male,4,1.0,197.6175,Artificial Intelligence,Beginner,3.5625,4,1.0,790.47,0,AI Beginner Learners
U00309,27,Male,1,1.0,342.61,Project Management,Intermediate,4.84,1,2.0,342.61,0,AI Beginner Learners
U00310,26,Female,11,2.2,42.28818181818182,Data Science,Advanced,3.097272727272727,8,2.3636363636363638,465.17,4,Highly Engaged AI Explorers
U00311,18,Female,1,1.0,0.0,Business,Advanced,3.15,1,3.0,0.0,1,Business Advanced Learners
U00312,30,Female,1,1.0,0.0,Project Management,Intermediate,3.45,1,2.0,0.0,0,AI Beginner Learners
U00313,29,Female,1,1.0,0.0,Digital Marketing,Intermediate,4.66,1,2.0,0.0,5,Digital Marketing Learners
U00314,19,Female,3,1.5,0.0,Programming,Beginner,2.9766666666666666,2,1.0,0.0,2,Cybersecurity Beginners
U00315,31,Female,12,2.0,81.02416666666666,Data Science,Beginner,3.3516666666666666,9,1.9166666666666667,972.29,4,Highly Engaged AI Explorers
U00316,19,Female,2,1.0,0.0,Data Science,Beginner,3.87,2,1.5,0.0,3,Data Science Beginners
U00317,19,Male,3,1.5,19.106666666666666,Cybersecurity,Advanced,3.813333333333333,3,2.6666666666666665,57.32,2,Cybersecurity Beginners
U00318,20,Male,1,1.0,326.02,Business,Intermediate,2.69,1,2.0,326.02,1,Business Advanced Learners
U00319,15,Female,1,1.0,346.71,Project Management,Advanced,1.23,1,3.0,346.71,0,AI Beginner Learners
U00320,29,Male,1,1.0,285.05,Business,Beginner,1.96,1,1.0,285.05,1,Business Advanced Learners
U00321,28,Male,14,1.5555555555555556,130.21,Artificial Intelligence,Beginner,2.579285714285714,8,1.9285714285714286,1822.94,4,Highly Engaged AI Explorers
U00322,23,Male,14,1.75,44.73571428571428,Web Development,Beginner,3.067857142857143,7,1.6428571428571428,626.3,9,Advanced Web Development Learners
U00323,21,Female,15,1.5,63.266,Business,Advanced,3.3059999999999996,8,2.2666666666666666,948.99,4,Highly Engaged AI Explorers
U00324,16,Male,1,1.0,0.0,Programming,Beginner,2.88,1,1.0,0.0,2,Cybersecurity Beginners
U00325,26,Male,1,1.0,0.0,Business,Advanced,3.15,1,3.0,0.0,1,Business Advanced Learners
U00326,25,Female,1,1.0,0.0,Web Development,Beginner,2.2,1,1.0,0.0,9,Advanced Web Development Learners
U00327,31,Female,4,1.0,44.335,Digital Marketing,Intermediate,4.035,3,2.0,177.34,5,Digital Marketing Learners
U00328,29,Female,15,1.6666666666666667,87.99266666666666,Finance,Beginner,3.31,8,1.6,1319.8899999999999,4,Highly Engaged AI Explorers
U00329,20,Female,12,1.3333333333333333,136.035,Data Science,Beginner,3.035833333333333,8,1.5833333333333333,1632.4199999999998,4,Highly Engaged AI Explorers
U00330,15,Female,14,1.5555555555555556,90.61571428571428,Marketing,Intermediate,2.775714285714286,8,2.142857142857143,1268.62,4,Highly Engaged AI Explorers
U00331,17,Male,1,1.0,276.37,Design,Advanced,2.72,1,3.0,276.37,7,Deep Design Learners
U00332,25,Male,1,1.0,0.0,Machine Learning,Advanced,1.81,1,3.0,0.0,6,Advanced Machine Learning Learners
U00333,26,Female,1,1.0,0.0,Finance,Advanced,1.59,1,3.0,0.0,2,Cybersecurity Beginners
U00334,24,Female,13,1.4444444444444444,68.27076923076923,Artificial Intelligence,Beginner,2.64,9,1.8461538461538463,887.52,4,Highly Engaged AI Explorers
U00335,33,Female,1,1.0,0.0,Cybersecurity,Beginner,4.94,1,1.0,0.0,2,Cybersecurity Beginners
U00336,19,Male,1,1.0,0.0,Artificial Intelligence,Beginner,3.64,1,1.0,0.0,0,AI Beginner Learners
U00337,29,Female,1,1.0,0.0,Machine Learning,Intermediate,1.73,1,2.0,0.0,6,Advanced Machine Learning Learners
U00338,23,Female,14,1.5555555555555556,59.48357142857143,Data Science,Beginner,3.3842857142857143,8,1.7857142857142858,832.77,4,Highly Engaged AI Explorers
U00339,29,Male,16,1.7777777777777777,130.476875,Project Management,Advanced,3.13625,10,2.0625,2087.63,4,Highly Engaged AI Explorers
U00340,30,Male,14,1.75,87.17285714285715,Business,Advanced,2.9549999999999996,8,2.0,1220.42,4,Highly Engaged AI Explorers
U00341,24,Male,1,1.0,0.0,Marketing,Advanced,4.79,1,3.0,0.0,8,Advanced Marketing Learners
U00342,26,Female,1,1.0,0.0,Machine Learning,Intermediate,4.73,1,2.0,0.0,6,Advanced Machine Learning Learners
U00343,31,Male,1,1.0,0.0,Machine Learning,Beginner,1.13,1,1.0,0.0,6,Advanced Machine Learning Learners
U00344,17,Male,1,1.0,0.0,Cybersecurity,Intermediate,3.93,1,2.0,0.0,2,Cybersecurity Beginners
U00345,16,Male,15,1.6666666666666667,91.14733333333334,Programming,Beginner,3.5193333333333334,9,1.8,1367.21,4,Highly Engaged AI Explorers
U00346,33,Female,3,1.0,108.67333333333333,Business,Intermediate,3.3699999999999997,3,1.6666666666666667,326.02,1,Business Advanced Learners
U00347,32,Female,2,1.0,173.355,Marketing,Advanced,2.67,2,2.5,346.71,8,Advanced Marketing Learners
U00348,30,Female,1,1.0,299.57,Data Science,Beginner,3.74,1,1.0,299.57,3,Data Science Beginners
U00349,28,Male,1,1.0,0.0,Machine Learning,Beginner,1.13,1,1.0,0.0,6,Advanced Machine Learning Learners
U00350,17,Male,2,1.0,44.795,Artificial Intelligence,Beginner,3.8100000000000005,2,1.5,89.59,0,AI Beginner Learners
U00351,18,Female,13,1.625,59.776923076923076,Cybersecurity,Advanced,2.9269230769230767,8,2.076923076923077,777.1,4,Highly Engaged AI Explorers
U00352,28,Male,15,1.6666666666666667,67.31266666666667,Business,Beginner,3.0853333333333333,10,1.9333333333333333,1009.69,4,Highly Engaged AI Explorers
U00353,34,Female,14,2.0,65.59357142857142,Digital Marketing,Advanced,3.3785714285714286,10,2.0,918.31,4,Highly Engaged AI Explorers
U00354,35,Male,2,1.0,0.0,Digital Marketing,Beginner,4.550000000000001,1,1.5,0.0,5,Digital Marketing Learners
U00355,15,Female,1,1.0,0.0,Design,Advanced,4.45,1,3.0,0.0,7,Deep Design Learners
U00356,21,Female,15,1.5,41.27733333333333,Artificial Intelligence,Advanced,3.0913333333333335,10,2.2,619.16,4,Highly Engaged AI Explorers
U00357,15,Female,15,1.5,146.132,Artificial Intelligence,Beginner,3.1853333333333333,10,1.7333333333333334,2191.98,4,Highly Engaged AI Explorers
U00358,19,Male,1,1.0,0.0,Project Management,Intermediate,3.45,1,2.0,0.0,0,AI Beginner Learners
U00359,29,Female,1,1.0,0.0,Programming,Beginner,1.28,1,1.0,0.0,2,Cybersecurity Beginners
U00360,32,Male,1,1.0,0.0,Data Science,Intermediate,3.6,1,2.0,0.0,3,Data Science Beginners
U00361,18,Female,1,1.0,0.0,Marketing,Intermediate,4.72,1,2.0,0.0,8,Advanced Marketing Learners
U00362,16,Male,13,1.4444444444444444,85.61769230769231,Programming,Advanced,3.089230769230769,8,2.230769230769231,1113.03,4,Highly Engaged AI Explorers
U00363,32,Female,1,1.0,0.0,Design,Advanced,1.52,1,3.0,0.0,7,Deep Design Learners
U00364,34,Male,1,1.0,0.0,Project Management,Beginner,4.68,1,1.0,0.0,0,AI Beginner Learners
U00365,30,Female,13,1.8571428571428572,38.48307692307692,Marketing,Advanced,2.576923076923077,7,2.230769230769231,500.28000000000003,8,Advanced Marketing Learners
U00366,28,Male,2,1.0,0.0,Artificial Intelligence,Beginner,3.545,2,1.5,0.0,0,AI Beginner Learners
U00367,21,Male,1,1.0,0.0,Web Development,Advanced,2.67,1,3.0,0.0,9,Advanced Web Development Learners
U00368,26,Male,1,1.0,0.0,Design,Advanced,1.52,1,3.0,0.0,7,Deep Design Learners
U00369,19,Male,4,1.3333333333333333,0.0,Business,Advanced,2.665,4,2.5,0.0,1,Business Advanced Learners
U00370,17,Male,2,1.0,303.48,Business,Advanced,3.1950000000000003,2,2.5,606.96,1,Business Advanced Learners
U00371,17,Female,1,1.0,0.0,Data Science,Intermediate,3.02,1,2.0,0.0,3,Data Science Beginners
U00372,23,Male,1,1.0,0.78,Machine Learning,Advanced,3.89,1,3.0,0.78,6,Advanced Machine Learning Learners
U00373,26,Female,1,1.0,0.0,Business,Advanced,2.0,1,3.0,0.0,1,Business Advanced Learners
U00374,28,Female,1,1.0,0.0,Artificial Intelligence,Beginner,3.64,1,1.0,0.0,0,AI Beginner Learners
U00375,34,Female,1,1.0,326.02,Business,Intermediate,2.69,1,2.0,326.02,1,Business Advanced Learners
U00376,29,Male,1,1.0,0.0,Design,Beginner,4.51,1,1.0,0.0,7,Deep Design Learners
U00377,21,Female,1,1.0,177.34,Digital Marketing,Advanced,3.89,1,3.0,177.34,5,Digital Marketing Learners
U00378,21,Female,2,1.0,0.0,Business,Advanced,3.63,2,2.5,0.0,1,Business Advanced Learners
U00379,20,Male,14,2.3333333333333335,218.1692857142857,Marketing,Beginner,3.4035714285714285,8,1.7857142857142858,3054.37,4,Highly Engaged AI Explorers
U00380,23,Female,1,1.0,0.78,Machine Learning,Advanced,3.89,1,3.0,0.78,6,Advanced Machine Learning Learners
U00381,32,Male,1,1.0,0.0,Design,Advanced,4.45,1,3.0,0.0,7,Deep Design Learners
U00382,25,Male,3,1.0,131.42,Cybersecurity,Advanced,2.08,3,2.0,394.26,2,Cybersecurity Beginners
U00383,29,Female,15,1.3636363636363635,111.22666666666667,Artificial Intelligence,Advanced,2.848,10,2.066666666666667,1668.4,4,Highly Engaged AI Explorers
U00384,32,Female,2,1.0,149.785,Data Science,Advanced,2.875,2,2.0,299.57,3,Data Science Beginners
U00385,20,Male,1,1.0,0.0,Machine Learning,Intermediate,1.73,1,2.0,0.0,6,Advanced Machine Learning Learners
U00386,29,Female,2,1.0,149.785,Data Science,Beginner,4.125,2,1.0,299.57,3,Data Science Beginners
U00387,29,Female,1,1.0,0.78,Machine Learning,Advanced,3.89,1,3.0,0.78,6,Advanced Machine Learning Learners
U00388,18,Male,1,1.0,342.61,Project Management,Intermediate,4.84,1,2.0,342.61,0,AI Beginner Learners
U00389,27,Female,1,1.0,0.0,Cybersecurity,Intermediate,1.91,1,2.0,0.0,2,Cybersecurity Beginners
U00390,18,Female,3,1.0,0.0,Web Development,Beginner,3.1266666666666665,2,1.6666666666666667,0.0,9,Advanced Web Development Learners
U00391,19,Female,1,1.0,0.0,Cybersecurity,Intermediate,3.93,1,2.0,0.0,2,Cybersecurity Beginners
U00392,19,Female,1,1.0,327.99,Project Management,Beginner,1.51,1,1.0,327.99,0,AI Beginner Learners
U00393,30,Male,1,1.0,0.0,Cybersecurity,Beginner,4.94,1,1.0,0.0,2,Cybersecurity Beginners
U00394,30,Female,11,1.5714285714285714,3.5154545454545456,Business,Advanced,2.611818181818182,7,2.0,38.67,1,Business Advanced Learners
U00395,22,Female,1,1.0,0.0,Cybersecurity,Beginner,4.94,1,1.0,0.0,2,Cybersecurity Beginners
U00396,30,Male,2,1.0,0.0,Finance,Intermediate,2.915,2,2.0,0.0,2,Cybersecurity Beginners
U00397,16,Male,1,1.0,37.89,Web Development,Advanced,1.3,1,3.0,37.89,9,Advanced Web Development Learners
U00398,27,Female,3,1.0,39.22666666666667,Cybersecurity,Advanced,3.313333333333333,3,2.0,117.68,2,Cybersecurity Beginners
U00399,31,Female,12,1.3333333333333333,137.36333333333332,Artificial Intelligence,Advanced,3.0908333333333338,8,2.1666666666666665,1648.36,4,Highly Engaged AI Explorers
U00400,23,Male,2,1.0,0.0,Machine Learning,Advanced,2.83,2,2.0,0.0,6,Advanced Machine Learning Learners
U00401,21,Female,2,1.0,0.0,Data Science,Beginner,2.95,2,1.5,0.0,3,Data Science Beginners
U00402,23,Male,2,1.0,0.0,Finance,Advanced,2.13,2,3.0,0.0,2,Cybersecurity Beginners
U00403,34,Female,1,1.0,0.0,Finance,Intermediate,4.1,1,2.0,0.0,2,Cybersecurity Beginners
U00404,21,Female,14,1.4,115.54571428571428,Finance,Advanced,3.105714285714286,10,2.2142857142857144,1617.6399999999999,4,Highly Engaged AI Explorers
U00405,24,Male,2,1.0,344.65999999999997,Project Management,Advanced,3.035,1,2.5,689.3199999999999,0,AI Beginner Learners
U00406,33,Male,15,1.6666666666666667,94.49600000000001,Data Science,Beginner,2.902,11,1.8,1417.44,4,Highly Engaged AI Explorers
U00407,23,Male,15,1.875,107.46533333333333,Artificial Intelligence,Intermediate,3.3033333333333332,10,1.9333333333333333,1611.98,4,Highly Engaged AI Explorers
U00408,19,Female,1,1.0,0.0,Business,Advanced,3.15,1,3.0,0.0,1,Business Advanced Learners
U00409,35,Male,2,1.0,0.0,Finance,Advanced,2.85,2,2.5,0.0,2,Cybersecurity Beginners
U00410,33,Male,1,1.0,0.0,Web Development,Advanced,2.67,1,3.0,0.0,9,Advanced Web Development Learners
U00411,17,Female,12,1.5,65.80583333333334,Marketing,Advanced,3.2883333333333336,8,2.3333333333333335,789.6700000000001,8,Advanced Marketing Learners
U00412,24,Female,4,1.0,59.18000000000001,Finance,Intermediate,3.3175,3,2.0,236.72000000000003,2,Cybersecurity Beginners
U00413,23,Male,2,1.0,236.14,Cybersecurity,Beginner,4.335,2,1.5,472.28,2,Cybersecurity Beginners
U00414,25,Male,1,1.0,0.0,Design,Advanced,2.61,1,3.0,0.0,7,Deep Design Learners
U00415,31,Female,13,1.1818181818181819,61.92230769230769,Finance,Advanced,3.1138461538461537,7,2.0,804.99,4,Highly Engaged AI Explorers
U00416,17,Female,2,2.0,0.0,Data Science,Beginner,2.925,2,1.0,0.0,3,Data Science Beginners
U00417,32,Female,2,1.0,0.0,Artificial Intelligence,Beginner,2.92,2,1.0,0.0,0,AI Beginner Learners
U00418,23,Female,3,1.0,176.26333333333332,Artificial Intelligence,Beginner,2.3266666666666667,3,1.6666666666666667,528.79,0,AI Beginner Learners
U00419,21,Female,1,1.0,0.78,Machine Learning,Advanced,3.89,1,3.0,0.78,6,Advanced Machine Learning Learners
U00420,24,Female,1,1.0,327.99,Project Management,Beginner,1.51,1,1.0,327.99,0,AI Beginner Learners
U00421,32,Male,1,1.0,0.0,Design,Advanced,4.45,1,3.0,0.0,7,Deep Design Learners
U00422,15,Female,3,1.0,95.01666666666667,Business,Beginner,2.8266666666666667,3,1.6666666666666667,285.05,1,Business Advanced Learners
U00423,27,Female,12,1.7142857142857142,133.435,Artificial Intelligence,Beginner,3.0866666666666664,6,1.8333333333333333,1601.22,4,Highly Engaged AI Explorers
U00424,35,Male,11,1.375,110.33818181818182,Artificial Intelligence,Advanced,3.1900000000000004,7,2.090909090909091,1213.72,4,Highly Engaged AI Explorers
U00425,19,Male,1,1.0,490.9,Artificial Intelligence,Beginner,4.55,1,1.0,490.9,0,AI Beginner Learners
U00426,21,Male,4,1.0,118.07,Programming,Beginner,3.6750000000000003,3,1.0,472.28,2,Cybersecurity Beginners
U00427,29,Female,16,1.6,85.889375,Artificial Intelligence,Beginner,3.033125,9,1.9375,1374.23,4,Highly Engaged AI Explorers
U00428,23,Male,1,1.0,0.0,Marketing,Advanced,2.98,1,3.0,0.0,8,Advanced Marketing Learners
U00429,23,Female,1,1.0,0.0,Finance,Intermediate,4.1,1,2.0,0.0,2,Cybersecurity Beginners
U00430,27,Male,1,1.0,487.92,Business,Advanced,3.64,1,3.0,487.92,1,Business Advanced Learners
U00431,15,Female,1,1.0,487.92,Business,Advanced,3.64,1,3.0,487.92,1,Business Advanced Learners
U00432,31,Male,1,1.0,0.0,Marketing,Advanced,4.79,1,3.0,0.0,8,Advanced Marketing Learners
U00433,32,Female,1,1.0,276.37,Design,Advanced,2.72,1,3.0,276.37,7,Deep Design Learners
U00434,22,Male,1,1.0,177.34,Digital Marketing,Advanced,3.89,1,3.0,177.34,5,Digital Marketing Learners
U00435,34,Female,1,1.0,119.04,Finance,Intermediate,2.75,1,2.0,119.04,2,Cybersecurity Beginners
U00436,20,Female,1,1.0,490.9,Artificial Intelligence,Beginner,4.55,1,1.0,490.9,0,AI Beginner Learners
U00437,28,Male,3,1.0,0.0,Data Science,Beginner,3.6666666666666665,3,1.6666666666666667,0.0,3,Data Science Beginners
U00438,21,Male,14,1.75,45.23285714285714,Cybersecurity,Advanced,3.3907142857142856,10,2.2142857142857144,633.26,4,Highly Engaged AI Explorers
U00439,31,Female,1,1.0,0.0,Design,Advanced,1.52,1,3.0,0.0,7,Deep Design Learners
U00440,20,Female,1,1.0,0.0,Web Development,Advanced,2.67,1,3.0,0.0,9,Advanced Web Development Learners
U00441,19,Male,1,1.0,37.89,Web Development,Advanced,1.3,1,3.0,37.89,9,Advanced Web Development Learners
U00442,21,Female,1,1.0,285.05,Business,Beginner,1.96,1,1.0,285.05,1,Business Advanced Learners
U00443,21,Female,2,1.0,489.40999999999997,Artificial Intelligence,Advanced,4.095,2,2.0,978.8199999999999,0,AI Beginner Learners
U00444,15,Female,13,1.8571428571428572,120.62923076923077,Data Science,Advanced,3.7700000000000005,10,2.3846153846153846,1568.18,4,Highly Engaged AI Explorers
U00445,31,Female,1,1.0,285.05,Business,Beginner,1.96,1,1.0,285.05,1,Business Advanced Learners
U00446,19,Female,2,1.0,26.93,Finance,Beginner,2.895,2,1.0,53.86,2,Cybersecurity Beginners
U00447,23,Male,1,1.0,0.0,Data Science,Intermediate,3.02,1,2.0,0.0,3,Data Science Beginners
U00448,27,Male,3,1.0,0.0,Cybersecurity,Intermediate,3.8366666666666673,2,1.6666666666666667,0.0,2,Cybersecurity Beginners
U00449,33,Female,14,1.5555555555555556,94.86,Data Science,Advanced,2.9135714285714287,10,2.0,1328.04,4,Highly Engaged AI Explorers
U00450,20,Male,12,1.3333333333333333,105.20333333333333,Business,Advanced,3.125,7,2.25,1262.44,4,Highly Engaged AI Explorers
U00451,20,Male,1,1.0,248.1,Artificial Intelligence,Beginner,1.2,1,1.0,248.1,0,AI Beginner Learners
U00452,23,Male,3,1.0,19.106666666666666,Finance,Advanced,3.706666666666667,3,3.0,57.32,2,Cybersecurity Beginners
U00453,20,Male,1,1.0,490.9,Artificial Intelligence,Beginner,4.55,1,1.0,490.9,0,AI Beginner Learners
U00454,28,Female,4,1.3333333333333333,189.53,Project Management,Beginner,3.4774999999999996,3,1.5,758.12,0,AI Beginner Learners
U00455,19,Male,3,1.0,0.0,Artificial Intelligence,Beginner,3.24,3,1.3333333333333333,0.0,0,AI Beginner Learners
U00456,24,Female,2,1.0,0.0,Data Science,Beginner,2.58,2,1.5,0.0,3,Data Science Beginners
U00457,34,Female,2,1.0,18.945,Marketing,Advanced,3.045,2,3.0,37.89,8,Advanced Marketing Learners
U00458,31,Female,4,1.3333333333333333,51.8175,Artificial Intelligence,Advanced,3.0324999999999998,4,2.5,207.27,0,AI Beginner Learners
U00459,22,Male,1,1.0,0.0,Project Management,Intermediate,3.45,1,2.0,0.0,0,AI Beginner Learners
U00460,24,Female,2,1.0,207.755,Artificial Intelligence,Beginner,3.38,2,1.5,415.51,0,AI Beginner Learners
U00461,21,Female,2,1.0,245.45,Artificial Intelligence,Beginner,4.640000000000001,2,1.5,490.9,0,AI Beginner Learners
U00462,30,Male,2,1.0,163.01,Business,Advanced,3.74,2,2.5,326.02,1,Business Advanced Learners
U00463,18,Female,1,1.0,0.0,Project Management,Intermediate,3.45,1,2.0,0.0,0,AI Beginner Learners
U00464,25,Male,12,1.3333333333333333,85.33833333333332,Design,Beginner,2.8266666666666667,7,1.8333333333333333,1024.06,4,Highly Engaged AI Explorers
U00465,26,Male,1,1.0,0.78,Machine Learning,Advanced,3.89,1,3.0,0.78,6,Advanced Machine Learning Learners
U00466,32,Female,2,1.0,106.195,Digital Marketing,Advanced,3.9349999999999996,2,2.5,212.39,5,Digital Marketing Learners
U00467,34,Male,1,1.0,0.0,Cybersecurity,Advanced,2.38,1,3.0,0.0,2,Cybersecurity Beginners
U00468,19,Female,1,1.0,0.0,Cybersecurity,Beginner,4.94,1,1.0,0.0,2,Cybersecurity Beginners
U00469,20,Female,2,1.0,0.0,Machine Learning,Advanced,1.9,2,2.0,0.0,6,Advanced Machine Learning Learners
U00470,18,Female,1,1.0,89.59,Artificial Intelligence,Intermediate,2.68,1,2.0,89.59,0,AI Beginner Learners
U00471,31,Female,1,1.0,0.0,Digital Marketing,Beginner,4.44,1,1.0,0.0,5,Digital Marketing Learners
U00472,22,Female,1,1.0,0.0,Project Management,Beginner,4.68,1,1.0,0.0,0,AI Beginner Learners
U00473,32,Female,3,1.0,114.20333333333333,Machine Learning,Beginner,3.0966666666666662,3,1.3333333333333333,342.61,6,Advanced Machine Learning Learners
U00474,31,Male,1,1.0,57.32,Web Development,Advanced,4.74,1,3.0,57.32,9,Advanced Web Development Learners
U00475,24,Male,3,1.5,201.45333333333335,Data Science,Advanced,2.4166666666666665,3,2.0,604.36,3,Data Science Beginners
U00476,29,Female,2,1.0,138.185,Design,Advanced,2.1550000000000002,2,3.0,276.37,7,Deep Design Learners
U00477,19,Male,1,1.0,37.89,Web Development,Advanced,1.3,1,3.0,37.89,9,Advanced Web Development Learners
U00478,30,Male,2,1.0,28.66,Machine Learning,Advanced,3.2350000000000003,2,2.5,57.32,6,Advanced Machine Learning Learners
U00479,33,Male,2,1.0,0.0,Cybersecurity,Advanced,2.8499999999999996,2,2.0,0.0,2,Cybersecurity Beginners
U00480,20,Female,1,1.0,0.0,Digital Marketing,Intermediate,4.66,1,2.0,0.0,5,Digital Marketing Learners
U00481,32,Female,1,1.0,326.02,Business,Intermediate,2.69,1,2.0,326.02,1,Business Advanced Learners
U00482,33,Female,1,1.0,0.0,Digital Marketing,Intermediate,4.66,1,2.0,0.0,5,Digital Marketing Learners
U00483,22,Male,1,1.0,487.92,Business,Advanced,3.64,1,3.0,487.92,1,Business Advanced Learners
U00484,16,Male,2,1.0,0.0,Data Science,Intermediate,2.725,2,2.0,0.0,3,Data Science Beginners
U00485,29,Female,1,1.0,0.0,Project Management,Beginner,4.68,1,1.0,0.0,0,AI Beginner Learners
U00486,21,Female,2,1.0,0.0,Machine Learning,Intermediate,4.09,2,2.0,0.0,6,Advanced Machine Learning Learners
U00487,15,Female,2,2.0,0.0,Data Science,Beginner,3.335,1,1.5,0.0,3,Data Science Beginners
U00488,20,Male,2,1.0,59.52,Design,Advanced,2.6799999999999997,2,2.5,119.04,7,Deep Design Learners
U00489,18,Male,3,1.0,149.37333333333333,Cybersecurity,Beginner,1.6500000000000001,3,1.3333333333333333,448.12,2,Cybersecurity Beginners
U00490,33,Male,1,1.0,0.0,Business,Advanced,3.15,1,3.0,0.0,1,Business Advanced Learners
U00491,20,Male,1,1.0,394.26,Cybersecurity,Intermediate,1.35,1,2.0,394.26,2,Cybersecurity Beginners
U00492,20,Female,1,1.0,177.34,Digital Marketing,Advanced,3.89,1,3.0,177.34,5,Digital Marketing Learners
U00493,30,Male,1,1.0,0.0,Project Management,Intermediate,3.45,1,2.0,0.0,0,AI Beginner Learners
U00494,26,Male,13,1.625,77.46153846153847,Artificial Intelligence,Advanced,3.180769230769231,10,2.1538461538461537,1007.0,4,Highly Engaged AI Explorers
U00495,35,Female,2,1.0,142.525,Business,Beginner,3.235,2,1.0,285.05,1,Business Advanced Learners
U00496,29,Female,1,1.0,0.0,Cybersecurity,Advanced,2.38,1,3.0,0.0,2,Cybersecurity Beginners
U00497,21,Female,3,1.0,0.0,Web Development,Beginner,3.0533333333333332,2,1.0,0.0,9,Advanced Web Development Learners
U00498,20,Female,3,1.0,0.0,Digital Marketing,Intermediate,4.073333333333333,3,2.0,0.0,5,Digital Marketing Learners
U00499,21,Male,1,1.0,415.51,Artificial Intelligence,Intermediate,3.11,1,2.0,415.51,0,AI Beginner Learners
U00500,16,Female,2,1.0,295.355,Artificial Intelligence,Beginner,3.02,2,1.5,590.71,0,AI Beginner Learners
U00501,26,Female,1,1.0,0.0,Cybersecurity,Intermediate,3.93,1,2.0,0.0,2,Cybersecurity Beginners
U00502,22,Female,2,2.0,0.39,Machine Learning,Advanced,3.87,2,2.0,0.78,6,Advanced Machine Learning Learners
U00503,15,Male,2,1.0,0.0,Design,Beginner,4.475,2,1.0,0.0,7,Deep Design Learners
U00504,16,Male,2,1.0,0.0,Cybersecurity,Beginner,3.625,2,1.5,0.0,2,Cybersecurity Beginners
U00505,17,Male,1,1.0,0.0,Finance,Intermediate,4.1,1,2.0,0.0,2,Cybersecurity Beginners
U00506,33,Female,1,1.0,0.0,Data Science,Intermediate,3.6,1,2.0,0.0,3,Data Science Beginners
U00507,15,Male,2,1.0,88.67,Data Science,Advanced,3.455,2,2.5,177.34,3,Data Science Beginners
U00508,28,Female,1,1.0,0.0,Digital Marketing,Beginner,4.44,1,1.0,0.0,5,Digital Marketing Learners
U00509,20,Female,1,1.0,0.0,Finance,Beginner,4.14,1,1.0,0.0,2,Cybersecurity Beginners
U00510,15,Male,1,1.0,0.0,Business,Advanced,2.0,1,3.0,0.0,1,Business Advanced Learners
U00511,28,Male,1,1.0,0.0,Marketing,Advanced,2.98,1,3.0,0.0,8,Advanced Marketing Learners
U00512,22,Male,2,1.0,163.01,Business,Advanced,2.14,2,2.5,326.02,1,Business Advanced Learners
U00513,25,Male,1,1.0,0.0,Digital Marketing,Beginner,4.44,1,1.0,0.0,5,Digital Marketing Learners
U00514,30,Female,3,1.5,196.65333333333334,Programming,Beginner,3.3966666666666665,2,1.6666666666666667,589.96,2,Cybersecurity Beginners
U00515,19,Female,2,1.0,0.0,Business,Advanced,3.085,2,2.5,0.0,1,Business Advanced Learners
U00516,33,Female,1,1.0,177.34,Digital Marketing,Advanced,3.89,1,3.0,177.34,5,Digital Marketing Learners
U00517,22,Female,1,1.0,0.0,Data Science,Intermediate,3.6,1,2.0,0.0,3,Data Science Beginners
U00518,20,Female,1,1.0,415.51,Artificial Intelligence,Intermediate,3.11,1,2.0,415.51,0,AI Beginner Learners
U00519,27,Female,1,1.0,0.0,Data Science,Intermediate,3.6,1,2.0,0.0,3,Data Science Beginners
U00520,29,Male,1,1.0,0.0,Data Science,Intermediate,3.6,1,2.0,0.0,3,Data Science Beginners
U00521,26,Female,1,1.0,0.0,Machine Learning,Advanced,1.81,1,3.0,0.0,6,Advanced Machine Learning Learners
U00522,21,Male,1,1.0,0.0,Project Management,Beginner,4.68,1,1.0,0.0,0,AI Beginner Learners
U00523,31,Male,1,1.0,342.61,Project Management,Intermediate,4.84,1,2.0,342.61,0,AI Beginner Learners
U00524,24,Male,2,1.0,59.52,Finance,Beginner,3.445,1,1.5,119.04,2,Cybersecurity Beginners
U00525,31,Male,1,1.0,0.0,Digital Marketing,Intermediate,4.66,1,2.0,0.0,5,Digital Marketing Learners
U00526,24,Male,1,1.0,0.0,Artificial Intelligence,Beginner,3.64,1,1.0,0.0,0,AI Beginner Learners
U00527,18,Male,2,1.0,0.0,Digital Marketing,Advanced,3.8200000000000003,2,2.5,0.0,5,Digital Marketing Learners
U00528,26,Female,1,1.0,0.0,Programming,Beginner,1.28,1,1.0,0.0,2,Cybersecurity Beginners
U00529,25,Male,2,1.0,0.0,Marketing,Advanced,2.105,2,2.0,0.0,8,Advanced Marketing Learners
U00530,35,Female,1,1.0,53.86,Finance,Beginner,2.47,1,1.0,53.86,2,Cybersecurity Beginners
U00531,24,Male,2,1.0,197.13,Cybersecurity,Beginner,2.8950000000000005,2,1.5,394.26,2,Cybersecurity Beginners
U00532,15,Female,1,1.0,472.28,Programming,Beginner,4.74,1,1.0,472.28,0,AI Beginner Learners
U00533,29,Male,2,1.0,0.0,Design,Advanced,3.665,2,2.5,0.0,7,Deep Design Learners
U00534,27,Female,4,1.0,44.335,Digital Marketing,Advanced,2.83,4,2.0,177.34,5,Digital Marketing Learners
U00535,23,Male,2,1.0,207.755,Artificial Intelligence,Intermediate,3.52,2,2.0,415.51,0,AI Beginner Learners
U00536,35,Female,1,1.0,0.0,Project Management,Intermediate,3.45,1,2.0,0.0,0,AI Beginner Learners
U00537,25,Female,2,1.0,173.355,Marketing,Advanced,3.01,2,3.0,346.71,8,Advanced Marketing Learners
U00538,20,Male,1,1.0,0.0,Business,Advanced,3.15,1,3.0,0.0,1,Business Advanced Learners
U00539,25,Male,1,1.0,299.57,Data Science,Beginner,3.74,1,1.0,299.57,3,Data Science Beginners
U00540,15,Male,1,1.0,53.86,Finance,Beginner,2.47,1,1.0,53.86,2,Cybersecurity Beginners
U00541,19,Male,3,1.0,110.02333333333333,Data Science,Advanced,3.39,3,3.0,330.07,3,Data Science Beginners
U00542,32,Male,1,1.0,0.0,Business,Advanced,3.15,1,3.0,0.0,1,Business Advanced Learners
U00543,18,Female,13,1.3,105.47846153846154,Artificial Intelligence,Intermediate,2.9076923076923076,10,1.7692307692307692,1371.22,4,Highly Engaged AI Explorers
U00544,30,Male,1,1.0,0.0,Programming,Beginner,3.85,1,1.0,0.0,2,Cybersecurity Beginners
U00545,18,Female,1,1.0,0.0,Artificial Intelligence,Beginner,3.64,1,1.0,0.0,0,AI Beginner Learners
U00546,25,Male,1,1.0,0.0,Finance,Intermediate,4.1,1,2.0,0.0,2,Cybersecurity Beginners
U00547,19,Female,1,1.0,177.34,Digital Marketing,Advanced,3.89,1,3.0,177.34,5,Digital Marketing Learners
U00548,32,Female,14,1.5555555555555556,137.2892857142857,Business,Advanced,2.8528571428571428,9,2.2142857142857144,1922.05,4,Highly Engaged AI Explorers
U00549,17,Female,1,1.0,53.86,Finance,Beginner,2.47,1,1.0,53.86,2,Cybersecurity Beginners
U00550,17,Male,2,1.0,0.0,Design,Advanced,2.6399999999999997,2,3.0,0.0,7,Deep Design Learners
U00551,35,Male,4,1.3333333333333333,58.665,Data Science,Advanced,4.105,4,2.0,234.66,3,Data Science Beginners
U00552,30,Female,2,1.0,0.0,Machine Learning,Beginner,2.005,2,1.0,0.0,6,Advanced Machine Learning Learners
U00553,15,Male,2,1.0,0.0,Business,Advanced,3.225,2,3.0,0.0,1,Business Advanced Learners
U00554,18,Male,1,1.0,285.05,Business,Beginner,1.96,1,1.0,285.05,1,Business Advanced Learners
U00555,17,Female,1,1.0,415.51,Artificial Intelligence,Intermediate,3.11,1,2.0,415.51,0,AI Beginner Learners
U00556,25,Female,14,1.5555555555555556,93.98,Design,Beginner,3.281428571428571,9,1.8571428571428572,1315.72,4,Highly Engaged AI Explorers
U00557,31,Male,2,1.0,0.39,Machine Learning,Advanced,4.34,2,3.0,0.78,6,Advanced Machine Learning Learners
U00558,32,Male,1,1.0,0.0,Finance,Beginner,4.14,1,1.0,0.0,2,Cybersecurity Beginners
U00559,20,Male,11,1.8333333333333333,65.38272727272728,Artificial Intelligence,Beginner,2.5172727272727276,9,1.8181818181818181,719.21,4,Highly Engaged AI Explorers
U00560,32,Male,2,1.0,395.235,Artificial Intelligence,Beginner,4.145,2,1.0,790.47,0,AI Beginner Learners
U00561,33,Male,1,1.0,0.0,Project Management,Beginner,4.68,1,1.0,0.0,0,AI Beginner Learners
U00562,23,Female,15,1.875,106.56333333333333,Finance,Advanced,2.4859999999999998,10,2.066666666666667,1598.45,4,Highly Engaged AI Explorers
U00563,31,Female,2,1.0,0.0,Business,Advanced,3.22,2,2.0,0.0,1,Business Advanced Learners
U00564,15,Male,1,1.0,53.86,Finance,Beginner,2.47,1,1.0,53.86,2,Cybersecurity Beginners
U00565,28,Male,2,1.0,124.05,Artificial Intelligence,Beginner,1.67,2,1.0,248.1,0,AI Beginner Learners
U00566,31,Male,2,1.0,0.39,Digital Marketing,Advanced,4.275,2,2.5,0.78,5,Digital Marketing Learners
U00567,20,Male,1,1.0,285.05,Business,Beginner,1.96,1,1.0,285.05,1,Business Advanced Learners
U00568,16,Female,1,1.0,0.0,Business,Advanced,3.15,1,3.0,0.0,1,Business Advanced Learners
U00569,15,Female,14,2.0,75.96071428571429,Project Management,Advanced,3.0749999999999997,7,2.2857142857142856,1063.45,4,Highly Engaged AI Explorers
U00570,27,Male,14,1.4,55.54785714285714,Artificial Intelligence,Beginner,3.4992857142857146,9,1.7857142857142858,777.67,4,Highly Engaged AI Explorers
U00571,22,Female,2,1.0,0.0,Design,Beginner,4.324999999999999,2,1.0,0.0,7,Deep Design Learners
U00572,32,Male,13,1.625,43.636923076923075,Cybersecurity,Advanced,3.1284615384615386,9,2.076923076923077,567.28,4,Highly Engaged AI Explorers
U00573,30,Male,11,2.2,95.20818181818181,Cybersecurity,Intermediate,3.0790909090909087,8,2.0,1047.29,4,Highly Engaged AI Explorers
U00574,33,Female,14,1.5555555555555556,55.686428571428564,Artificial Intelligence,Advanced,2.6185714285714288,9,2.4285714285714284,779.6099999999999,4,Highly Engaged AI Explorers
U00575,35,Male,1,1.0,0.0,Finance,Intermediate,4.1,1,2.0,0.0,2,Cybersecurity Beginners
U00576,16,Male,13,2.1666666666666665,77.05692307692308,Digital Marketing,Advanced,3.3969230769230774,9,2.230769230769231,1001.74,4,Highly Engaged AI Explorers
U00577,17,Female,1,1.0,342.61,Project Management,Intermediate,4.84,1,2.0,342.61,0,AI Beginner Learners
U00578,26,Male,1,1.0,0.0,Digital Marketing,Intermediate,4.66,1,2.0,0.0,5,Digital Marketing Learners
U00579,34,Male,1,1.0,0.0,Programming,Beginner,3.85,1,1.0,0.0,2,Cybersecurity Beginners
U00580,24,Female,3,1.0,0.0,Cybersecurity,Beginner,2.75,3,1.3333333333333333,0.0,2,Cybersecurity Beginners
U00581,32,Female,2,1.0,44.795,Artificial Intelligence,Advanced,2.675,2,2.5,89.59,0,AI Beginner Learners
U00582,26,Male,1,1.0,0.0,Programming,Beginner,2.88,1,1.0,0.0,2,Cybersecurity Beginners
U00583,21,Female,1,1.0,0.0,Cybersecurity,Advanced,2.38,1,3.0,0.0,2,Cybersecurity Beginners
U00584,31,Female,14,1.5555555555555556,182.84642857142856,Finance,Intermediate,2.7164285714285716,8,2.2142857142857144,2559.85,4,Highly Engaged AI Explorers
U00585,19,Female,2,1.0,0.0,Machine Learning,Beginner,2.2249999999999996,2,1.0,0.0,6,Advanced Machine Learning Learners
U00586,21,Male,1,1.0,299.57,Data Science,Beginner,3.74,1,1.0,299.57,3,Data Science Beginners
U00587,22,Female,2,1.0,173.355,Programming,Advanced,2.54,2,2.0,346.71,2,Cybersecurity Beginners
U00588,24,Male,1,1.0,57.32,Web Development,Advanced,4.74,1,3.0,57.32,9,Advanced Web Development Learners
U00589,19,Female,1,1.0,0.0,Design,Advanced,1.52,1,3.0,0.0,7,Deep Design Learners
U00590,19,Male,1,1.0,0.0,Business,Advanced,3.15,1,3.0,0.0,1,Business Advanced Learners
U00591,35,Male,2,1.0,0.0,Data Science,Beginner,2.87,2,1.5,0.0,3,Data Science Beginners
U00592,18,Female,14,1.75,68.79857142857142,Artificial Intelligence,Beginner,3.4057142857142857,8,1.7142857142857142,963.18,4,Highly Engaged AI Explorers
U00593,23,Male,2,1.0,44.795,Artificial Intelligence,Advanced,2.3449999999999998,2,2.5,89.59,0,AI Beginner Learners
U00594,20,Male,1,1.0,0.0,Programming,Beginner,3.85,1,1.0,0.0,2,Cybersecurity Beginners
U00595,29,Male,14,1.5555555555555556,76.81857142857143,Design,Beginner,2.6028571428571428,9,1.9285714285714286,1075.46,4,Highly Engaged AI Explorers
U00596,26,Male,2,2.0,88.67,Digital Marketing,Advanced,3.605,2,2.0,177.34,5,Digital Marketing Learners
U00597,28,Female,1,1.0,248.1,Artificial Intelligence,Beginner,1.2,1,1.0,248.1,0,AI Beginner Learners
U00598,28,Male,1,1.0,415.51,Artificial Intelligence,Intermediate,3.11,1,2.0,415.51,0,AI Beginner Learners
U00599,33,Male,1,1.0,0.0,Machine Learning,Intermediate,1.73,1,2.0,0.0,6,Advanced Machine Learning Learners
U00600,21,Male,1,1.0,0.0,Digital Marketing,Beginner,2.14,1,1.0,0.0,5,Digital Marketing Learners
U00601,24,Male,1,1.0,0.0,Web Development,Advanced,2.67,1,3.0,0.0,9,Advanced Web Development Learners
U00602,25,Female,3,1.0,0.0,Digital Marketing,Beginner,3.85,3,1.3333333333333333,0.0,5,Digital Marketing Learners
U00603,35,Male,2,1.0,0.39,Finance,Advanced,3.995,2,2.5,0.78,2,Cybersecurity Beginners
U00604,30,Female,14,1.5555555555555556,47.317142857142855,Machine Learning,Advanced,2.843571428571429,9,2.0,662.4399999999999,4,Highly Engaged AI Explorers
U00605,30,Female,3,1.5,39.22666666666667,Artificial Intelligence,Advanced,3.643333333333333,3,2.0,117.68,0,AI Beginner Learners
U00606,33,Female,2,2.0,0.0,Business,Advanced,3.255,2,2.0,0.0,1,Business Advanced Learners
U00607,30,Male,2,1.0,142.995,Artificial Intelligence,Advanced,1.25,2,2.0,285.99,0,AI Beginner Learners
U00608,31,Male,1,1.0,0.0,Programming,Intermediate,2.43,1,2.0,0.0,2,Cybersecurity Beginners
U00609,33,Female,4,1.3333333333333333,81.9975,Business,Advanced,2.8275,4,2.0,327.99,1,Business Advanced Learners
U00610,19,Male,1,1.0,0.0,Marketing,Advanced,4.79,1,3.0,0.0,8,Advanced Marketing Learners
U00611,30,Male,2,1.0,207.755,Artificial Intelligence,Intermediate,3.065,2,2.0,415.51,0,AI Beginner Learners
U00612,23,Male,1,1.0,57.32,Web Development,Advanced,4.74,1,3.0,57.32,9,Advanced Web Development Learners
U00613,24,Male,2,1.0,245.45,Artificial Intelligence,Beginner,2.915,2,1.0,490.9,0,AI Beginner Learners
U00614,23,Female,1,1.0,0.0,Digital Marketing,Beginner,4.44,1,1.0,0.0,5,Digital Marketing Learners
U00615,20,Male,1,1.0,0.0,Business,Advanced,3.15,1,3.0,0.0,1,Business Advanced Learners
U00616,19,Female,2,1.0,0.0,Cybersecurity,Beginner,3.035,2,1.5,0.0,2,Cybersecurity Beginners
U00617,18,Female,1,1.0,0.0,Data Science,Intermediate,3.02,1,2.0,0.0,3,Data Science Beginners
U00618,22,Male,1,1.0,0.0,Digital Marketing,Beginner,2.14,1,1.0,0.0,5,Digital Marketing Learners
U00619,32,Female,12,1.5,53.054166666666674,Cybersecurity,Intermediate,3.4450000000000003,9,2.1666666666666665,636.6500000000001,4,Highly Engaged AI Explorers
U00620,30,Male,1,1.0,0.0,Finance,Advanced,1.59,1,3.0,0.0,2,Cybersecurity Beginners
U00621,20,Male,2,2.0,0.0,Programming,Advanced,1.975,2,2.0,0.0,2,Cybersecurity Beginners
U00622,28,Female,13,1.625,40.31153846153846,Data Science,Advanced,3.5276923076923077,8,2.230769230769231,524.05,4,Highly Engaged AI Explorers
U00623,23,Female,2,1.0,59.52,Digital Marketing,Intermediate,3.705,2,2.0,119.04,5,Digital Marketing Learners
U00624,34,Female,2,1.0,0.0,Design,Beginner,3.915,2,1.0,0.0,7,Deep Design Learners
U00625,28,Male,4,1.3333333333333333,98.565,Cybersecurity,Intermediate,3.1950000000000003,3,2.25,394.26,2,Cybersecurity Beginners
U00626,19,Male,1,1.0,177.34,Digital Marketing,Advanced,3.89,1,3.0,177.34,5,Digital Marketing Learners
U00627,34,Female,4,1.3333333333333333,121.98,Machine Learning,Beginner,1.945,3,1.75,487.92,6,Advanced Machine Learning Learners
U00628,32,Female,2,1.0,236.14,Programming,Beginner,4.03,2,1.0,472.28,2,Cybersecurity Beginners
U00629,20,Female,1,1.0,0.0,Design,Advanced,2.61,1,3.0,0.0,7,Deep Design Learners
U00630,17,Male,3,1.0,98.79333333333334,Finance,Advanced,3.5933333333333333,2,2.0,296.38,2,Cybersecurity Beginners
U00631,20,Male,2,2.0,0.0,Cybersecurity,Advanced,4.19,2,2.5,0.0,2,Cybersecurity Beginners
U00632,26,Female,1,1.0,0.0,Machine Learning,Advanced,1.81,1,3.0,0.0,6,Advanced Machine Learning Learners
U00633,35,Female,14,2.0,84.10357142857143,Business,Advanced,2.855,9,2.357142857142857,1177.45,4,Highly Engaged AI Explorers
U00634,15,Female,3,1.0,92.12333333333333,Design,Advanced,3.44,2,3.0,276.37,7,Deep Design Learners
U00635,26,Female,1,1.0,0.0,Machine Learning,Intermediate,4.73,1,2.0,0.0,6,Advanced Machine Learning Learners
U00636,21,Female,13,1.625,130.9023076923077,Business,Beginner,3.174615384615385,10,1.9230769230769231,1701.73,4,Highly Engaged AI Explorers
U00637,22,Female,2,1.0,264.8,Programming,Advanced,4.74,2,2.0,529.6,2,Cybersecurity Beginners
U00638,19,Female,2,1.0,28.66,Web Development,Advanced,3.705,1,3.0,57.32,9,Advanced Web Development Learners
U00639,33,Female,14,1.75,72.20428571428572,Cybersecurity,Advanced,3.0192857142857146,8,2.142857142857143,1010.86,4,Highly Engaged AI Explorers
U00640,31,Male,1,1.0,490.9,Artificial Intelligence,Beginner,4.55,1,1.0,490.9,0,AI Beginner Learners
U00641,32,Male,1,1.0,342.61,Project Management,Intermediate,4.84,1,2.0,342.61,0,AI Beginner Learners
U00642,17,Male,2,1.0,0.0,Business,Advanced,2.66,2,2.0,0.0,1,Business Advanced Learners
U00643,20,Female,1,1.0,327.99,Project Management,Beginner,1.51,1,1.0,327.99,0,AI Beginner Learners
U00644,20,Female,1,1.0,0.0,Programming,Beginner,2.88,1,1.0,0.0,2,Cybersecurity Beginners
U00645,23,Female,1,1.0,299.57,Data Science,Beginner,3.74,1,1.0,299.57,3,Data Science Beginners
U00646,29,Female,1,1.0,0.0,Programming,Beginner,2.88,1,1.0,0.0,2,Cybersecurity Beginners
U00647,26,Female,1,1.0,487.92,Business,Advanced,3.64,1,3.0,487.92,1,Business Advanced Learners
U00648,19,Male,2,1.0,236.14,Digital Marketing,Beginner,4.7,2,1.5,472.28,5,Digital Marketing Learners
U00649,32,Male,1,1.0,415.51,Artificial Intelligence,Intermediate,3.11,1,2.0,415.51,0,AI Beginner Learners
U00650,26,Female,1,1.0,0.0,Marketing,Intermediate,4.72,1,2.0,0.0,8,Advanced Marketing Learners
U00651,29,Male,4,1.3333333333333333,74.095,Programming,Beginner,3.3425000000000002,3,1.75,296.38,2,Cybersecurity Beginners
U00652,16,Female,2,1.0,197.13,Cybersecurity,Beginner,2.335,2,1.5,394.26,2,Cybersecurity Beginners
U00653,15,Male,1,1.0,346.71,Project Management,Advanced,1.23,1,3.0,346.71,0,AI Beginner Learners
U00654,24,Male,2,1.0,26.93,Finance,Beginner,1.875,2,1.0,53.86,2,Cybersecurity Beginners
U00655,33,Female,1,1.0,53.86,Finance,Beginner,2.47,1,1.0,53.86,2,Cybersecurity Beginners
U00656,31,Male,1,1.0,0.0,Finance,Beginner,4.14,1,1.0,0.0,2,Cybersecurity Beginners
U00657,23,Male,1,1.0,89.59,Artificial Intelligence,Intermediate,2.68,1,2.0,89.59,0,AI Beginner Learners
U00658,23,Female,1,1.0,0.0,Digital Marketing,Intermediate,4.66,1,2.0,0.0,5,Digital Marketing Learners
U00659,33,Male,2,1.0,0.0,Finance,Beginner,4.41,2,1.0,0.0,2,Cybersecurity Beginners
U00660,22,Male,2,1.0,288.755,Artificial Intelligence,Advanced,3.16,2,2.5,577.51,0,AI Beginner Learners
U00661,23,Female,4,1.0,53.0975,Programming,Intermediate,2.87,3,2.0,212.39,2,Cybersecurity Beginners
U00662,30,Female,1,1.0,285.05,Business,Beginner,1.96,1,1.0,285.05,1,Business Advanced Learners
U00663,35,Male,1,1.0,285.05,Business,Beginner,1.96,1,1.0,285.05,1,Business Advanced Learners
U00664,17,Male,1,1.0,117.68,Data Science,Advanced,2.57,1,3.0,117.68,3,Data Science Beginners
U00665,35,Male,1,1.0,37.89,Web Development,Advanced,1.3,1,3.0,37.89,9,Advanced Web Development Learners
U00666,30,Female,12,1.7142857142857142,80.81,Project Management,Advanced,2.910833333333333,9,2.25,969.72,4,Highly Engaged AI Explorers
U00667,18,Female,2,1.0,106.195,Digital Marketing,Advanced,3.065,2,3.0,212.39,5,Digital Marketing Learners
U00668,34,Female,2,1.0,0.0,Marketing,Advanced,4.32,2,2.0,0.0,8,Advanced Marketing Learners
U00669,20,Female,1,1.0,248.1,Artificial Intelligence,Beginner,1.2,1,1.0,248.1,0,AI Beginner Learners
U00670,17,Male,2,1.0,0.0,Cybersecurity,Beginner,4.52,2,1.5,0.0,2,Cybersecurity Beginners
U00671,18,Female,1,1.0,0.0,Business,Advanced,3.15,1,3.0,0.0,1,Business Advanced Learners
U00672,15,Male,1,1.0,0.0,Marketing,Intermediate,4.11,1,2.0,0.0,8,Advanced Marketing Learners
U00673,24,Female,2,1.0,190.25,Project Management,Advanced,3.07,2,2.5,380.5,0,AI Beginner Learners
U00674,21,Male,1,1.0,0.0,Business,Advanced,2.0,1,3.0,0.0,1,Business Advanced Learners
U00675,20,Female,1,1.0,0.0,Marketing,Advanced,2.01,1,3.0,0.0,8,Advanced Marketing Learners
U00676,32,Male,2,2.0,0.0,Design,Advanced,3.1550000000000002,2,3.0,0.0,7,Deep Design Learners
U00677,35,Female,1,1.0,415.51,Artificial Intelligence,Intermediate,3.11,1,2.0,415.51,0,AI Beginner Learners
U00678,33,Female,1,1.0,0.0,Finance,Beginner,4.14,1,1.0,0.0,2,Cybersecurity Beginners
U00679,28,Male,1,1.0,276.37,Design,Advanced,2.72,1,3.0,276.37,7,Deep Design Learners
U00680,35,Female,1,1.0,487.92,Business,Advanced,3.64,1,3.0,487.92,1,Business Advanced Learners
U00681,32,Male,2,2.0,0.0,Business,Advanced,3.3,2,2.5,0.0,1,Business Advanced Learners
U00682,33,Male,1,1.0,0.0,Digital Marketing,Beginner,4.44,1,1.0,0.0,5,Digital Marketing Learners
U00683,20,Female,1,1.0,0.0,Design,Advanced,2.61,1,3.0,0.0,7,Deep Design Learners
U00684,28,Female,3,1.5,0.0,Design,Advanced,3.0666666666666664,2,2.3333333333333335,0.0,7,Deep Design Learners
U00685,29,Female,1,1.0,487.92,Business,Advanced,3.64,1,3.0,487.92,1,Business Advanced Learners
U00686,35,Female,1,1.0,0.0,Web Development,Beginner,2.2,1,1.0,0.0,9,Advanced Web Development Learners
U00687,29,Female,15,1.6666666666666667,118.366,Web Development,Beginner,2.806,11,1.9333333333333333,1775.49,4,Highly Engaged AI Explorers
U00688,30,Female,2,1.0,0.39,Machine Learning,Advanced,2.85,1,3.0,0.78,6,Advanced Machine Learning Learners
U00689,19,Female,2,2.0,0.0,Design,Advanced,3.67,2,2.5,0.0,7,Deep Design Learners
U00690,29,Female,1,1.0,0.0,Digital Marketing,Intermediate,4.66,1,2.0,0.0,5,Digital Marketing Learners
U00691,16,Female,1,1.0,0.0,Design,Advanced,2.61,1,3.0,0.0,7,Deep Design Learners
U00692,27,Male,1,1.0,0.0,Project Management,Intermediate,3.45,1,2.0,0.0,0,AI Beginner Learners
U00693,35,Female,1,1.0,57.32,Web Development,Advanced,4.74,1,3.0,57.32,9,Advanced Web Development Learners
U00694,33,Female,1,1.0,0.0,Data Science,Intermediate,3.6,1,2.0,0.0,3,Data Science Beginners
U00695,31,Female,1,1.0,0.0,Design,Advanced,4.45,1,3.0,0.0,7,Deep Design Learners
U00696,25,Male,1,1.0,0.0,Project Management,Intermediate,3.45,1,2.0,0.0,0,AI Beginner Learners
U00697,32,Female,1,1.0,0.0,Programming,Beginner,3.85,1,1.0,0.0,2,Cybersecurity Beginners
U00698,32,Female,2,1.0,18.945,Marketing,Advanced,3.045,2,3.0,37.89,8,Advanced Marketing Learners
U00699,20,Male,2,1.0,0.0,Machine Learning,Advanced,3.2649999999999997,2,2.5,0.0,6,Advanced Machine Learning Learners
U00700,25,Male,1,1.0,117.68,Data Science,Advanced,2.57,1,3.0,117.68,3,Data Science Beginners
U00701,32,Male,14,1.5555555555555556,102.54785714285715,Business,Advanced,3.005,10,2.0714285714285716,1435.67,4,Highly Engaged AI Explorers
U00702,22,Female,3,1.5,0.0,Design,Advanced,2.5066666666666664,3,2.3333333333333335,0.0,7,Deep Design Learners
U00703,32,Female,3,1.0,156.45666666666668,Artificial Intelligence,Advanced,2.6533333333333333,3,2.0,469.37,0,AI Beginner Learners
U00704,30,Male,13,1.625,117.55692307692308,Project Management,Beginner,3.506153846153846,8,1.9230769230769231,1528.24,4,Highly Engaged AI Explorers
U00705,15,Male,1,1.0,0.0,Marketing,Advanced,4.79,1,3.0,0.0,8,Advanced Marketing Learners
U00706,21,Male,2,1.0,393.745,Business,Advanced,3.6900000000000004,2,2.0,787.49,1,Business Advanced Learners
U00707,29,Male,1,1.0,0.0,Design,Beginner,4.51,1,1.0,0.0,7,Deep Design Learners
U00708,29,Female,1,1.0,0.0,Marketing,Intermediate,4.72,1,2.0,0.0,8,Advanced Marketing Learners
U00709,23,Female,14,1.5555555555555556,74.49428571428572,Digital Marketing,Advanced,3.5092857142857143,10,2.0,1042.92,4,Highly Engaged AI Explorers
U00710,19,Male,1,1.0,248.1,Artificial Intelligence,Beginner,1.2,1,1.0,248.1,0,AI Beginner Learners
U00711,27,Male,2,1.0,163.995,Project Management,Beginner,2.415,2,1.0,327.99,0,AI Beginner Learners
U00712,27,Female,2,1.0,0.0,Business,Advanced,3.05,2,2.5,0.0,1,Business Advanced Learners
U00713,17,Female,1,1.0,472.28,Programming,Beginner,4.74,1,1.0,472.28,0,AI Beginner Learners
U00714,25,Male,3,1.0,0.0,Data Science,Beginner,4.273333333333333,3,1.3333333333333333,0.0,3,Data Science Beginners
U00715,25,Female,1,1.0,0.0,Business,Advanced,3.15,1,3.0,0.0,1,Business Advanced Learners
U00716,29,Male,4,1.3333333333333333,73.755,Data Science,Advanced,3.005,3,2.25,295.02,3,Data Science Beginners
U00717,34,Female,1,1.0,0.0,Cybersecurity,Intermediate,1.91,1,2.0,0.0,2,Cybersecurity Beginners
U00718,27,Female,2,1.0,142.525,Business,Beginner,2.42,2,1.0,285.05,1,Business Advanced Learners
U00719,25,Female,1,1.0,117.68,Data Science,Advanced,2.57,1,3.0,117.68,3,Data Science Beginners
U00720,17,Female,1,1.0,415.51,Artificial Intelligence,Intermediate,3.11,1,2.0,415.51,0,AI Beginner Learners
U00721,20,Female,1,1.0,0.0,Design,Advanced,2.61,1,3.0,0.0,7,Deep Design Learners
U00722,16,Female,3,1.5,92.12333333333333,Business,Advanced,1.95,3,2.3333333333333335,276.37,1,Business Advanced Learners
U00723,35,Male,14,1.5555555555555556,86.69000000000001,Project Management,Advanced,3.0942857142857143,10,2.0,1213.66,4,Highly Engaged AI Explorers
U00724,16,Female,15,1.875,91.72066666666666,Business,Intermediate,3.530666666666667,9,2.066666666666667,1375.81,4,Highly Engaged AI Explorers
U00725,28,Female,1,1.0,0.0,Web Development,Beginner,3.32,1,1.0,0.0,9,Advanced Web Development Learners
U00726,26,Female,1,1.0,472.28,Programming,Beginner,4.74,1,1.0,472.28,0,AI Beginner Learners
U00727,33,Female,4,1.0,97.4325,Digital Marketing,Advanced,3.0225,3,3.0,389.73,5,Digital Marketing Learners
U00728,17,Male,1,1.0,0.0,Marketing,Intermediate,4.11,1,2.0,0.0,8,Advanced Marketing Learners
U00729,30,Male,2,1.0,0.0,Marketing,Advanced,3.835,2,2.0,0.0,8,Advanced Marketing Learners
U00730,30,Male,2,1.0,243.96,Business,Advanced,3.31,2,3.0,487.92,1,Business Advanced Learners
U00731,16,Male,2,1.0,142.525,Business,Beginner,2.6399999999999997,2,1.0,285.05,1,Business Advanced Learners
U00732,22,Male,1,1.0,394.26,Cybersecurity,Intermediate,1.35,1,2.0,394.26,2,Cybersecurity Beginners
U00733,28,Female,1,1.0,0.0,Design,Advanced,2.61,1,3.0,0.0,7,Deep Design Learners
U00734,20,Male,4,1.3333333333333333,74.8925,Data Science,Advanced,2.7875,3,2.25,299.57,3,Data Science Beginners
U00735,17,Male,2,1.0,106.195,Business,Advanced,2.575,2,3.0,212.39,1,Business Advanced Learners
U00736,19,Female,1,1.0,0.0,Machine Learning,Intermediate,4.73,1,2.0,0.0,6,Advanced Machine Learning Learners
U00737,18,Male,2,1.0,103.635,Artificial Intelligence,Advanced,2.625,2,2.5,207.27,0,AI Beginner Learners
U00738,29,Female,3,1.0,83.42666666666666,Cybersecurity,Advanced,3.1300000000000003,3,2.3333333333333335,250.27999999999997,2,Cybersecurity Beginners
U00739,25,Female,1,1.0,0.0,Finance,Intermediate,4.1,1,2.0,0.0,2,Cybersecurity Beginners
U00740,34,Female,1,1.0,327.99,Project Management,Beginner,1.51,1,1.0,327.99,0,AI Beginner Learners
U00741,33,Female,4,1.3333333333333333,115.41250000000001,Finance,Intermediate,4.1125,3,1.75,461.65000000000003,2,Cybersecurity Beginners
U00742,29,Male,1,1.0,327.99,Project Management,Beginner,1.51,1,1.0,327.99,0,AI Beginner Learners
U00743,19,Male,4,1.0,9.4725,Programming,Advanced,1.96,3,2.0,37.89,2,Cybersecurity Beginners
U00744,15,Male,1,1.0,0.0,Marketing,Advanced,2.98,1,3.0,0.0,8,Advanced Marketing Learners
U00745,29,Female,2,1.0,0.0,Business,Advanced,2.335,2,3.0,0.0,1,Business Advanced Learners
U00746,28,Male,2,1.0,138.185,Business,Advanced,2.3600000000000003,2,3.0,276.37,1,Business Advanced Learners
U00747,28,Female,1,1.0,0.0,Web Development,Beginner,2.2,1,1.0,0.0,9,Advanced Web Development Learners
U00748,30,Female,2,1.0,0.0,Business,Advanced,2.335,2,3.0,0.0,1,Business Advanced Learners
U00749,18,Male,1,1.0,0.0,Marketing,Intermediate,4.72,1,2.0,0.0,8,Advanced Marketing Learners
U00750,23,Female,1,1.0,487.92,Business,Advanced,3.64,1,3.0,487.92,1,Business Advanced Learners
U00751,19,Male,1,1.0,0.0,Programming,Beginner,1.28,1,1.0,0.0,2,Cybersecurity Beginners
U00752,30,Male,13,1.625,128.20384615384614,Design,Advanced,2.8469230769230767,9,2.0,1666.6499999999999,4,Highly Engaged AI Explorers
U00753,28,Male,2,1.0,0.0,Marketing,Beginner,3.495,2,1.5,0.0,8,Advanced Marketing Learners
U00754,33,Male,1,1.0,490.9,Artificial Intelligence,Beginner,4.55,1,1.0,490.9,0,AI Beginner Learners
U00755,31,Male,1,1.0,0.0,Cybersecurity,Intermediate,1.91,1,2.0,0.0,2,Cybersecurity Beginners
U00756,33,Female,1,1.0,0.0,Finance,Intermediate,4.1,1,2.0,0.0,2,Cybersecurity Beginners
U00757,22,Female,1,1.0,53.86,Finance,Beginner,2.47,1,1.0,53.86,2,Cybersecurity Beginners
U00758,16,Male,1,1.0,0.0,Business,Advanced,2.0,1,3.0,0.0,1,Business Advanced Learners
U00759,22,Male,1,1.0,0.78,Machine Learning,Advanced,3.89,1,3.0,0.78,6,Advanced Machine Learning Learners
U00760,21,Female,13,1.625,121.8223076923077,Programming,Beginner,3.2353846153846155,9,1.5384615384615385,1583.69,4,Highly Engaged AI Explorers
U00761,31,Male,1,1.0,0.0,Digital Marketing,Beginner,4.44,1,1.0,0.0,5,Digital Marketing Learners
U00762,22,Female,1,1.0,346.71,Project Management,Advanced,1.23,1,3.0,346.71,0,AI Beginner Learners
U00763,16,Male,1,1.0,0.0,Data Science,Intermediate,3.02,1,2.0,0.0,3,Data Science Beginners
U00764,18,Male,2,2.0,0.0,Marketing,Advanced,2.495,1,3.0,0.0,8,Advanced Marketing Learners
U00765,31,Female,11,1.8333333333333333,108.0,Data Science,Intermediate,2.641818181818182,7,2.090909090909091,1188.0,4,Highly Engaged AI Explorers
U00766,31,Female,3,1.5,0.0,Marketing,Intermediate,4.333333333333333,2,2.3333333333333335,0.0,8,Advanced Marketing Learners
U00767,16,Female,14,1.5555555555555556,109.25142857142858,Programming,Advanced,3.0335714285714284,10,2.2857142857142856,1529.52,4,Highly Engaged AI Explorers
U00768,19,Male,2,1.0,0.0,Design,Advanced,3.59,2,2.0,0.0,7,Deep Design Learners
U00769,16,Female,1,1.0,0.0,Design,Advanced,4.45,1,3.0,0.0,7,Deep Design Learners
U00770,29,Male,1,1.0,0.0,Machine Learning,Intermediate,4.73,1,2.0,0.0,6,Advanced Machine Learning Learners
U00771,18,Male,1,1.0,285.05,Business,Beginner,1.96,1,1.0,285.05,1,Business Advanced Learners
U00772,24,Female,13,1.625,26.354615384615386,Cybersecurity,Intermediate,3.547692307692308,9,2.0,342.61,4,Highly Engaged AI Explorers
U00773,25,Female,1,1.0,119.04,Finance,Intermediate,2.75,1,2.0,119.04,2,Cybersecurity Beginners
U00774,27,Male,1,1.0,0.0,Cybersecurity,Advanced,2.38,1,3.0,0.0,2,Cybersecurity Beginners
U00775,29,Female,14,1.5555555555555556,99.38571428571429,Programming,Beginner,3.281428571428571,8,1.7142857142857142,1391.4,4,Highly Engaged AI Explorers
U00776,26,Female,1,1.0,490.9,Artificial Intelligence,Beginner,4.55,1,1.0,490.9,0,AI Beginner Learners
U00777,29,Male,4,1.0,249.97,Business,Advanced,3.6675,4,2.0,999.88,1,Business Advanced Learners
U00778,33,Male,2,1.0,0.0,Machine Learning,Advanced,2.355,2,2.5,0.0,6,Advanced Machine Learning Learners
U00779,24,Female,1,1.0,0.0,Cybersecurity,Advanced,2.38,1,3.0,0.0,2,Cybersecurity Beginners
U00780,32,Female,1,1.0,0.0,Programming,Intermediate,2.43,1,2.0,0.0,2,Cybersecurity Beginners
U00781,18,Female,1,1.0,0.0,Data Science,Intermediate,3.6,1,2.0,0.0,3,Data Science Beginners
U00782,25,Male,1,1.0,0.0,Design,Advanced,2.61,1,3.0,0.0,7,Deep Design Learners
U00783,35,Female,2,1.0,28.66,Data Science,Advanced,3.88,2,2.5,57.32,3,Data Science Beginners
U00784,22,Female,2,1.0,149.785,Data Science,Beginner,4.21,2,1.0,299.57,3,Data Science Beginners
U00785,17,Female,1,1.0,0.0,Digital Marketing,Intermediate,4.66,1,2.0,0.0,5,Digital Marketing Learners
U00786,32,Female,13,1.4444444444444444,91.82307692307693,Finance,Advanced,3.2807692307692307,8,2.3076923076923075,1193.7,4,Highly Engaged AI Explorers
U00787,29,Female,9,1.5,56.68555555555555,Programming,Beginner,3.12,6,1.6666666666666667,510.16999999999996,2,Cybersecurity Beginners
U00788,24,Male,2,1.0,0.0,Digital Marketing,Beginner,1.935,2,1.5,0.0,5,Digital Marketing Learners
U00789,17,Female,2,1.0,18.945,Data Science,Advanced,2.475,2,2.0,37.89,3,Data Science Beginners
U00790,16,Female,2,1.0,173.74499999999998,Machine Learning,Advanced,2.56,2,3.0,347.48999999999995,6,Advanced Machine Learning Learners
U00791,34,Female,2,1.0,44.795,Artificial Intelligence,Intermediate,3.305,2,2.0,89.59,0,AI Beginner Learners
U00792,20,Male,1,1.0,346.71,Project Management,Advanced,1.23,1,3.0,346.71,0,AI Beginner Learners
U00793,19,Male,4,1.3333333333333333,53.0975,Digital Marketing,Advanced,3.45,3,2.25,212.39,5,Digital Marketing Learners
U00794,23,Female,2,1.0,0.0,Artificial Intelligence,Advanced,2.58,2,2.0,0.0,0,AI Beginner Learners
U00795,34,Female,3,1.0,95.01666666666667,Business,Beginner,2.9466666666666668,3,1.0,285.05,1,Business Advanced Learners
U00796,22,Female,2,2.0,106.195,Digital Marketing,Advanced,2.215,2,2.0,212.39,5,Digital Marketing Learners
U00797,20,Male,3,1.0,0.0,Design,Intermediate,3.4499999999999997,3,2.3333333333333335,0.0,7,Deep Design Learners
U00798,19,Female,1,1.0,0.0,Design,Advanced,1.52,1,3.0,0.0,7,Deep Design Learners
U00799,26,Female,2,1.0,0.0,Data Science,Beginner,2.925,2,1.0,0.0,3,Data Science Beginners
U00800,29,Female,2,1.0,207.755,Artificial Intelligence,Intermediate,3.92,2,2.0,415.51,0,AI Beginner Learners
U00801,32,Female,2,1.0,207.755,Artificial Intelligence,Intermediate,3.92,2,2.0,415.51,0,AI Beginner Learners
U00802,31,Male,2,1.0,59.52,Business,Advanced,2.95,2,2.5,119.04,1,Business Advanced Learners
U00803,26,Male,3,1.0,92.12333333333333,Business,Advanced,2.9633333333333334,3,2.6666666666666665,276.37,1,Business Advanced Learners
U00804,24,Female,2,1.0,44.795,Artificial Intelligence,Beginner,1.98,2,1.5,89.59,0,AI Beginner Learners
U00805,18,Female,1,1.0,0.0,Marketing,Intermediate,4.11,1,2.0,0.0,8,Advanced Marketing Learners
U00806,27,Male,1,1.0,0.0,Data Science,Beginner,3.65,1,1.0,0.0,3,Data Science Beginners
U00807,35,Female,1,1.0,342.61,Project Management,Intermediate,4.84,1,2.0,342.61,0,AI Beginner Learners
U00808,27,Female,1,1.0,0.0,Artificial Intelligence,Beginner,3.64,1,1.0,0.0,0,AI Beginner Learners
U00809,24,Male,1,1.0,490.9,Artificial Intelligence,Beginner,4.55,1,1.0,490.9,0,AI Beginner Learners
U00810,28,Male,1,1.0,276.37,Design,Advanced,2.72,1,3.0,276.37,7,Deep Design Learners
U00811,25,Female,3,1.0,162.64000000000001,Web Development,Beginner,3.0533333333333332,2,1.6666666666666667,487.92,9,Advanced Web Development Learners
U00812,24,Female,3,1.0,95.01666666666667,Design,Beginner,3.64,2,1.6666666666666667,285.05,7,Deep Design Learners
U00813,33,Male,4,1.3333333333333333,0.0,Business,Intermediate,3.815,4,2.0,0.0,1,Business Advanced Learners
U00814,21,Female,1,1.0,0.0,Marketing,Advanced,2.01,1,3.0,0.0,8,Advanced Marketing Learners
U00815,17,Male,2,1.0,207.755,Artificial Intelligence,Intermediate,3.92,2,2.0,415.51,0,AI Beginner Learners
U00816,34,Male,3,1.0,29.863333333333333,Artificial Intelligence,Intermediate,2.106666666666667,3,2.0,89.59,0,AI Beginner Learners
U00817,35,Female,1,1.0,0.0,Web Development,Beginner,3.32,1,1.0,0.0,9,Advanced Web Development Learners
U00818,20,Female,1,1.0,0.0,Marketing,Advanced,4.79,1,3.0,0.0,8,Advanced Marketing Learners
U00819,28,Female,14,1.75,81.67214285714286,Cybersecurity,Advanced,3.027857142857143,9,2.0,1143.41,4,Highly Engaged AI Explorers
U00820,31,Female,3,1.0,162.64000000000001,Business,Advanced,3.126666666666667,3,2.0,487.92,1,Business Advanced Learners
U00821,23,Male,13,1.625,122.86923076923077,Artificial Intelligence,Beginner,2.9061538461538463,11,1.6923076923076923,1597.3,4,Highly Engaged AI Explorers
U00822,35,Female,1,1.0,0.0,Programming,Intermediate,2.43,1,2.0,0.0,2,Cybersecurity Beginners
U00823,22,Male,1,1.0,212.39,Digital Marketing,Advanced,3.15,1,3.0,212.39,5,Digital Marketing Learners
U00824,27,Male,1,1.0,0.0,Finance,Intermediate,4.1,1,2.0,0.0,2,Cybersecurity Beginners
U00825,26,Male,3,1.0,162.64000000000001,Business,Advanced,3.703333333333333,3,2.6666666666666665,487.92,1,Business Advanced Learners
U00826,16,Male,1,1.0,53.86,Finance,Beginner,2.47,1,1.0,53.86,2,Cybersecurity Beginners
U00827,26,Female,2,1.0,0.0,Finance,Intermediate,4.41,2,2.0,0.0,2,Cybersecurity Beginners
U00828,25,Male,3,1.0,197.61666666666667,Artificial Intelligence,Intermediate,3.9066666666666663,3,2.3333333333333335,592.85,0,AI Beginner Learners
U00829,22,Male,16,1.7777777777777777,83.644375,Cybersecurity,Beginner,3.054375,8,1.75,1338.31,4,Highly Engaged AI Explorers
U00830,26,Female,1,1.0,326.02,Business,Intermediate,2.69,1,2.0,326.02,1,Business Advanced Learners
U00831,18,Male,2,1.0,0.0,Design,Advanced,3.16,2,2.0,0.0,7,Deep Design Learners
U00832,20,Female,1,1.0,0.0,Programming,Beginner,3.85,1,1.0,0.0,2,Cybersecurity Beginners
U00833,32,Female,3,1.0,0.0,Machine Learning,Advanced,2.0066666666666664,3,2.3333333333333335,0.0,6,Advanced Machine Learning Learners
U00834,30,Male,1,1.0,0.0,Web Development,Beginner,2.2,1,1.0,0.0,9,Advanced Web Development Learners
U00835,33,Female,1,1.0,0.0,Data Science,Intermediate,3.02,1,2.0,0.0,3,Data Science Beginners
U00836,29,Female,15,1.875,62.11333333333334,Digital Marketing,Beginner,2.886,9,1.7333333333333334,931.7,4,Highly Engaged AI Explorers
U00837,28,Male,4,1.3333333333333333,71.2625,Programming,Beginner,2.5175,3,1.5,285.05,2,Cybersecurity Beginners
U00838,25,Female,12,2.0,85.59916666666668,Data Science,Advanced,2.8408333333333338,8,2.0833333333333335,1027.19,4,Highly Engaged AI Explorers
U00839,33,Male,1,1.0,0.0,Cybersecurity,Beginner,4.94,1,1.0,0.0,2,Cybersecurity Beginners
U00840,18,Male,3,1.5,131.42,Cybersecurity,Intermediate,2.4533333333333336,3,1.6666666666666667,394.26,2,Cybersecurity Beginners
U00841,29,Female,1,1.0,0.0,Cybersecurity,Intermediate,1.91,1,2.0,0.0,2,Cybersecurity Beginners
U00842,21,Female,2,1.0,44.795,Artificial Intelligence,Beginner,2.7800000000000002,2,1.5,89.59,0,AI Beginner Learners
U00843,21,Male,1,1.0,276.37,Design,Advanced,2.72,1,3.0,276.37,7,Deep Design Learners
U00844,26,Male,1,1.0,0.0,Marketing,Intermediate,4.72,1,2.0,0.0,8,Advanced Marketing Learners
U00845,25,Female,1,1.0,53.86,Finance,Beginner,2.47,1,1.0,53.86,2,Cybersecurity Beginners
U00846,16,Male,1,1.0,57.32,Web Development,Advanced,4.74,1,3.0,57.32,9,Advanced Web Development Learners
U00847,23,Male,1,1.0,0.0,Digital Marketing,Intermediate,4.66,1,2.0,0.0,5,Digital Marketing Learners
U00848,28,Male,4,1.0,103.8775,Artificial Intelligence,Intermediate,3.7825,3,2.0,415.51,0,AI Beginner Learners
U00849,20,Male,2,1.0,124.05,Artificial Intelligence,Beginner,2.42,1,1.0,248.1,0,AI Beginner Learners
U00850,26,Male,15,1.875,59.86333333333334,Project Management,Advanced,3.0846666666666662,9,2.4,897.95,4,Highly Engaged AI Explorers
U00851,21,Male,1,1.0,0.0,Machine Learning,Intermediate,4.73,1,2.0,0.0,6,Advanced Machine Learning Learners
U00852,23,Male,13,1.625,121.47230769230768,Artificial Intelligence,Intermediate,3.4723076923076923,8,2.0,1579.1399999999999,4,Highly Engaged AI Explorers
U00853,24,Male,2,1.0,0.0,Machine Learning,Intermediate,2.92,2,2.0,0.0,6,Advanced Machine Learning Learners
U00854,28,Male,2,2.0,149.785,Data Science,Advanced,3.3600000000000003,2,2.0,299.57,3,Data Science Beginners
U00855,15,Female,1,1.0,0.0,Programming,Beginner,1.28,1,1.0,0.0,2,Cybersecurity Beginners
U00856,21,Female,1,1.0,0.0,Digital Marketing,Beginner,2.14,1,1.0,0.0,5,Digital Marketing Learners
U00857,15,Male,1,1.0,0.0,Web Development,Beginner,3.32,1,1.0,0.0,9,Advanced Web Development Learners
U00858,20,Male,15,1.6666666666666667,26.431333333333335,Machine Learning,Beginner,3.258666666666667,8,1.8,396.47,4,Highly Engaged AI Explorers
U00859,22,Male,1,1.0,0.0,Data Science,Intermediate,3.02,1,2.0,0.0,3,Data Science Beginners
U00860,23,Female,1,1.0,490.9,Artificial Intelligence,Beginner,4.55,1,1.0,490.9,0,AI Beginner Learners
U00861,22,Female,1,1.0,0.0,Machine Learning,Intermediate,1.73,1,2.0,0.0,6,Advanced Machine Learning Learners
U00862,18,Female,1,1.0,487.92,Business,Advanced,3.64,1,3.0,487.92,1,Business Advanced Learners
U00863,23,Female,1,1.0,0.0,Programming,Beginner,2.88,1,1.0,0.0,2,Cybersecurity Beginners
U00864,22,Female,1,1.0,0.0,Business,Advanced,2.0,1,3.0,0.0,1,Business Advanced Learners
U00865,27,Male,1,1.0,285.05,Business,Beginner,1.96,1,1.0,285.05,1,Business Advanced Learners
U00866,30,Male,1,1.0,0.0,Machine Learning,Intermediate,4.73,1,2.0,0.0,6,Advanced Machine Learning Learners
U00867,30,Male,1,1.0,0.0,Design,Advanced,2.61,1,3.0,0.0,7,Deep Design Learners
U00868,16,Female,1,1.0,0.0,Digital Marketing,Beginner,2.14,1,1.0,0.0,5,Digital Marketing Learners
U00869,19,Male,1,1.0,0.0,Marketing,Advanced,2.01,1,3.0,0.0,8,Advanced Marketing Learners
U00870,22,Male,15,2.142857142857143,64.40933333333334,Marketing,Advanced,3.4386666666666668,10,2.1333333333333333,966.14,4,Highly Engaged AI Explorers
U00871,26,Male,2,1.0,0.0,Cybersecurity,Advanced,2.0549999999999997,2,2.5,0.0,2,Cybersecurity Beginners
U00872,27,Male,1,1.0,0.0,Web Development,Beginner,3.32,1,1.0,0.0,9,Advanced Web Development Learners
U00873,28,Male,1,1.0,0.0,Design,Advanced,4.45,1,3.0,0.0,7,Deep Design Learners
U00874,25,Male,12,2.0,181.31166666666664,Business,Advanced,3.276666666666667,10,2.0,2175.74,4,Highly Engaged AI Explorers
U00875,23,Male,1,1.0,57.32,Web Development,Advanced,4.74,1,3.0,57.32,9,Advanced Web Development Learners
U00876,27,Male,14,2.0,168.03571428571428,Artificial Intelligence,Intermediate,3.662857142857143,11,2.142857142857143,2352.5,4,Highly Engaged AI Explorers
U00877,35,Male,1,1.0,490.9,Artificial Intelligence,Beginner,4.55,1,1.0,490.9,0,AI Beginner Learners
U00878,31,Male,1,1.0,177.34,Digital Marketing,Advanced,3.89,1,3.0,177.34,5,Digital Marketing Learners
U00879,18,Female,3,1.0,129.72,Artificial Intelligence,Intermediate,3.5100000000000002,3,1.6666666666666667,389.15999999999997,0,AI Beginner Learners
U00880,15,Male,1,1.0,177.34,Digital Marketing,Advanced,3.89,1,3.0,177.34,5,Digital Marketing Learners
U00881,34,Female,16,1.4545454545454546,168.96,Artificial Intelligence,Intermediate,3.0825,10,1.8125,2703.36,4,Highly Engaged AI Explorers
U00882,34,Female,1,1.0,0.0,Digital Marketing,Beginner,2.14,1,1.0,0.0,5,Digital Marketing Learners
U00883,27,Female,3,1.0,157.42666666666665,Design,Beginner,3.83,3,1.6666666666666667,472.28,7,Deep Design Learners
U00884,19,Male,1,1.0,487.92,Business,Advanced,3.64,1,3.0,487.92,1,Business Advanced Learners
U00885,28,Female,1,1.0,117.68,Data Science,Advanced,2.57,1,3.0,117.68,3,Data Science Beginners
U00886,22,Female,2,1.0,0.0,Machine Learning,Beginner,1.505,2,1.5,0.0,6,Advanced Machine Learning Learners
U00887,17,Male,1,1.0,0.0,Digital Marketing,Beginner,2.14,1,1.0,0.0,5,Digital Marketing Learners
U00888,15,Male,4,1.0,122.91999999999999,Machine Learning,Advanced,3.525,3,2.0,491.67999999999995,6,Advanced Machine Learning Learners
U00889,31,Female,1,1.0,0.0,Data Science,Intermediate,3.02,1,2.0,0.0,3,Data Science Beginners
U00890,31,Female,2,1.0,149.785,Data Science,Beginner,2.5100000000000002,2,1.0,299.57,3,Data Science Beginners
U00891,28,Female,2,1.0,0.0,Data Science,Advanced,4.195,2,2.5,0.0,3,Data Science Beginners
U00892,35,Male,4,1.0,0.0,Cybersecurity,Intermediate,4.0375,4,2.0,0.0,2,Cybersecurity Beginners
U00893,15,Male,12,1.3333333333333333,105.9375,Business,Advanced,2.859166666666667,9,2.0833333333333335,1271.25,4,Highly Engaged AI Explorers
U00894,28,Female,3,1.0,170.64666666666668,Cybersecurity,Intermediate,2.86,3,2.3333333333333335,511.94,2,Cybersecurity Beginners
U00895,15,Male,4,1.3333333333333333,137.055,Marketing,Advanced,4.0225,3,2.5,548.22,8,Advanced Marketing Learners
U00896,29,Female,4,1.0,29.615000000000002,Cybersecurity,Advanced,3.3525,4,2.5,118.46000000000001,2,Cybersecurity Beginners
U00897,20,Male,1,1.0,177.34,Digital Marketing,Advanced,3.89,1,3.0,177.34,5,Digital Marketing Learners
U00898,24,Female,12,1.7142857142857142,55.26833333333334,Machine Learning,Beginner,2.9808333333333334,8,1.75,663.22,4,Highly Engaged AI Explorers
U00899,19,Male,1,1.0,0.0,Marketing,Advanced,2.01,1,3.0,0.0,8,Advanced Marketing Learners
U00900,26,Female,2,2.0,59.52,Cybersecurity,Intermediate,3.34,2,2.0,119.04,2,Cybersecurity Beginners
U00901,23,Female,1,1.0,0.0,Cybersecurity,Intermediate,3.93,1,2.0,0.0,2,Cybersecurity Beginners
U00902,29,Male,2,1.0,124.05,Artificial Intelligence,Beginner,1.7000000000000002,2,1.0,248.1,0,AI Beginner Learners
U00903,29,Female,13,1.3,95.28615384615385,Business,Advanced,2.9415384615384617,9,2.1538461538461537,1238.72,4,Highly Engaged AI Explorers
U00904,16,Female,1,1.0,0.0,Digital Marketing,Beginner,2.14,1,1.0,0.0,5,Digital Marketing Learners
U00905,15,Male,1,1.0,0.0,Design,Advanced,4.45,1,3.0,0.0,7,Deep Design Learners
U00906,34,Female,1,1.0,299.57,Data Science,Beginner,3.74,1,1.0,299.57,3,Data Science Beginners
U00907,23,Female,12,1.7142857142857142,170.68166666666664,Business,Beginner,3.2266666666666666,8,1.75,2048.18,4,Highly Engaged AI Explorers
U00908,16,Female,1,1.0,0.0,Cybersecurity,Intermediate,3.93,1,2.0,0.0,2,Cybersecurity Beginners
U00909,35,Female,1,1.0,0.0,Programming,Beginner,2.88,1,1.0,0.0,2,Cybersecurity Beginners
U00910,20,Female,3,1.0,122.38,Artificial Intelligence,Beginner,2.0500000000000003,3,1.3333333333333333,367.14,0,AI Beginner Learners
U00911,15,Female,10,1.25,99.66499999999999,Business,Beginner,3.318,7,1.9,996.65,4,Highly Engaged AI Explorers
U00912,28,Male,1,1.0,0.0,Cybersecurity,Intermediate,1.91,1,2.0,0.0,2,Cybersecurity Beginners
U00913,35,Female,1,1.0,57.32,Web Development,Advanced,4.74,1,3.0,57.32,9,Advanced Web Development Learners
U00914,22,Male,1,1.0,0.0,Marketing,Intermediate,4.11,1,2.0,0.0,8,Advanced Marketing Learners
U00915,24,Female,13,1.8571428571428572,103.35461538461537,Artificial Intelligence,Beginner,3.1823076923076923,8,1.6153846153846154,1343.61,4,Highly Engaged AI Explorers
U00916,20,Male,1,1.0,0.0,Data Science,Intermediate,3.02,1,2.0,0.0,3,Data Science Beginners
U00917,28,Female,15,1.6666666666666667,87.99399999999999,Business,Advanced,3.098,11,2.2666666666666666,1319.9099999999999,4,Highly Engaged AI Explorers
U00918,35,Male,1,1.0,299.57,Data Science,Beginner,3.74,1,1.0,299.57,3,Data Science Beginners
U00919,28,Male,14,1.5555555555555556,101.095,Business,Advanced,2.8007142857142857,8,2.0,1415.33,4,Highly Engaged AI Explorers
U00920,18,Female,1,1.0,0.0,Finance,Intermediate,4.1,1,2.0,0.0,2,Cybersecurity Beginners
U00921,26,Male,1,1.0,487.92,Business,Advanced,3.64,1,3.0,487.92,1,Business Advanced Learners
U00922,31,Female,2,1.0,0.0,Design,Advanced,1.4,2,2.0,0.0,7,Deep Design Learners
U00923,29,Female,3,1.0,170.64666666666668,Cybersecurity,Advanced,1.6833333333333333,3,2.0,511.94,2,Cybersecurity Beginners
U00924,34,Male,1,1.0,0.0,Cybersecurity,Advanced,2.38,1,3.0,0.0,2,Cybersecurity Beginners
U00925,31,Male,2,1.0,245.45,Artificial Intelligence,Beginner,4.605,2,1.5,490.9,0,AI Beginner Learners
U00926,32,Male,2,1.0,171.305,Finance,Beginner,4.49,2,1.5,342.61,2,Cybersecurity Beginners
U00927,26,Male,2,1.0,0.0,Business,Advanced,3.065,2,3.0,0.0,1,Business Advanced Learners
U00928,33,Female,12,1.5,87.54,Data Science,Advanced,2.85,9,2.0,1050.48,4,Highly Engaged AI Explorers
U00929,25,Female,4,1.0,111.12,Data Science,Advanced,3.1875,3,2.5,444.48,3,Data Science Beginners
U00930,34,Male,3,1.0,178.1833333333333,Artificial Intelligence,Intermediate,3.3233333333333337,3,2.0,534.55,0,AI Beginner Learners
U00931,31,Male,1,1.0,117.68,Data Science,Advanced,2.57,1,3.0,117.68,3,Data Science Beginners
U00932,21,Male,1,1.0,57.32,Web Development,Advanced,4.74,1,3.0,57.32,9,Advanced Web Development Learners
U00933,27,Female,1,1.0,0.0,Programming,Beginner,2.88,1,1.0,0.0,2,Cybersecurity Beginners
U00934,15,Female,1,1.0,0.0,Project Management,Beginner,4.68,1,1.0,0.0,0,AI Beginner Learners
U00935,16,Female,1,1.0,0.0,Data Science,Beginner,3.65,1,1.0,0.0,3,Data Science Beginners
U00936,30,Female,1,1.0,0.0,Digital Marketing,Beginner,4.44,1,1.0,0.0,5,Digital Marketing Learners
U00937,35,Male,1,1.0,0.0,Machine Learning,Advanced,1.81,1,3.0,0.0,6,Advanced Machine Learning Learners
U00938,30,Male,1,1.0,0.0,Design,Beginner,4.51,1,1.0,0.0,7,Deep Design Learners
U00939,18,Male,1,1.0,0.0,Data Science,Intermediate,3.6,1,2.0,0.0,3,Data Science Beginners
U00940,15,Female,1,1.0,0.0,Cybersecurity,Intermediate,1.91,1,2.0,0.0,2,Cybersecurity Beginners
U00941,20,Female,2,1.0,142.525,Business,Beginner,1.935,2,1.5,285.05,1,Business Advanced Learners
U00942,21,Male,1,1.0,0.0,Finance,Beginner,4.14,1,1.0,0.0,2,Cybersecurity Beginners
U00943,21,Female,2,1.0,0.0,Cybersecurity,Advanced,2.195,2,3.0,0.0,2,Cybersecurity Beginners
U00944,28,Female,1,1.0,117.68,Data Science,Advanced,2.57,1,3.0,117.68,3,Data Science Beginners
U00945,27,Female,1,1.0,0.0,Project Management,Beginner,4.68,1,1.0,0.0,0,AI Beginner Learners
U00946,20,Female,1,1.0,0.0,Marketing,Intermediate,4.72,1,2.0,0.0,8,Advanced Marketing Learners
U00947,31,Female,1,1.0,0.0,Digital Marketing,Beginner,2.14,1,1.0,0.0,5,Digital Marketing Learners
U00948,34,Male,3,1.5,0.0,Finance,Intermediate,4.223333333333333,3,1.6666666666666667,0.0,2,Cybersecurity Beginners
U00949,16,Male,4,1.0,0.0,Machine Learning,Beginner,3.165,3,1.75,0.0,6,Advanced Machine Learning Learners
U00950,33,Female,1,1.0,0.0,Digital Marketing,Intermediate,4.66,1,2.0,0.0,5,Digital Marketing Learners
U00951,15,Male,2,1.0,171.305,Digital Marketing,Intermediate,4.75,2,2.0,342.61,5,Digital Marketing Learners
U00952,22,Female,2,1.0,0.0,Business,Advanced,3.5,2,2.0,0.0,1,Business Advanced Learners
U00953,31,Male,3,3.0,29.863333333333333,Artificial Intelligence,Intermediate,2.646666666666667,3,2.3333333333333335,89.59,4,Highly Engaged AI Explorers
U00954,21,Female,2,2.0,0.0,Business,Advanced,3.36,2,2.5,0.0,1,Business Advanced Learners
U00955,35,Female,3,1.0,0.0,Finance,Advanced,3.3800000000000003,2,2.6666666666666665,0.0,2,Cybersecurity Beginners
U00956,21,Female,1,1.0,327.99,Project Management,Beginner,1.51,1,1.0,327.99,0,AI Beginner Learners
U00957,22,Male,3,1.0,70.79666666666667,Web Development,Advanced,2.6733333333333333,2,2.3333333333333335,212.39,9,Advanced Web Development Learners
U00958,28,Female,2,1.0,0.0,Digital Marketing,Beginner,4.550000000000001,1,1.5,0.0,5,Digital Marketing Learners
U00959,22,Male,13,1.1818181818181819,111.08076923076922,Machine Learning,Advanced,3.110769230769231,9,2.076923076923077,1444.05,4,Highly Engaged AI Explorers
U00960,17,Male,1,1.0,0.0,Design,Advanced,2.61,1,3.0,0.0,7,Deep Design Learners
U00961,31,Male,14,2.0,88.7807142857143,Artificial Intelligence,Beginner,3.251428571428572,9,1.9285714285714286,1242.93,4,Highly Engaged AI Explorers
U00962,20,Male,1,1.0,0.0,Business,Advanced,3.15,1,3.0,0.0,1,Business Advanced Learners
U00963,20,Female,2,1.0,0.0,Cybersecurity,Advanced,2.9699999999999998,2,2.5,0.0,2,Cybersecurity Beginners
U00964,16,Female,1,1.0,0.0,Marketing,Advanced,2.98,1,3.0,0.0,8,Advanced Marketing Learners
U00965,34,Female,1,1.0,0.0,Digital Marketing,Beginner,2.14,1,1.0,0.0,5,Digital Marketing Learners
U00966,23,Female,1,1.0,0.0,Programming,Intermediate,2.43,1,2.0,0.0,2,Cybersecurity Beginners
U00967,15,Male,14,1.5555555555555556,58.339285714285715,Project Management,Beginner,3.092142857142857,8,1.9285714285714286,816.75,4,Highly Engaged AI Explorers
U00968,21,Male,2,1.0,0.0,Machine Learning,Beginner,2.525,2,1.5,0.0,6,Advanced Machine Learning Learners
U00969,29,Male,1,1.0,248.1,Artificial Intelligence,Beginner,1.2,1,1.0,248.1,0,AI Beginner Learners
U00970,18,Male,1,1.0,285.05,Business,Beginner,1.96,1,1.0,285.05,1,Business Advanced Learners
U00971,19,Female,3,1.0,163.63333333333333,Artificial Intelligence,Advanced,4.12,3,2.0,490.9,0,AI Beginner Learners
U00972,27,Female,4,1.0,147.82999999999998,Artificial Intelligence,Beginner,3.6125,4,1.25,591.3199999999999,0,AI Beginner Learners
U00973,22,Male,1,1.0,57.32,Web Development,Advanced,4.74,1,3.0,57.32,9,Advanced Web Development Learners
U00974,31,Male,1,1.0,0.0,Digital Marketing,Intermediate,4.66,1,2.0,0.0,5,Digital Marketing Learners
U00975,35,Female,1,1.0,0.0,Web Development,Beginner,3.32,1,1.0,0.0,9,Advanced Web Development Learners
U00976,30,Male,12,2.0,121.88583333333334,Business,Advanced,3.1658333333333335,9,2.1666666666666665,1462.63,4,Highly Engaged AI Explorers
U00977,33,Female,1,1.0,0.0,Marketing,Advanced,2.98,1,3.0,0.0,8,Advanced Marketing Learners
U00978,18,Male,1,1.0,0.0,Design,Beginner,4.51,1,1.0,0.0,7,Deep Design Learners
U00979,16,Female,3,1.0,0.0,Cybersecurity,Beginner,4.1433333333333335,3,1.6666666666666667,0.0,2,Cybersecurity Beginners
U00980,17,Male,1,1.0,0.0,Finance,Advanced,1.59,1,3.0,0.0,2,Cybersecurity Beginners
U00981,34,Male,13,1.4444444444444444,110.55461538461539,Artificial Intelligence,Advanced,2.746923076923077,9,2.3846153846153846,1437.21,4,Highly Engaged AI Explorers
U00982,27,Female,1,1.0,346.71,Project Management,Advanced,1.23,1,3.0,346.71,0,AI Beginner Learners
U00983,26,Female,1,1.0,0.0,Business,Advanced,2.0,1,3.0,0.0,1,Business Advanced Learners
U00984,27,Male,1,1.0,415.51,Artificial Intelligence,Intermediate,3.11,1,2.0,415.51,0,AI Beginner Learners
U00985,21,Male,1,1.0,0.0,Machine Learning,Advanced,1.81,1,3.0,0.0,6,Advanced Machine Learning Learners
U00986,25,Male,2,1.0,0.0,Cybersecurity,Advanced,3.66,1,2.0,0.0,2,Cybersecurity Beginners
U00987,27,Female,1,1.0,0.0,Digital Marketing,Beginner,4.44,1,1.0,0.0,5,Digital Marketing Learners
U00988,21,Female,1,1.0,0.0,Cybersecurity,Advanced,2.38,1,3.0,0.0,2,Cybersecurity Beginners
U00989,26,Male,12,1.7142857142857142,82.80166666666666,Business,Advanced,2.6199999999999997,9,2.25,993.62,4,Highly Engaged AI Explorers
U00990,20,Male,1,1.0,0.0,Finance,Intermediate,4.1,1,2.0,0.0,2,Cybersecurity Beginners
U00991,30,Male,1,1.0,89.59,Artificial Intelligence,Intermediate,2.68,1,2.0,89.59,0,AI Beginner Learners
U00992,22,Female,4,1.0,238.0775,Business,Advanced,2.8225,4,2.5,952.31,1,Business Advanced Learners
U00993,17,Male,1,1.0,326.02,Business,Intermediate,2.69,1,2.0,326.02,1,Business Advanced Learners
U00994,29,Female,1,1.0,0.0,Machine Learning,Intermediate,4.73,1,2.0,0.0,6,Advanced Machine Learning Learners
U00995,27,Female,2,1.0,0.0,Cybersecurity,Advanced,2.29,2,2.0,0.0,2,Cybersecurity Beginners
U00996,24,Male,1,1.0,0.0,Digital Marketing,Intermediate,4.66,1,2.0,0.0,5,Digital Marketing Learners
U00997,34,Female,15,1.875,30.699333333333335,Design,Advanced,3.1686666666666667,8,2.2,460.49,4,Highly Engaged AI Explorers
U00998,18,Male,2,1.0,163.995,Data Science,Beginner,2.555,2,1.5,327.99,3,Data Science Beginners
U00999,33,Female,1,1.0,0.0,Design,Beginner,4.51,1,1.0,0.0,7,Deep Design Learners
U01000,16,Female,12,1.5,95.95166666666665,Machine Learning,Advanced,3.4483333333333337,7,2.25,1151.4199999999998,4,Highly Engaged AI Explorers
U01001,18,Male,1,1.0,0.0,Project Management,Intermediate,3.45,1,2.0,0.0,0,AI Beginner Learners
U01002,19,Male,1,1.0,0.0,Business,Advanced,3.15,1,3.0,0.0,1,Business Advanced Learners
U01003,35,Male,1,1.0,0.0,Business,Advanced,2.0,1,3.0,0.0,1,Business Advanced Learners
U01004,16,Female,1,1.0,415.51,Artificial Intelligence,Intermediate,3.11,1,2.0,415.51,0,AI Beginner Learners
U01005,19,Male,1,1.0,119.04,Finance,Intermediate,2.75,1,2.0,119.04,2,Cybersecurity Beginners
U01006,19,Male,2,1.0,18.945,Programming,Advanced,1.8650000000000002,2,2.5,37.89,2,Cybersecurity Beginners
U01007,30,Male,1,1.0,0.0,Finance,Intermediate,4.1,1,2.0,0.0,2,Cybersecurity Beginners
U01008,18,Male,2,1.0,0.0,Data Science,Beginner,3.24,2,1.5,0.0,3,Data Science Beginners
U01009,15,Female,1,1.0,0.78,Machine Learning,Advanced,3.89,1,3.0,0.78,6,Advanced Machine Learning Learners
U01010,35,Female,1,1.0,0.0,Design,Advanced,2.61,1,3.0,0.0,7,Deep Design Learners
U01011,18,Male,1,1.0,248.1,Artificial Intelligence,Beginner,1.2,1,1.0,248.1,0,AI Beginner Learners
U01012,35,Female,1,1.0,327.99,Project Management,Beginner,1.51,1,1.0,327.99,0,AI Beginner Learners
U01013,22,Male,3,1.0,99.85666666666667,Business,Advanced,2.8033333333333332,3,2.3333333333333335,299.57,1,Business Advanced Learners
U01014,17,Male,3,1.0,0.0,Artificial Intelligence,Advanced,3.366666666666667,3,2.3333333333333335,0.0,0,AI Beginner Learners
U01015,29,Male,15,1.875,79.52266666666667,Data Science,Intermediate,3.234,9,2.1333333333333333,1192.84,4,Highly Engaged AI Explorers
U01016,27,Female,2,1.0,28.66,Finance,Advanced,3.165,2,3.0,57.32,2,Cybersecurity Beginners
U01017,21,Female,2,1.0,305.53499999999997,Business,Beginner,2.325,1,1.5,611.0699999999999,1,Business Advanced Learners
U01018,23,Female,1,1.0,0.0,Finance,Beginner,4.14,1,1.0,0.0,2,Cybersecurity Beginners
U01019,27,Male,1,1.0,0.0,Finance,Beginner,4.14,1,1.0,0.0,2,Cybersecurity Beginners
U01020,28,Male,12,1.3333333333333333,97.42916666666666,Artificial Intelligence,Intermediate,2.72,9,2.0,1169.1499999999999,4,Highly Engaged AI Explorers
U01021,29,Female,2,1.0,0.0,Design,Beginner,3.355,2,1.0,0.0,7,Deep Design Learners
U01022,17,Male,13,1.3,66.86923076923077,Web Development,Intermediate,3.6884615384615387,10,1.7692307692307692,869.3,4,Highly Engaged AI Explorers
U01023,18,Male,2,1.0,0.0,Cybersecurity,Beginner,4.22,2,1.5,0.0,2,Cybersecurity Beginners
U01024,17,Female,3,1.0,162.64000000000001,Digital Marketing,Advanced,4.246666666666667,2,2.0,487.92,5,Digital Marketing Learners
U01025,34,Male,1,1.0,490.9,Artificial Intelligence,Beginner,4.55,1,1.0,490.9,0,AI Beginner Learners
U01026,33,Female,1,1.0,0.0,Finance,Beginner,4.14,1,1.0,0.0,2,Cybersecurity Beginners
U01027,32,Male,2,1.0,0.0,Programming,Beginner,2.3,2,1.0,0.0,2,Cybersecurity Beginners
U01028,23,Female,2,1.0,163.995,Programming,Beginner,2.195,2,1.0,327.99,2,Cybersecurity Beginners
U01029,15,Male,1,1.0,119.04,Finance,Intermediate,2.75,1,2.0,119.04,2,Cybersecurity Beginners
U01030,23,Female,1,1.0,0.0,Marketing,Intermediate,4.72,1,2.0,0.0,8,Advanced Marketing Learners
U01031,15,Male,13,1.8571428571428572,118.41384615384617,Design,Advanced,3.331538461538462,8,2.076923076923077,1539.38,4,Highly Engaged AI Explorers
U01032,16,Male,14,1.5555555555555556,99.255,Marketing,Advanced,3.386428571428571,10,2.0714285714285716,1389.57,4,Highly Engaged AI Explorers
U01033,30,Male,13,1.4444444444444444,140.80769230769232,Business,Advanced,3.1692307692307695,7,2.0,1830.5,4,Highly Engaged AI Explorers
U01034,18,Female,12,1.3333333333333333,12.4225,Finance,Advanced,3.2566666666666664,7,2.0,149.07,4,Highly Engaged AI Explorers
U01035,33,Male,3,1.5,257.6566666666667,Business,Advanced,2.47,2,2.3333333333333335,772.97,1,Business Advanced Learners
U01036,35,Male,1,1.0,0.0,Finance,Advanced,1.59,1,3.0,0.0,2,Cybersecurity Beginners
U01037,32,Female,1,1.0,415.51,Artificial Intelligence,Intermediate,3.11,1,2.0,415.51,0,AI Beginner Learners
U01038,33,Male,1,1.0,342.61,Project Management,Intermediate,4.84,1,2.0,342.61,0,AI Beginner Learners
U01039,21,Female,1,1.0,0.0,Cybersecurity,Beginner,4.94,1,1.0,0.0,2,Cybersecurity Beginners
U01040,21,Female,1,1.0,285.05,Business,Beginner,1.96,1,1.0,285.05,1,Business Advanced Learners
U01041,23,Female,1,1.0,0.0,Web Development,Advanced,2.67,1,3.0,0.0,9,Advanced Web Development Learners
U01042,26,Male,1,1.0,0.0,Project Management,Intermediate,3.45,1,2.0,0.0,0,AI Beginner Learners
U01043,19,Female,4,1.3333333333333333,14.33,Web Development,Advanced,2.515,3,2.5,57.32,9,Advanced Web Development Learners
U01044,31,Female,1,1.0,0.0,Web Development,Advanced,2.67,1,3.0,0.0,9,Advanced Web Development Learners
U01045,32,Female,2,1.0,0.0,Data Science,Beginner,3.24,2,1.5,0.0,3,Data Science Beginners
U01046,28,Female,1,1.0,53.86,Finance,Beginner,2.47,1,1.0,53.86,2,Cybersecurity Beginners
U01047,29,Female,1,1.0,0.0,Design,Beginner,4.51,1,1.0,0.0,7,Deep Design Learners
U01048,16,Female,1,1.0,0.0,Machine Learning,Advanced,1.81,1,3.0,0.0,6,Advanced Machine Learning Learners
U01049,34,Male,2,1.0,0.0,Data Science,Beginner,3.335,1,1.5,0.0,3,Data Science Beginners
U01050,25,Female,1,1.0,0.0,Cybersecurity,Intermediate,1.91,1,2.0,0.0,2,Cybersecurity Beginners
U01051,18,Female,2,1.0,0.0,Design,Advanced,3.23,2,3.0,0.0,7,Deep Design Learners
U01052,22,Female,2,1.0,0.0,Design,Beginner,4.62,2,1.5,0.0,7,Deep Design Learners
U01053,26,Female,1,1.0,0.0,Data Science,Intermediate,3.02,1,2.0,0.0,3,Data Science Beginners
U01054,20,Female,2,1.0,0.0,Design,Advanced,2.21,2,3.0,0.0,7,Deep Design Learners
U01055,22,Female,1,1.0,0.0,Machine Learning,Intermediate,4.73,1,2.0,0.0,6,Advanced Machine Learning Learners
U01056,15,Male,2,1.0,0.39,Cybersecurity,Advanced,3.91,2,2.5,0.78,2,Cybersecurity Beginners
U01057,33,Male,1,1.0,0.0,Finance,Intermediate,4.1,1,2.0,0.0,2,Cybersecurity Beginners
U01058,34,Female,2,1.0,303.325,Cybersecurity,Advanced,2.25,2,2.5,606.65,2,Cybersecurity Beginners
U01059,30,Male,1,1.0,0.0,Marketing,Intermediate,4.72,1,2.0,0.0,8,Advanced Marketing Learners
U01060,34,Female,1,1.0,119.04,Finance,Intermediate,2.75,1,2.0,119.04,2,Cybersecurity Beginners
U01061,22,Female,2,1.0,171.305,Project Management,Beginner,4.76,1,1.5,342.61,0,AI Beginner Learners
U01062,22,Female,1,1.0,0.0,Design,Advanced,4.45,1,3.0,0.0,7,Deep Design Learners
U01063,31,Female,1,1.0,0.0,Web Development,Advanced,2.67,1,3.0,0.0,9,Advanced Web Development Learners
U01064,26,Female,2,1.0,243.96,Business,Advanced,4.16,2,2.0,487.92,1,Business Advanced Learners
U01065,15,Male,4,1.0,81.9975,Business,Advanced,2.6574999999999998,4,2.0,327.99,1,Business Advanced Learners
U01066,19,Female,12,1.5,80.84750000000001,Data Science,Advanced,2.953333333333333,7,2.0,970.1700000000001,4,Highly Engaged AI Explorers
U01067,17,Male,1,1.0,0.0,Cybersecurity,Intermediate,1.91,1,2.0,0.0,2,Cybersecurity Beginners
U01068,32,Female,2,1.0,0.0,Cybersecurity,Beginner,4.2700000000000005,2,1.5,0.0,2,Cybersecurity Beginners
U01069,35,Male,1,1.0,0.0,Cybersecurity,Beginner,4.94,1,1.0,0.0,2,Cybersecurity Beginners
U01070,32,Male,1,1.0,0.0,Finance,Beginner,4.14,1,1.0,0.0,2,Cybersecurity Beginners
U01071,19,Female,2,1.0,248.72,Business,Advanced,2.5549999999999997,2,2.0,497.44,1,Business Advanced Learners
U01072,32,Male,1,1.0,327.99,Project Management,Beginner,1.51,1,1.0,327.99,0,AI Beginner Learners
U01073,23,Male,2,1.0,374.325,Design,Advanced,3.7300000000000004,2,2.0,748.65,7,Deep Design Learners
U01074,26,Female,1,1.0,0.0,Finance,Advanced,1.59,1,3.0,0.0,2,Cybersecurity Beginners
U01075,17,Male,2,1.0,245.45,Artificial Intelligence,Beginner,3.9349999999999996,2,1.0,490.9,0,AI Beginner Learners
U01076,20,Male,1,1.0,0.0,Design,Advanced,4.45,1,3.0,0.0,7,Deep Design Learners
U01077,24,Female,2,1.0,245.45,Artificial Intelligence,Beginner,3.3449999999999998,2,1.0,490.9,0,AI Beginner Learners
U01078,27,Male,2,1.0,0.0,Design,Advanced,2.795,2,3.0,0.0,7,Deep Design Learners
U01079,21,Male,13,2.1666666666666665,2.914615384615385,Machine Learning,Advanced,2.927692307692308,7,2.0,37.89,4,Highly Engaged AI Explorers
U01080,30,Female,1,1.0,117.68,Data Science,Advanced,2.57,1,3.0,117.68,3,Data Science Beginners
U01081,26,Female,1,1.0,326.02,Business,Intermediate,2.69,1,2.0,326.02,1,Business Advanced Learners
U01082,25,Male,1,1.0,0.0,Finance,Intermediate,4.1,1,2.0,0.0,2,Cybersecurity Beginners
U01083,29,Male,15,2.142857142857143,118.636,Data Science,Advanced,3.182666666666667,11,2.2,1779.54,4,Highly Engaged AI Explorers
U01084,24,Male,13,1.625,166.59846153846152,Artificial Intelligence,Beginner,3.3153846153846156,8,1.7692307692307692,2165.7799999999997,4,Highly Engaged AI Explorers
U01085,26,Female,2,1.0,59.52,Finance,Intermediate,2.59,2,2.0,119.04,2,Cybersecurity Beginners
U01086,29,Female,1,1.0,117.68,Data Science,Advanced,2.57,1,3.0,117.68,3,Data Science Beginners
U01087,19,Male,1,1.0,299.57,Data Science,Beginner,3.74,1,1.0,299.57,3,Data Science Beginners
U01088,21,Male,2,1.0,225.79,Cybersecurity,Advanced,3.045,2,2.5,451.58,2,Cybersecurity Beginners
U01089,17,Female,1,1.0,0.0,Digital Marketing,Beginner,2.14,1,1.0,0.0,5,Digital Marketing Learners
U01090,25,Female,2,1.0,0.0,Digital Marketing,Intermediate,3.1950000000000003,2,2.0,0.0,5,Digital Marketing Learners
U01091,29,Female,2,1.0,0.0,Machine Learning,Intermediate,4.42,2,2.0,0.0,6,Advanced Machine Learning Learners
U01092,34,Female,15,1.6666666666666667,141.31066666666666,Artificial Intelligence,Beginner,3.2646666666666664,9,1.8666666666666667,2119.66,4,Highly Engaged AI Explorers
U01093,23,Female,1,1.0,0.0,Programming,Beginner,3.85,1,1.0,0.0,2,Cybersecurity Beginners
U01094,30,Male,2,1.0,142.525,Business,Beginner,3.345,2,1.5,285.05,1,Business Advanced Learners
U01095,21,Female,1,1.0,0.0,Design,Beginner,4.51,1,1.0,0.0,7,Deep Design Learners
U01096,18,Male,16,1.7777777777777777,48.107499999999995,Finance,Advanced,2.90875,7,2.0625,769.7199999999999,4,Highly Engaged AI Explorers
U01097,29,Female,1,1.0,0.0,Web Development,Advanced,2.67,1,3.0,0.0,9,Advanced Web Development Learners
U01098,17,Female,4,1.3333333333333333,295.4375,Business,Advanced,2.6825,3,2.25,1181.75,1,Business Advanced Learners
U01099,35,Female,1,1.0,0.0,Marketing,Advanced,4.79,1,3.0,0.0,8,Advanced Marketing Learners
U01100,24,Female,3,1.0,0.0,Cybersecurity,Advanced,2.606666666666667,3,2.3333333333333335,0.0,2,Cybersecurity Beginners
U01101,33,Male,1,1.0,0.0,Marketing,Advanced,2.01,1,3.0,0.0,8,Advanced Marketing Learners
U01102,23,Female,2,1.0,138.185,Cybersecurity,Advanced,3.83,2,2.0,276.37,2,Cybersecurity Beginners
U01103,22,Male,4,1.0,98.565,Business,Advanced,2.9050000000000002,4,2.75,394.26,1,Business Advanced Learners
U01104,29,Male,1,1.0,0.78,Machine Learning,Advanced,3.89,1,3.0,0.78,6,Advanced Machine Learning Learners
U01105,27,Male,1,1.0,0.0,Cybersecurity,Advanced,2.38,1,3.0,0.0,2,Cybersecurity Beginners
U01106,31,Male,1,1.0,327.99,Project Management,Beginner,1.51,1,1.0,327.99,0,AI Beginner Learners
U01107,30,Female,1,1.0,0.0,Artificial Intelligence,Beginner,3.64,1,1.0,0.0,0,AI Beginner Learners
U01108,16,Male,4,1.0,69.0925,Artificial Intelligence,Beginner,2.48,4,1.75,276.37,0,AI Beginner Learners
U01109,24,Female,1,1.0,0.0,Business,Advanced,2.0,1,3.0,0.0,1,Business Advanced Learners
U01110,23,Female,2,1.0,18.945,Web Development,Advanced,1.9849999999999999,1,3.0,37.89,9,Advanced Web Development Learners
U01111,31,Male,1,1.0,0.0,Machine Learning,Beginner,1.13,1,1.0,0.0,6,Advanced Machine Learning Learners
U01112,24,Female,1,1.0,212.39,Digital Marketing,Advanced,3.15,1,3.0,212.39,5,Digital Marketing Learners
U01113,22,Female,1,1.0,487.92,Business,Advanced,3.64,1,3.0,487.92,1,Business Advanced Learners
U01114,32,Male,1,1.0,0.0,Data Science,Intermediate,3.02,1,2.0,0.0,3,Data Science Beginners
U01115,18,Male,1,1.0,327.99,Project Management,Beginner,1.51,1,1.0,327.99,0,AI Beginner Learners
U01116,21,Female,1,1.0,0.0,Finance,Advanced,1.59,1,3.0,0.0,2,Cybersecurity Beginners
U01117,23,Female,1,1.0,0.0,Programming,Intermediate,2.43,1,2.0,0.0,2,Cybersecurity Beginners
U01118,31,Male,1,1.0,119.04,Finance,Intermediate,2.75,1,2.0,119.04,2,Cybersecurity Beginners
U01119,17,Female,1,1.0,0.0,Programming,Intermediate,2.43,1,2.0,0.0,2,Cybersecurity Beginners
U01120,35,Female,1,1.0,117.68,Data Science,Advanced,2.57,1,3.0,117.68,3,Data Science Beginners
U01121,20,Male,1,1.0,117.68,Data Science,Advanced,2.57,1,3.0,117.68,3,Data Science Beginners
U01122,29,Female,2,1.0,106.195,Digital Marketing,Advanced,3.795,1,2.0,212.39,5,Digital Marketing Learners
U01123,29,Female,15,1.6666666666666667,114.684,Design,Beginner,2.884666666666667,10,1.8666666666666667,1720.26,4,Highly Engaged AI Explorers
U01124,30,Female,3,1.0,114.20333333333333,Design,Advanced,3.01,3,2.6666666666666665,342.61,7,Deep Design Learners
U01125,32,Female,2,1.0,0.0,Business,Advanced,3.9400000000000004,2,2.5,0.0,1,Business Advanced Learners
U01126,15,Male,2,1.0,0.0,Marketing,Beginner,4.395,2,1.5,0.0,8,Advanced Marketing Learners
U01127,28,Female,3,1.0,39.68,Design,Intermediate,3.9766666666666666,3,2.3333333333333335,119.04,7,Deep Design Learners
U01128,31,Female,2,2.0,0.0,Finance,Beginner,4.39,2,1.5,0.0,2,Cybersecurity Beginners
U01129,28,Female,1,1.0,326.02,Business,Intermediate,2.69,1,2.0,326.02,1,Business Advanced Learners
U01130,28,Male,1,1.0,53.86,Finance,Beginner,2.47,1,1.0,53.86,2,Cybersecurity Beginners
U01131,25,Male,3,1.0,0.26,Design,Advanced,2.5366666666666666,3,2.3333333333333335,0.78,7,Deep Design Learners
U01132,27,Female,4,1.0,106.36,Artificial Intelligence,Beginner,2.615,3,1.75,425.44,0,AI Beginner Learners
U01133,35,Female,1,1.0,0.0,Design,Beginner,4.51,1,1.0,0.0,7,Deep Design Learners
U01134,19,Female,3,1.5,0.0,Cybersecurity,Advanced,3.0833333333333335,3,2.0,0.0,2,Cybersecurity Beginners
U01135,22,Male,1,1.0,0.0,Design,Advanced,2.61,1,3.0,0.0,7,Deep Design Learners
U01136,35,Male,1,1.0,212.39,Digital Marketing,Advanced,3.15,1,3.0,212.39,5,Digital Marketing Learners
U01137,28,Female,2,1.0,243.96,Business,Advanced,2.385,2,2.0,487.92,1,Business Advanced Learners
U01138,22,Female,1,1.0,89.59,Artificial Intelligence,Intermediate,2.68,1,2.0,89.59,0,AI Beginner Learners
U01139,22,Female,1,1.0,0.0,Programming,Beginner,3.85,1,1.0,0.0,2,Cybersecurity Beginners
U01140,29,Female,1,1.0,119.04,Finance,Intermediate,2.75,1,2.0,119.04,2,Cybersecurity Beginners
U01141,17,Female,1,1.0,276.37,Design,Advanced,2.72,1,3.0,276.37,7,Deep Design Learners
U01142,27,Male,2,1.0,0.0,Machine Learning,Advanced,3.245,2,2.0,0.0,6,Advanced Machine Learning Learners
U01143,31,Male,14,2.3333333333333335,72.72785714285715,Artificial Intelligence,Intermediate,2.850714285714286,10,2.142857142857143,1018.19,4,Highly Engaged AI Explorers
U01144,29,Female,2,1.0,173.355,Data Science,Advanced,2.415,2,2.5,346.71,3,Data Science Beginners
U01145,15,Female,1,1.0,472.28,Programming,Beginner,4.74,1,1.0,472.28,0,AI Beginner Learners
U01146,15,Male,13,1.625,13.701538461538462,Machine Learning,Advanced,3.130769230769231,9,2.076923076923077,178.12,6,Advanced Machine Learning Learners
U01147,15,Male,1,1.0,0.0,Programming,Intermediate,2.43,1,2.0,0.0,2,Cybersecurity Beginners
U01148,28,Male,2,1.0,0.0,Cybersecurity,Advanced,3.3,2,2.5,0.0,2,Cybersecurity Beginners
U01149,26,Female,4,1.3333333333333333,315.9675,Business,Beginner,3.72,3,1.75,1263.87,1,Business Advanced Learners
U01150,20,Male,1,1.0,53.86,Finance,Beginner,2.47,1,1.0,53.86,2,Cybersecurity Beginners
U01151,28,Female,14,1.4,77.51142857142857,Business,Beginner,2.6735714285714285,8,1.9285714285714286,1085.1599999999999,4,Highly Engaged AI Explorers
U01152,34,Male,1,1.0,346.71,Project Management,Advanced,1.23,1,3.0,346.71,0,AI Beginner Learners
U01153,15,Female,1,1.0,342.61,Project Management,Intermediate,4.84,1,2.0,342.61,0,AI Beginner Learners
U01154,24,Male,2,1.0,0.0,Digital Marketing,Advanced,3.125,2,2.0,0.0,5,Digital Marketing Learners
U01155,32,Female,4,1.3333333333333333,53.0975,Cybersecurity,Advanced,2.525,4,2.5,212.39,2,Cybersecurity Beginners
U01156,30,Male,2,2.0,0.0,Business,Advanced,3.34,2,2.0,0.0,1,Business Advanced Learners
U01157,31,Female,4,1.3333333333333333,121.98,Business,Advanced,3.355,4,2.5,487.92,1,Business Advanced Learners
U01158,35,Male,12,1.5,101.16083333333331,Cybersecurity,Beginner,3.486666666666667,10,1.6666666666666667,1213.9299999999998,4,Highly Engaged AI Explorers
U01159,26,Female,1,1.0,0.0,Marketing,Intermediate,4.72,1,2.0,0.0,8,Advanced Marketing Learners
U01160,15,Female,4,1.3333333333333333,66.5625,Digital Marketing,Advanced,2.885,4,2.0,266.25,5,Digital Marketing Learners
U01161,33,Male,1,1.0,0.0,Finance,Intermediate,4.1,1,2.0,0.0,2,Cybersecurity Beginners
U01162,19,Female,1,1.0,0.0,Machine Learning,Advanced,1.81,1,3.0,0.0,6,Advanced Machine Learning Learners
U01163,24,Male,13,1.4444444444444444,132.30307692307693,Design,Advanced,3.1576923076923076,4,2.230769230769231,1719.94,4,Highly Engaged AI Explorers
U01164,25,Female,1,1.0,0.0,Web Development,Advanced,2.67,1,3.0,0.0,9,Advanced Web Development Learners
U01165,24,Male,2,1.0,173.355,Data Science,Advanced,2.415,2,2.5,346.71,3,Data Science Beginners
U01166,21,Male,2,2.0,142.525,Business,Advanced,2.315,2,2.0,285.05,1,Business Advanced Learners
U01167,16,Female,11,1.5714285714285714,58.69909090909091,Web Development,Advanced,2.639090909090909,9,2.4545454545454546,645.69,9,Advanced Web Development Learners
U01168,27,Female,1,1.0,37.89,Web Development,Advanced,1.3,1,3.0,37.89,9,Advanced Web Development Learners
U01169,31,Female,1,1.0,0.0,Machine Learning,Intermediate,4.73,1,2.0,0.0,6,Advanced Machine Learning Learners
U01170,27,Female,14,1.5555555555555556,195.6457142857143,Artificial Intelligence,Advanced,3.0435714285714286,8,2.0,2739.04,4,Highly Engaged AI Explorers
U01171,19,Male,1,1.0,327.99,Project Management,Beginner,1.51,1,1.0,327.99,0,AI Beginner Learners
U01172,30,Male,3,1.0,100.66000000000001,Artificial Intelligence,Intermediate,3.516666666666666,3,2.3333333333333335,301.98,0,AI Beginner Learners
U01173,26,Female,3,1.0,115.57,Business,Advanced,2.6733333333333333,3,3.0,346.71,1,Business Advanced Learners
U01174,15,Female,1,1.0,89.59,Artificial Intelligence,Intermediate,2.68,1,2.0,89.59,0,AI Beginner Learners
U01175,20,Female,1,1.0,0.0,Design,Advanced,1.52,1,3.0,0.0,7,Deep Design Learners
U01176,20,Male,3,1.0,0.0,Artificial Intelligence,Beginner,3.823333333333333,3,1.6666666666666667,0.0,0,AI Beginner Learners
U01177,16,Male,13,2.1666666666666665,41.45076923076923,Finance,Beginner,3.083076923076923,9,1.7692307692307692,538.86,4,Highly Engaged AI Explorers
U01178,21,Female,2,1.0,0.0,Cybersecurity,Beginner,2.78,2,1.5,0.0,2,Cybersecurity Beginners
U01179,31,Female,2,1.0,297.405,Artificial Intelligence,Advanced,1.2149999999999999,2,2.0,594.81,0,AI Beginner Learners
U01180,18,Male,13,1.625,131.3530769230769,Data Science,Advanced,3.05,10,2.3076923076923075,1707.59,4,Highly Engaged AI Explorers
U01181,27,Female,1,1.0,0.0,Programming,Beginner,3.85,1,1.0,0.0,2,Cybersecurity Beginners
U01182,25,Female,3,1.0,127.77999999999999,Business,Advanced,3.19,3,2.0,383.34,1,Business Advanced Learners
U01183,21,Female,2,1.0,0.0,Finance,Advanced,2.455,2,2.0,0.0,2,Cybersecurity Beginners
U01184,31,Male,1,1.0,53.86,Finance,Beginner,2.47,1,1.0,53.86,2,Cybersecurity Beginners
U01185,28,Male,2,1.0,335.315,Cybersecurity,Advanced,2.035,2,2.5,670.63,2,Cybersecurity Beginners
U01186,34,Male,1,1.0,0.0,Artificial Intelligence,Beginner,3.64,1,1.0,0.0,0,AI Beginner Learners
U01187,35,Female,1,1.0,0.0,Cybersecurity,Advanced,2.38,1,3.0,0.0,2,Cybersecurity Beginners
U01188,24,Male,1,1.0,0.0,Machine Learning,Intermediate,1.73,1,2.0,0.0,6,Advanced Machine Learning Learners
U01189,28,Male,1,1.0,0.0,Marketing,Intermediate,4.11,1,2.0,0.0,8,Advanced Marketing Learners
U01190,31,Male,1,1.0,0.0,Cybersecurity,Beginner,4.94,1,1.0,0.0,2,Cybersecurity Beginners
U01191,28,Female,1,1.0,472.28,Programming,Beginner,4.74,1,1.0,472.28,0,AI Beginner Learners
U01192,20,Female,1,1.0,0.0,Marketing,Intermediate,4.11,1,2.0,0.0,8,Advanced Marketing Learners
U01193,20,Female,2,1.0,243.96,Business,Advanced,2.58,2,3.0,487.92,1,Business Advanced Learners
U01194,32,Female,1,1.0,0.0,Web Development,Beginner,2.2,1,1.0,0.0,9,Advanced Web Development Learners
U01195,23,Male,1,1.0,487.92,Business,Advanced,3.64,1,3.0,487.92,1,Business Advanced Learners
U01196,21,Female,2,2.0,138.575,Design,Advanced,3.305,2,3.0,277.15,7,Deep Design Learners
U01197,28,Male,14,1.5555555555555556,45.21071428571429,Cybersecurity,Intermediate,3.2135714285714285,9,2.142857142857143,632.95,4,Highly Engaged AI Explorers
U01198,33,Female,1,1.0,0.0,Design,Advanced,1.52,1,3.0,0.0,7,Deep Design Learners
U01199,17,Female,1,1.0,0.0,Web Development,Advanced,2.67,1,3.0,0.0,9,Advanced Web Development Learners
U01200,15,Female,1,1.0,0.0,Web Development,Beginner,2.2,1,1.0,0.0,9,Advanced Web Development Learners
U01201,28,Male,1,1.0,177.34,Digital Marketing,Advanced,3.89,1,3.0,177.34,5,Digital Marketing Learners
U01202,29,Female,1,1.0,0.0,Design,Advanced,4.45,1,3.0,0.0,7,Deep Design Learners
U01203,15,Male,16,1.7777777777777777,114.225625,Business,Advanced,3.033125,11,2.3125,1827.61,4,Highly Engaged AI Explorers
U01204,17,Female,3,1.5,0.0,Machine Learning,Advanced,1.8499999999999999,2,2.6666666666666665,0.0,6,Advanced Machine Learning Learners
U01205,27,Male,2,2.0,165.035,Data Science,Advanced,2.86,2,3.0,330.07,3,Data Science Beginners
U01206,15,Female,1,1.0,37.89,Web Development,Advanced,1.3,1,3.0,37.89,9,Advanced Web Development Learners
U01207,30,Female,1,1.0,0.0,Machine Learning,Intermediate,4.73,1,2.0,0.0,6,Advanced Machine Learning Learners
U01208,27,Female,1,1.0,0.0,Marketing,Intermediate,4.11,1,2.0,0.0,8,Advanced Marketing Learners
U01209,20,Male,2,1.0,0.0,Design,Beginner,3.915,2,1.0,0.0,7,Deep Design Learners
U01210,22,Female,1,1.0,0.0,Design,Advanced,4.45,1,3.0,0.0,7,Deep Design Learners
U01211,32,Female,1,1.0,490.9,Artificial Intelligence,Beginner,4.55,1,1.0,490.9,0,AI Beginner Learners
U01212,18,Female,1,1.0,0.0,Design,Advanced,4.45,1,3.0,0.0,7,Deep Design Learners
U01213,20,Female,1,1.0,177.34,Digital Marketing,Advanced,3.89,1,3.0,177.34,5,Digital Marketing Learners
U01214,31,Female,1,1.0,0.0,Machine Learning,Advanced,1.81,1,3.0,0.0,6,Advanced Machine Learning Learners
U01215,15,Female,1,1.0,490.9,Artificial Intelligence,Beginner,4.55,1,1.0,490.9,0,AI Beginner Learners
U01216,15,Male,1,1.0,37.89,Web Development,Advanced,1.3,1,3.0,37.89,9,Advanced Web Development Learners
U01217,25,Female,1,1.0,0.0,Marketing,Intermediate,4.11,1,2.0,0.0,8,Advanced Marketing Learners
U01218,34,Male,1,1.0,487.92,Business,Advanced,3.64,1,3.0,487.92,1,Business Advanced Learners
U01219,16,Male,1,1.0,117.68,Data Science,Advanced,2.57,1,3.0,117.68,3,Data Science Beginners
U01220,29,Female,1,1.0,285.05,Business,Beginner,1.96,1,1.0,285.05,1,Business Advanced Learners
U01221,32,Male,13,1.8571428571428572,95.88615384615385,Artificial Intelligence,Advanced,2.833846153846154,8,2.0,1246.52,4,Highly Engaged AI Explorers
U01222,19,Female,3,1.0,138.50333333333333,Cybersecurity,Advanced,3.4766666666666666,2,2.0,415.51,2,Cybersecurity Beginners
U01223,23,Female,1,1.0,0.0,Digital Marketing,Intermediate,4.66,1,2.0,0.0,5,Digital Marketing Learners
U01224,23,Female,11,1.5714285714285714,151.1518181818182,Artificial Intelligence,Advanced,2.8445454545454547,8,2.3636363636363638,1662.67,4,Highly Engaged AI Explorers
U01225,30,Female,2,1.0,0.0,Data Science,Intermediate,3.8499999999999996,2,2.0,0.0,3,Data Science Beginners
U01226,31,Female,2,1.0,138.185,Design,Advanced,2.0,2,2.0,276.37,7,Deep Design Learners
U01227,15,Male,1,1.0,327.99,Project Management,Beginner,1.51,1,1.0,327.99,0,AI Beginner Learners
U01228,28,Male,4,1.0,108.0375,Cybersecurity,Advanced,1.5775000000000001,3,2.25,432.15,2,Cybersecurity Beginners
U01229,27,Female,2,1.0,0.0,Artificial Intelligence,Beginner,3.62,2,1.5,0.0,0,AI Beginner Learners
U01230,23,Female,3,1.5,12.63,Cybersecurity,Advanced,3.6566666666666667,3,2.0,37.89,2,Cybersecurity Beginners
U01231,21,Female,14,1.5555555555555556,128.19071428571428,Web Development,Advanced,3.055,9,2.0714285714285716,1794.67,4,Highly Engaged AI Explorers
U01232,27,Female,1,1.0,0.0,Data Science,Beginner,3.65,1,1.0,0.0,3,Data Science Beginners
U01233,28,Male,11,1.5714285714285714,142.23181818181817,Artificial Intelligence,Beginner,3.039090909090909,8,1.6363636363636365,1564.55,4,Highly Engaged AI Explorers
U01234,27,Male,1,1.0,0.0,Marketing,Advanced,2.98,1,3.0,0.0,8,Advanced Marketing Learners
U01235,27,Female,14,1.75,118.50785714285713,Machine Learning,Advanced,3.307857142857143,9,2.2857142857142856,1659.11,4,Highly Engaged AI Explorers
U01236,20,Female,1,1.0,0.0,Data Science,Intermediate,3.6,1,2.0,0.0,3,Data Science Beginners
U01237,24,Male,13,1.625,98.41692307692308,Data Science,Beginner,3.4476923076923076,8,1.6923076923076923,1279.42,4,Highly Engaged AI Explorers
U01238,35,Male,1,1.0,0.0,Data Science,Intermediate,3.6,1,2.0,0.0,3,Data Science Beginners
U01239,20,Male,12,1.7142857142857142,181.88916666666668,Business,Beginner,3.0233333333333334,9,1.8333333333333333,2182.67,4,Highly Engaged AI Explorers
U01240,16,Male,1,1.0,0.0,Machine Learning,Advanced,1.81,1,3.0,0.0,6,Advanced Machine Learning Learners
U01241,25,Male,2,1.0,0.0,Business,Advanced,3.225,2,3.0,0.0,1,Business Advanced Learners
U01242,22,Male,2,1.0,18.945,Cybersecurity,Advanced,1.8399999999999999,2,3.0,37.89,2,Cybersecurity Beginners
U01243,31,Female,2,1.0,163.01,Business,Advanced,2.65,2,2.5,326.02,1,Business Advanced Learners
U01244,30,Female,14,1.75,130.67285714285714,Business,Advanced,3.2357142857142853,11,2.5,1829.42,4,Highly Engaged AI Explorers
U01245,35,Male,1,1.0,0.0,Artificial Intelligence,Beginner,3.64,1,1.0,0.0,0,AI Beginner Learners
U01246,27,Male,2,1.0,0.0,Business,Advanced,2.44,2,2.5,0.0,1,Business Advanced Learners
U01247,19,Male,1,1.0,0.0,Data Science,Intermediate,3.02,1,2.0,0.0,3,Data Science Beginners
U01248,16,Male,2,1.0,0.39,Design,Advanced,3.25,2,3.0,0.78,7,Deep Design Learners
U01249,25,Male,14,1.5555555555555556,145.10785714285714,Business,Beginner,3.187857142857143,9,1.5714285714285714,2031.51,4,Highly Engaged AI Explorers
U01250,27,Female,15,2.142857142857143,38.556666666666665,Artificial Intelligence,Advanced,3.1373333333333333,10,2.0,578.35,4,Highly Engaged AI Explorers
U01251,29,Male,2,1.0,0.0,Business,Advanced,2.49,2,3.0,0.0,1,Business Advanced Learners
U01252,19,Female,1,1.0,415.51,Artificial Intelligence,Intermediate,3.11,1,2.0,415.51,0,AI Beginner Learners
U01253,17,Male,1,1.0,212.39,Digital Marketing,Advanced,3.15,1,3.0,212.39,5,Digital Marketing Learners
U01254,23,Male,1,1.0,0.0,Machine Learning,Advanced,1.81,1,3.0,0.0,6,Advanced Machine Learning Learners
U01255,29,Female,4,1.0,44.53,Business,Advanced,3.235,4,3.0,178.12,1,Business Advanced Learners
U01256,32,Male,1,1.0,0.0,Programming,Intermediate,2.43,1,2.0,0.0,2,Cybersecurity Beginners
U01257,29,Female,2,1.0,0.0,Cybersecurity,Advanced,3.35,2,2.5,0.0,2,Cybersecurity Beginners
U01258,25,Male,4,1.0,209.40249999999997,Artificial Intelligence,Beginner,2.335,4,1.75,837.6099999999999,0,AI Beginner Learners
U01259,18,Female,1,1.0,394.26,Cybersecurity,Intermediate,1.35,1,2.0,394.26,2,Cybersecurity Beginners
U01260,31,Female,1,1.0,0.0,Data Science,Beginner,3.65,1,1.0,0.0,3,Data Science Beginners
U01261,25,Male,13,1.8571428571428572,118.75384615384617,Digital Marketing,Advanced,2.8592307692307695,10,2.1538461538461537,1543.8000000000002,4,Highly Engaged AI Explorers
U01262,29,Female,4,1.0,144.3775,Artificial Intelligence,Intermediate,3.2975000000000003,4,2.0,577.51,0,AI Beginner Learners
U01263,17,Female,1,1.0,490.9,Artificial Intelligence,Beginner,4.55,1,1.0,490.9,0,AI Beginner Learners
U01264,15,Male,1,1.0,0.0,Cybersecurity,Beginner,4.94,1,1.0,0.0,2,Cybersecurity Beginners
U01265,23,Male,2,1.0,0.0,Cybersecurity,Advanced,2.525,2,3.0,0.0,2,Cybersecurity Beginners
U01266,18,Female,14,1.4,139.35,Business,Advanced,2.567142857142857,8,2.0714285714285716,1950.9,4,Highly Engaged AI Explorers
U01267,30,Female,14,2.0,112.96142857142857,Design,Advanced,2.7257142857142855,11,2.0,1581.46,4,Highly Engaged AI Explorers
U01268,33,Male,13,1.4444444444444444,91.71076923076923,Data Science,Advanced,3.413846153846154,9,2.0,1192.24,4,Highly Engaged AI Explorers
U01269,25,Female,1,1.0,326.02,Business,Intermediate,2.69,1,2.0,326.02,1,Business Advanced Learners
U01270,19,Male,2,1.0,0.0,Business,Advanced,3.83,2,2.0,0.0,1,Business Advanced Learners
U01271,23,Female,1,1.0,0.0,Cybersecurity,Intermediate,1.91,1,2.0,0.0,2,Cybersecurity Beginners
U01272,16,Female,1,1.0,0.0,Design,Advanced,4.45,1,3.0,0.0,7,Deep Design Learners
U01273,31,Female,1,1.0,0.0,Artificial Intelligence,Beginner,3.64,1,1.0,0.0,0,AI Beginner Learners
U01274,32,Female,1,1.0,346.71,Project Management,Advanced,1.23,1,3.0,346.71,0,AI Beginner Learners
U01275,35,Male,1,1.0,0.0,Cybersecurity,Beginner,4.94,1,1.0,0.0,2,Cybersecurity Beginners
U01276,27,Female,2,1.0,0.0,Data Science,Intermediate,3.8499999999999996,2,2.0,0.0,3,Data Science Beginners
U01277,26,Female,12,1.3333333333333333,14.778333333333334,Cybersecurity,Advanced,3.4341666666666666,8,2.0,177.34,4,Highly Engaged AI Explorers
U01278,16,Female,2,1.0,44.795,Artificial Intelligence,Beginner,3.0,2,1.5,89.59,0,AI Beginner Learners
U01279,29,Female,3,1.0,99.85666666666667,Data Science,Advanced,2.7866666666666666,3,2.3333333333333335,299.57,3,Data Science Beginners
U01280,26,Female,12,2.0,76.1375,Machine Learning,Beginner,2.533333333333333,7,1.6666666666666667,913.6500000000001,4,Highly Engaged AI Explorers
U01281,23,Female,13,1.625,67.37692307692308,Data Science,Advanced,3.0923076923076924,10,2.1538461538461537,875.9000000000001,4,Highly Engaged AI Explorers
U01282,26,Male,3,1.5,0.0,Design,Beginner,3.64,3,1.3333333333333333,0.0,7,Deep Design Learners
U01283,15,Male,1,1.0,0.0,Machine Learning,Advanced,1.81,1,3.0,0.0,6,Advanced Machine Learning Learners
U01284,34,Female,15,1.6666666666666667,162.51666666666668,Data Science,Advanced,3.1086666666666667,11,2.066666666666667,2437.75,4,Highly Engaged AI Explorers
U01285,35,Female,4,1.3333333333333333,0.195,Machine Learning,Advanced,2.8875,2,2.25,0.78,6,Advanced Machine Learning Learners
U01286,27,Male,13,1.8571428571428572,140.09153846153848,Data Science,Advanced,3.326923076923077,7,2.0,1821.19,4,Highly Engaged AI Explorers
U01287,33,Female,12,2.0,164.26583333333335,Artificial Intelligence,Intermediate,3.0658333333333334,9,1.9166666666666667,1971.19,4,Highly Engaged AI Explorers
U01288,18,Male,2,2.0,88.67,Cybersecurity,Advanced,3.91,2,2.5,177.34,2,Cybersecurity Beginners
U01289,35,Female,1,1.0,0.0,Design,Advanced,2.61,1,3.0,0.0,7,Deep Design Learners
U01290,16,Male,14,1.75,36.20285714285715,Business,Intermediate,2.982142857142857,10,2.0,506.84000000000003,4,Highly Engaged AI Explorers
U01291,34,Female,1,1.0,0.0,Web Development,Advanced,2.67,1,3.0,0.0,9,Advanced Web Development Learners
U01292,29,Male,1,1.0,0.0,Web Development,Advanced,2.67,1,3.0,0.0,9,Advanced Web Development Learners
U01293,33,Male,1,1.0,394.26,Cybersecurity,Intermediate,1.35,1,2.0,394.26,2,Cybersecurity Beginners
U01294,30,Male,1,1.0,0.0,Design,Advanced,2.61,1,3.0,0.0,7,Deep Design Learners
U01295,34,Female,4,1.0,98.8525,Data Science,Intermediate,3.4475,4,2.25,395.41,3,Data Science Beginners
U01296,21,Female,1,1.0,0.0,Project Management,Beginner,4.68,1,1.0,0.0,0,AI Beginner Learners
U01297,27,Male,1,1.0,0.0,Machine Learning,Advanced,1.81,1,3.0,0.0,6,Advanced Machine Learning Learners
U01298,22,Female,1,1.0,0.0,Digital Marketing,Beginner,4.44,1,1.0,0.0,5,Digital Marketing Learners
U01299,28,Female,1,1.0,0.0,Marketing,Intermediate,4.72,1,2.0,0.0,8,Advanced Marketing Learners
U01300,19,Male,1,1.0,0.0,Business,Advanced,3.15,1,3.0,0.0,1,Business Advanced Learners
U01301,27,Male,1,1.0,0.0,Digital Marketing,Beginner,4.44,1,1.0,0.0,5,Digital Marketing Learners
U01302,19,Female,2,1.0,0.0,Design,Advanced,3.885,2,2.0,0.0,7,Deep Design Learners
U01303,23,Female,2,1.0,58.84,Cybersecurity,Advanced,3.25,2,2.5,117.68,2,Cybersecurity Beginners
U01304,33,Female,2,1.0,0.0,Digital Marketing,Beginner,2.995,2,1.0,0.0,5,Digital Marketing Learners
U01305,22,Female,3,1.5,0.0,Finance,Advanced,2.76,3,2.3333333333333335,0.0,2,Cybersecurity Beginners
U01306,22,Male,1,1.0,0.0,Web Development,Advanced,2.67,1,3.0,0.0,9,Advanced Web Development Learners
U01307,16,Female,1,1.0,0.0,Design,Advanced,4.45,1,3.0,0.0,7,Deep Design Learners
U01308,23,Male,1,1.0,0.0,Cybersecurity,Advanced,2.38,1,3.0,0.0,2,Cybersecurity Beginners
U01309,35,Male,2,1.0,0.0,Data Science,Advanced,2.83,2,2.0,0.0,3,Data Science Beginners
U01310,21,Female,3,1.0,0.0,Design,Intermediate,3.606666666666667,3,2.3333333333333335,0.0,7,Deep Design Learners
U01311,27,Male,1,1.0,327.99,Project Management,Beginner,1.51,1,1.0,327.99,0,AI Beginner Learners
U01312,16,Male,1,1.0,0.0,Design,Advanced,2.61,1,3.0,0.0,7,Deep Design Learners
U01313,31,Male,3,1.0,82.7,Artificial Intelligence,Intermediate,3.5500000000000003,3,1.6666666666666667,248.1,0,AI Beginner Learners
U01314,26,Female,2,1.0,149.785,Data Science,Beginner,3.9250000000000003,2,1.5,299.57,3,Data Science Beginners
U01315,33,Male,13,1.625,143.8476923076923,Business,Advanced,2.9376923076923074,9,2.076923076923077,1870.02,4,Highly Engaged AI Explorers
U01316,31,Female,1,1.0,0.0,Business,Advanced,3.15,1,3.0,0.0,1,Business Advanced Learners
U01317,32,Female,1,1.0,0.0,Finance,Advanced,1.59,1,3.0,0.0,2,Cybersecurity Beginners
U01318,18,Female,14,1.75,95.51071428571429,Cybersecurity,Advanced,3.0364285714285715,11,2.2857142857142856,1337.15,4,Highly Engaged AI Explorers
U01319,25,Male,1,1.0,0.0,Marketing,Intermediate,4.72,1,2.0,0.0,8,Advanced Marketing Learners
U01320,20,Male,4,1.0,71.2625,Business,Beginner,2.83,4,1.75,285.05,1,Business Advanced Learners
U01321,35,Male,14,1.5555555555555556,60.92428571428571,Machine Learning,Advanced,2.7807142857142857,8,2.0,852.9399999999999,4,Highly Engaged AI Explorers
U01322,26,Female,12,1.3333333333333333,63.38666666666668,Data Science,Advanced,3.393333333333333,8,2.3333333333333335,760.6400000000001,4,Highly Engaged AI Explorers
U01323,15,Male,2,1.0,0.0,Programming,Beginner,3.6500000000000004,2,1.5,0.0,2,Cybersecurity Beginners
U01324,24,Male,1,1.0,0.0,Digital Marketing,Intermediate,4.66,1,2.0,0.0,5,Digital Marketing Learners
U01325,18,Female,2,1.0,88.67,Design,Advanced,3.25,2,3.0,177.34,7,Deep Design Learners
U01326,15,Female,2,1.0,0.39,Digital Marketing,Advanced,4.275,2,2.5,0.78,5,Digital Marketing Learners
U01327,23,Male,1,1.0,487.92,Business,Advanced,3.64,1,3.0,487.92,1,Business Advanced Learners
U01328,27,Male,1,1.0,248.1,Artificial Intelligence,Beginner,1.2,1,1.0,248.1,0,AI Beginner Learners
U01329,15,Female,1,1.0,276.37,Design,Advanced,2.72,1,3.0,276.37,7,Deep Design Learners
U01330,20,Female,2,1.0,0.0,Artificial Intelligence,Advanced,2.8200000000000003,2,2.0,0.0,0,AI Beginner Learners
U01331,16,Male,13,1.4444444444444444,99.08153846153846,Data Science,Advanced,2.6507692307692308,8,2.1538461538461537,1288.06,4,Highly Engaged AI Explorers
U01332,20,Male,12,2.0,114.77833333333335,Marketing,Advanced,2.986666666666667,8,2.25,1377.3400000000001,4,Highly Engaged AI Explorers
U01333,15,Male,1,1.0,0.0,Design,Advanced,2.61,1,3.0,0.0,7,Deep Design Learners
U01334,35,Female,13,1.4444444444444444,50.860769230769236,Cybersecurity,Intermediate,2.963846153846154,9,2.0,661.19,4,Highly Engaged AI Explorers
U01335,16,Female,1,1.0,0.0,Machine Learning,Intermediate,4.73,1,2.0,0.0,6,Advanced Machine Learning Learners
U01336,33,Male,14,1.75,62.18928571428571,Data Science,Advanced,2.967142857142857,9,2.142857142857143,870.65,4,Highly Engaged AI Explorers
U01337,32,Female,16,1.6,77.68125,Machine Learning,Advanced,2.9125,10,2.3125,1242.9,4,Highly Engaged AI Explorers
U01338,15,Male,3,1.0,0.0,Cybersecurity,Advanced,2.353333333333333,3,3.0,0.0,2,Cybersecurity Beginners
U01339,35,Male,2,1.0,207.755,Artificial Intelligence,Intermediate,2.77,2,2.0,415.51,0,AI Beginner Learners
U01340,32,Female,2,1.0,207.755,Artificial Intelligence,Beginner,2.195,2,1.5,415.51,0,AI Beginner Learners
U01341,29,Male,3,1.5,39.22666666666667,Data Science,Beginner,2.8066666666666666,2,1.6666666666666667,117.68,3,Data Science Beginners
U01342,25,Male,2,1.0,0.0,Business,Advanced,3.5,2,2.0,0.0,1,Business Advanced Learners
U01343,32,Male,14,1.5555555555555556,139.7657142857143,Cybersecurity,Intermediate,2.975714285714286,9,2.0,1956.72,4,Highly Engaged AI Explorers
U01344,25,Female,14,1.5555555555555556,48.59285714285714,Design,Beginner,2.9035714285714285,7,1.9285714285714286,680.3,4,Highly Engaged AI Explorers
U01345,19,Male,1,1.0,0.0,Web Development,Beginner,2.2,1,1.0,0.0,9,Advanced Web Development Learners
U01346,16,Male,15,1.6666666666666667,92.72333333333333,Artificial Intelligence,Advanced,2.9886666666666666,11,2.2,1390.85,4,Highly Engaged AI Explorers
U01347,20,Male,13,1.4444444444444444,63.106153846153845,Artificial Intelligence,Advanced,3.2384615384615385,9,2.0,820.38,4,Highly Engaged AI Explorers
U01348,29,Female,2,2.0,0.0,Cybersecurity,Beginner,3.21,2,1.5,0.0,2,Cybersecurity Beginners
U01349,26,Male,1,1.0,0.0,Machine Learning,Intermediate,1.73,1,2.0,0.0,6,Advanced Machine Learning Learners
U01350,16,Female,13,1.8571428571428572,83.70384615384616,Cybersecurity,Beginner,3.2746153846153847,8,1.7692307692307692,1088.15,4,Highly Engaged AI Explorers
U01351,16,Male,2,1.0,0.39,Machine Learning,Advanced,3.67,2,2.5,0.78,6,Advanced Machine Learning Learners
U01352,25,Male,13,1.625,101.50615384615384,Marketing,Intermediate,3.845384615384615,9,2.0,1319.58,4,Highly Engaged AI Explorers
U01353,20,Female,1,1.0,0.0,Web Development,Beginner,2.2,1,1.0,0.0,9,Advanced Web Development Learners
U01354,15,Male,2,2.0,0.0,Design,Advanced,4.585,2,2.5,0.0,7,Deep Design Learners
U01355,28,Female,13,1.4444444444444444,111.51846153846154,Marketing,Advanced,3.5300000000000002,8,2.6153846153846154,1449.74,4,Highly Engaged AI Explorers
U01356,26,Female,3,1.0,29.863333333333333,Artificial Intelligence,Intermediate,3.28,3,1.6666666666666667,89.59,0,AI Beginner Learners
U01357,28,Female,1,1.0,0.78,Machine Learning,Advanced,3.89,1,3.0,0.78,6,Advanced Machine Learning Learners
U01358,31,Male,1,1.0,37.89,Web Development,Advanced,1.3,1,3.0,37.89,9,Advanced Web Development Learners
U01359,18,Female,2,2.0,0.0,Cybersecurity,Beginner,3.21,2,1.5,0.0,2,Cybersecurity Beginners
U01360,22,Female,1,1.0,119.04,Finance,Intermediate,2.75,1,2.0,119.04,2,Cybersecurity Beginners
U01361,31,Male,1,1.0,0.0,Web Development,Beginner,2.2,1,1.0,0.0,9,Advanced Web Development Learners
U01362,26,Male,3,1.0,0.0,Artificial Intelligence,Beginner,2.92,3,1.6666666666666667,0.0,0,AI Beginner Learners
U01363,25,Male,2,1.0,0.0,Data Science,Advanced,3.29,2,2.5,0.0,3,Data Science Beginners
U01364,16,Female,13,1.8571428571428572,133.44615384615383,Digital Marketing,Advanced,3.3515384615384614,9,2.1538461538461537,1734.8,4,Highly Engaged AI Explorers
U01365,25,Male,14,1.75,122.08928571428571,Data Science,Beginner,2.9314285714285715,11,1.7142857142857142,1709.25,4,Highly Engaged AI Explorers
U01366,29,Female,1,1.0,0.0,Finance,Advanced,1.59,1,3.0,0.0,2,Cybersecurity Beginners
U01367,22,Male,1,1.0,0.0,Project Management,Beginner,4.68,1,1.0,0.0,0,AI Beginner Learners
U01368,24,Female,1,1.0,0.0,Web Development,Beginner,2.2,1,1.0,0.0,9,Advanced Web Development Learners
U01369,21,Male,1,1.0,0.0,Data Science,Intermediate,3.02,1,2.0,0.0,3,Data Science Beginners
U01370,21,Female,3,1.5,92.12333333333333,Design,Advanced,2.2433333333333336,3,2.3333333333333335,276.37,7,Deep Design Learners
U01371,22,Male,1,1.0,0.0,Data Science,Intermediate,3.02,1,2.0,0.0,3,Data Science Beginners
U01372,19,Female,1,1.0,0.0,Digital Marketing,Intermediate,4.66,1,2.0,0.0,5,Digital Marketing Learners
U01373,24,Male,1,1.0,0.0,Cybersecurity,Intermediate,3.93,1,2.0,0.0,2,Cybersecurity Beginners
U01374,32,Female,1,1.0,0.0,Digital Marketing,Beginner,2.14,1,1.0,0.0,5,Digital Marketing Learners
U01375,22,Male,13,1.4444444444444444,148.82846153846154,Marketing,Beginner,3.1692307692307695,9,1.9230769230769231,1934.77,4,Highly Engaged AI Explorers
U01376,28,Male,1,1.0,0.0,Project Management,Beginner,4.68,1,1.0,0.0,0,AI Beginner Learners
U01377,16,Male,4,1.0,208.2725,Artificial Intelligence,Intermediate,2.6125,3,2.0,833.09,0,AI Beginner Learners
U01378,35,Male,2,1.0,236.14,Design,Beginner,4.625,2,1.0,472.28,7,Deep Design Learners
U01379,22,Male,2,1.0,149.785,Data Science,Beginner,2.435,2,1.0,299.57,3,Data Science Beginners
U01380,26,Male,1,1.0,37.89,Web Development,Advanced,1.3,1,3.0,37.89,9,Advanced Web Development Learners
U01381,15,Male,1,1.0,0.0,Finance,Beginner,4.14,1,1.0,0.0,2,Cybersecurity Beginners
U01382,22,Female,1,1.0,326.02,Business,Intermediate,2.69,1,2.0,326.02,1,Business Advanced Learners
U01383,32,Male,1,1.0,0.0,Cybersecurity,Intermediate,3.93,1,2.0,0.0,2,Cybersecurity Beginners
U01384,23,Female,3,1.0,157.42666666666665,Design,Advanced,3.4433333333333334,3,2.3333333333333335,472.28,7,Deep Design Learners
U01385,33,Female,1,1.0,0.0,Finance,Beginner,4.14,1,1.0,0.0,2,Cybersecurity Beginners
U01386,16,Male,1,1.0,487.92,Business,Advanced,3.64,1,3.0,487.92,1,Business Advanced Learners
U01387,21,Female,1,1.0,0.0,Data Science,Beginner,3.65,1,1.0,0.0,3,Data Science Beginners
U01388,27,Male,1,1.0,0.0,Design,Advanced,2.61,1,3.0,0.0,7,Deep Design Learners
U01389,30,Male,1,1.0,0.0,Programming,Beginner,3.85,1,1.0,0.0,2,Cybersecurity Beginners
U01390,33,Female,2,1.0,0.0,Business,Advanced,3.255,2,2.0,0.0,1,Business Advanced Learners
U01391,30,Male,1,1.0,0.0,Business,Advanced,3.15,1,3.0,0.0,1,Business Advanced Learners
U01392,29,Female,3,1.5,82.7,Artificial Intelligence,Beginner,2.4233333333333333,3,1.6666666666666667,248.1,0,AI Beginner Learners
U01393,30,Male,1,1.0,0.0,Data Science,Intermediate,3.02,1,2.0,0.0,3,Data Science Beginners
U01394,26,Female,14,1.75,48.576428571428565,Data Science,Beginner,3.4364285714285714,9,1.7857142857142858,680.0699999999999,4,Highly Engaged AI Explorers
U01395,31,Male,14,1.4,81.27357142857143,Design,Beginner,2.882857142857143,9,1.9285714285714286,1137.83,4,Highly Engaged AI Explorers
U01396,17,Female,3,1.0,131.42,Cybersecurity,Intermediate,2.813333333333333,3,2.0,394.26,2,Cybersecurity Beginners
U01397,28,Male,13,2.1666666666666665,68.23846153846154,Data Science,Beginner,3.2100000000000004,8,1.7692307692307692,887.1,4,Highly Engaged AI Explorers
U01398,23,Female,1,1.0,0.0,Web Development,Advanced,2.67,1,3.0,0.0,9,Advanced Web Development Learners
U01399,20,Male,16,2.0,103.058125,Artificial Intelligence,Beginner,3.179375,8,1.8125,1648.93,4,Highly Engaged AI Explorers
U01400,21,Female,1,1.0,0.0,Artificial Intelligence,Beginner,3.64,1,1.0,0.0,0,AI Beginner Learners
U01401,19,Female,1,1.0,327.99,Project Management,Beginner,1.51,1,1.0,327.99,0,AI Beginner Learners
U01402,19,Female,4,1.0,95.835,Artificial Intelligence,Intermediate,3.95,4,2.0,383.34,0,AI Beginner Learners
U01403,27,Male,1,1.0,0.0,Cybersecurity,Intermediate,1.91,1,2.0,0.0,2,Cybersecurity Beginners
U01404,18,Female,1,1.0,0.0,Web Development,Advanced,2.67,1,3.0,0.0,9,Advanced Web Development Learners
U01405,35,Male,12,1.5,86.20083333333332,Data Science,Advanced,2.874166666666667,9,2.25,1034.4099999999999,4,Highly Engaged AI Explorers
U01406,21,Female,1,1.0,0.0,Web Development,Advanced,2.67,1,3.0,0.0,9,Advanced Web Development Learners
U01407,34,Female,1,1.0,0.0,Marketing,Intermediate,4.72,1,2.0,0.0,8,Advanced Marketing Learners
U01408,18,Male,2,1.0,0.0,Programming,Beginner,3.0999999999999996,2,1.0,0.0,2,Cybersecurity Beginners
U01409,31,Male,4,1.0,147.82999999999998,Finance,Intermediate,3.025,3,2.0,591.3199999999999,2,Cybersecurity Beginners
U01410,17,Male,1,1.0,37.89,Web Development,Advanced,1.3,1,3.0,37.89,9,Advanced Web Development Learners
U01411,21,Male,15,1.6666666666666667,96.006,Design,Advanced,3.5106666666666664,9,2.0,1440.09,4,Highly Engaged AI Explorers
U01412,16,Male,3,1.0,19.366666666666667,Finance,Advanced,4.243333333333333,3,2.6666666666666665,58.1,2,Cybersecurity Beginners
U01413,24,Male,1,1.0,0.0,Machine Learning,Intermediate,1.73,1,2.0,0.0,6,Advanced Machine Learning Learners
U01414,35,Female,16,1.7777777777777777,75.00625,Cybersecurity,Advanced,3.05875,11,2.3125,1200.1,4,Highly Engaged AI Explorers
U01415,18,Male,3,1.0,362.0466666666666,Artificial Intelligence,Intermediate,2.393333333333333,3,2.3333333333333335,1086.1399999999999,0,AI Beginner Learners
U01416,22,Female,2,1.0,163.01,Business,Beginner,3.8150000000000004,2,1.5,326.02,1,Business Advanced Learners
U01417,26,Female,2,1.0,173.355,Project Management,Advanced,2.955,1,2.0,346.71,0,AI Beginner Learners
U01418,20,Female,1,1.0,0.0,Design,Advanced,4.45,1,3.0,0.0,7,Deep Design Learners
U01419,34,Female,2,1.0,163.995,Programming,Beginner,1.395,2,1.0,327.99,2,Cybersecurity Beginners
U01420,34,Female,3,1.0,113.23,Business,Beginner,2.7733333333333334,3,1.6666666666666667,339.69,1,Business Advanced Learners
U01421,22,Male,1,1.0,0.0,Finance,Beginner,4.14,1,1.0,0.0,2,Cybersecurity Beginners
U01422,16,Male,2,1.0,245.45,Artificial Intelligence,Beginner,4.324999999999999,2,1.5,490.9,0,AI Beginner Learners
U01423,25,Male,1,1.0,0.0,Design,Advanced,4.45,1,3.0,0.0,7,Deep Design Learners
U01424,28,Female,1,1.0,415.51,Artificial Intelligence,Intermediate,3.11,1,2.0,415.51,0,AI Beginner Learners
U01425,25,Female,1,1.0,0.0,Project Management,Beginner,4.68,1,1.0,0.0,0,AI Beginner Learners
U01426,24,Male,1,1.0,89.59,Artificial Intelligence,Intermediate,2.68,1,2.0,89.59,0,AI Beginner Learners
U01427,25,Male,1,1.0,0.0,Artificial Intelligence,Beginner,3.64,1,1.0,0.0,0,AI Beginner Learners
U01428,35,Female,1,1.0,0.0,Marketing,Advanced,4.79,1,3.0,0.0,8,Advanced Marketing Learners
U01429,31,Female,15,1.5,55.278,Design,Beginner,3.6806666666666668,10,1.8666666666666667,829.17,4,Highly Engaged AI Explorers
U01430,19,Female,13,1.625,99.74461538461537,Cybersecurity,Advanced,3.4553846153846157,10,2.3076923076923075,1296.6799999999998,4,Highly Engaged AI Explorers
U01431,34,Female,2,1.0,0.0,Cybersecurity,Intermediate,4.0200000000000005,2,2.0,0.0,2,Cybersecurity Beginners
U01432,17,Female,12,1.7142857142857142,188.86166666666668,Artificial Intelligence,Intermediate,3.285,8,2.0833333333333335,2266.34,4,Highly Engaged AI Explorers
U01433,16,Female,2,2.0,44.795,Artificial Intelligence,Beginner,3.16,1,1.5,89.59,0,AI Beginner Learners
U01434,24,Male,2,1.0,45.185,Artificial Intelligence,Advanced,3.285,2,2.5,90.37,0,AI Beginner Learners
U01435,16,Male,13,1.625,113.74307692307691,Artificial Intelligence,Intermediate,2.9015384615384616,10,2.0,1478.6599999999999,4,Highly Engaged AI Explorers
U01436,34,Female,2,1.0,0.0,Business,Advanced,2.8,2,2.5,0.0,1,Business Advanced Learners
U01437,33,Female,1,1.0,0.0,Finance,Beginner,4.14,1,1.0,0.0,2,Cybersecurity Beginners
U01438,30,Female,4,1.0,9.4725,Web Development,Beginner,2.3200000000000003,3,1.5,37.89,9,Advanced Web Development Learners
U01439,22,Male,1,1.0,327.99,Project Management,Beginner,1.51,1,1.0,327.99,0,AI Beginner Learners
U01440,20,Female,2,1.0,197.13,Cybersecurity,Intermediate,2.64,1,2.0,394.26,2,Cybersecurity Beginners
U01441,24,Female,1,1.0,327.99,Project Management,Beginner,1.51,1,1.0,327.99,0,AI Beginner Learners
U01442,34,Female,3,1.0,186.36666666666665,Design,Advanced,2.33,3,3.0,559.0999999999999,7,Deep Design Learners
U01443,17,Female,2,1.0,0.0,Artificial Intelligence,Advanced,3.125,2,2.0,0.0,0,AI Beginner Learners
U01444,29,Male,2,1.0,218.14999999999998,Artificial Intelligence,Advanced,1.955,2,2.5,436.29999999999995,0,AI Beginner Learners
U01445,29,Male,12,1.3333333333333333,132.02666666666667,Web Development,Beginner,2.795833333333333,9,1.8333333333333333,1584.32,4,Highly Engaged AI Explorers
U01446,32,Female,1,1.0,0.0,Web Development,Beginner,3.32,1,1.0,0.0,9,Advanced Web Development Learners
U01447,17,Female,1,1.0,0.0,Business,Advanced,3.15,1,3.0,0.0,1,Business Advanced Learners
U01448,25,Female,1,1.0,0.0,Data Science,Intermediate,3.6,1,2.0,0.0,3,Data Science Beginners
U01449,34,Male,2,1.0,0.0,Digital Marketing,Beginner,3.99,2,1.5,0.0,5,Digital Marketing Learners
U01450,16,Female,11,1.375,94.51181818181817,Artificial Intelligence,Intermediate,3.4645454545454544,8,2.1818181818181817,1039.6299999999999,4,Highly Engaged AI Explorers
U01451,17,Male,11,1.5714285714285714,82.40090909090908,Artificial Intelligence,Beginner,3.328181818181818,7,1.6363636363636365,906.41,4,Highly Engaged AI Explorers
U01452,23,Male,2,1.0,77.785,Data Science,Advanced,1.935,2,3.0,155.57,3,Data Science Beginners
U01453,17,Male,2,1.0,0.0,Cybersecurity,Beginner,3.1750000000000003,2,1.5,0.0,2,Cybersecurity Beginners
U01454,18,Female,2,1.0,0.0,Cybersecurity,Advanced,2.26,2,2.5,0.0,2,Cybersecurity Beginners
U01455,22,Female,14,1.75,71.06285714285714,Artificial Intelligence,Advanced,3.0978571428571433,11,2.0714285714285716,994.88,4,Highly Engaged AI Explorers
U01456,30,Male,1,1.0,0.0,Finance,Beginner,4.14,1,1.0,0.0,2,Cybersecurity Beginners
U01457,27,Male,1,1.0,394.26,Cybersecurity,Intermediate,1.35,1,2.0,394.26,2,Cybersecurity Beginners
U01458,24,Male,1,1.0,0.0,Business,Advanced,2.0,1,3.0,0.0,1,Business Advanced Learners
U01459,17,Female,1,1.0,0.0,Programming,Beginner,1.28,1,1.0,0.0,2,Cybersecurity Beginners
U01460,32,Female,13,1.4444444444444444,125.74,Cybersecurity,Advanced,3.0584615384615383,10,2.0,1634.62,4,Highly Engaged AI Explorers
U01461,16,Male,1,1.0,327.99,Project Management,Beginner,1.51,1,1.0,327.99,0,AI Beginner Learners
U01462,27,Male,1,1.0,212.39,Digital Marketing,Advanced,3.15,1,3.0,212.39,5,Digital Marketing Learners
U01463,30,Female,13,1.625,93.78615384615385,Finance,Beginner,3.256153846153846,7,1.5384615384615385,1219.22,4,Highly Engaged AI Explorers
U01464,33,Male,1,1.0,0.0,Design,Beginner,4.51,1,1.0,0.0,7,Deep Design Learners
U01465,33,Male,2,1.0,197.13,Cybersecurity,Intermediate,3.04,2,2.0,394.26,2,Cybersecurity Beginners
U01466,22,Male,2,1.0,0.0,Business,Advanced,3.8,2,3.0,0.0,1,Business Advanced Learners
U01467,19,Female,1,1.0,487.92,Business,Advanced,3.64,1,3.0,487.92,1,Business Advanced Learners
U01468,28,Female,2,1.0,149.785,Cybersecurity,Advanced,3.06,2,2.0,299.57,2,Cybersecurity Beginners
U01469,29,Female,2,1.0,0.0,Cybersecurity,Advanced,3.585,2,3.0,0.0,2,Cybersecurity Beginners
U01470,28,Male,2,1.0,207.755,Artificial Intelligence,Intermediate,3.52,2,2.0,415.51,0,AI Beginner Learners
U01471,19,Female,1,1.0,0.0,Artificial Intelligence,Beginner,3.64,1,1.0,0.0,0,AI Beginner Learners
U01472,27,Female,12,1.5,90.51333333333334,Cybersecurity,Advanced,3.0775,8,2.0833333333333335,1086.16,4,Highly Engaged AI Explorers
U01473,17,Female,15,1.875,158.782,Artificial Intelligence,Beginner,2.89,9,1.8666666666666667,2381.73,4,Highly Engaged AI Explorers
U01474,20,Male,2,1.0,0.0,Web Development,Advanced,2.435,1,2.0,0.0,9,Advanced Web Development Learners
U01475,20,Male,15,1.6666666666666667,86.36133333333333,Artificial Intelligence,Advanced,2.888,9,2.1333333333333333,1295.42,4,Highly Engaged AI Explorers
U01476,35,Female,1,1.0,326.02,Business,Intermediate,2.69,1,2.0,326.02,1,Business Advanced Learners
U01477,17,Female,1,1.0,0.0,Digital Marketing,Beginner,2.14,1,1.0,0.0,5,Digital Marketing Learners
U01478,35,Female,1,1.0,0.0,Programming,Intermediate,2.43,1,2.0,0.0,2,Cybersecurity Beginners
U01479,25,Female,1,1.0,0.0,Finance,Beginner,4.14,1,1.0,0.0,2,Cybersecurity Beginners
U01480,20,Female,1,1.0,0.78,Machine Learning,Advanced,3.89,1,3.0,0.78,6,Advanced Machine Learning Learners
U01481,20,Male,1,1.0,0.0,Machine Learning,Intermediate,1.73,1,2.0,0.0,6,Advanced Machine Learning Learners
U01482,17,Male,2,1.0,245.45,Artificial Intelligence,Beginner,3.375,2,1.0,490.9,0,AI Beginner Learners
U01483,18,Male,1,1.0,0.0,Design,Beginner,4.51,1,1.0,0.0,7,Deep Design Learners
U01484,17,Male,1,1.0,0.0,Programming,Beginner,1.28,1,1.0,0.0,2,Cybersecurity Beginners
U01485,16,Male,1,1.0,0.0,Finance,Beginner,4.14,1,1.0,0.0,2,Cybersecurity Beginners
U01486,17,Male,1,1.0,0.0,Finance,Advanced,1.59,1,3.0,0.0,2,Cybersecurity Beginners
U01487,17,Female,2,1.0,0.0,Design,Advanced,3.09,2,2.5,0.0,7,Deep Design Learners
U01488,27,Male,12,1.5,49.98,Data Science,Intermediate,2.9324999999999997,7,1.9166666666666667,599.76,3,Data Science Beginners
U01489,27,Male,1,1.0,487.92,Business,Advanced,3.64,1,3.0,487.92,1,Business Advanced Learners
U01490,19,Female,1,1.0,0.0,Cybersecurity,Intermediate,1.91,1,2.0,0.0,2,Cybersecurity Beginners
U01491,17,Female,3,1.0,0.0,Digital Marketing,Intermediate,4.6066666666666665,2,1.6666666666666667,0.0,5,Digital Marketing Learners
U01492,23,Female,4,1.3333333333333333,209.40249999999997,Artificial Intelligence,Beginner,3.645,4,1.75,837.6099999999999,0,AI Beginner Learners
U01493,18,Female,1,1.0,415.51,Artificial Intelligence,Intermediate,3.11,1,2.0,415.51,0,AI Beginner Learners
U01494,32,Male,1,1.0,0.0,Cybersecurity,Advanced,2.38,1,3.0,0.0,2,Cybersecurity Beginners
U01495,31,Female,1,1.0,0.0,Project Management,Intermediate,3.45,1,2.0,0.0,0,AI Beginner Learners
U01496,22,Female,13,1.8571428571428572,129.46692307692308,Business,Advanced,3.2684615384615388,9,2.5384615384615383,1683.07,4,Highly Engaged AI Explorers
U01497,35,Female,13,1.625,64.43153846153845,Digital Marketing,Beginner,3.14,9,1.8461538461538463,837.6099999999999,4,Highly Engaged AI Explorers
U01498,15,Male,1,1.0,0.0,Business,Advanced,2.0,1,3.0,0.0,1,Business Advanced Learners
U01499,30,Female,1,1.0,0.0,Machine Learning,Advanced,1.81,1,3.0,0.0,6,Advanced Machine Learning Learners
U01500,15,Male,13,1.4444444444444444,77.09769230769231,Artificial Intelligence,Advanced,3.012307692307693,9,2.076923076923077,1002.27,4,Highly Engaged AI Explorers
U01501,23,Male,1,1.0,119.04,Finance,Intermediate,2.75,1,2.0,119.04,2,Cybersecurity Beginners
U01502,28,Female,1,1.0,57.32,Web Development,Advanced,4.74,1,3.0,57.32,9,Advanced Web Development Learners
U01503,30,Female,1,1.0,276.37,Design,Advanced,2.72,1,3.0,276.37,7,Deep Design Learners
U01504,31,Male,1,1.0,472.28,Programming,Beginner,4.74,1,1.0,472.28,0,AI Beginner Learners
U01505,35,Male,3,1.0,0.0,Cybersecurity,Beginner,4.2299999999999995,3,1.3333333333333333,0.0,2,Cybersecurity Beginners
U01506,34,Male,15,1.6666666666666667,77.37066666666666,Artificial Intelligence,Advanced,3.232,9,2.2,1160.56,4,Highly Engaged AI Explorers
U01507,18,Female,3,1.0,117.81,Business,Beginner,2.736666666666667,3,1.6666666666666667,353.43,1,Business Advanced Learners
U01508,34,Male,1,1.0,0.0,Cybersecurity,Beginner,4.94,1,1.0,0.0,2,Cybersecurity Beginners
U01509,15,Female,1,1.0,57.32,Web Development,Advanced,4.74,1,3.0,57.32,9,Advanced Web Development Learners
U01510,16,Female,2,1.0,0.0,Data Science,Beginner,2.075,2,1.5,0.0,3,Data Science Beginners
U01511,15,Male,13,1.4444444444444444,73.68384615384616,Design,Beginner,3.202307692307692,6,1.8461538461538463,957.8900000000001,4,Highly Engaged AI Explorers
U01512,19,Male,12,1.5,133.155,Cybersecurity,Advanced,2.6366666666666667,8,2.1666666666666665,1597.8600000000001,4,Highly Engaged AI Explorers
U01513,23,Male,1,1.0,0.0,Finance,Intermediate,4.1,1,2.0,0.0,2,Cybersecurity Beginners
U01514,25,Male,1,1.0,0.0,Artificial Intelligence,Beginner,3.64,1,1.0,0.0,0,AI Beginner Learners
U01515,35,Female,1,1.0,0.0,Design,Advanced,1.52,1,3.0,0.0,7,Deep Design Learners
U01516,19,Male,1,1.0,0.0,Design,Advanced,2.61,1,3.0,0.0,7,Deep Design Learners
U01517,26,Male,14,1.4,84.61928571428572,Artificial Intelligence,Advanced,2.8249999999999997,10,2.0,1184.67,4,Highly Engaged AI Explorers
U01518,21,Male,1,1.0,490.9,Artificial Intelligence,Beginner,4.55,1,1.0,490.9,0,AI Beginner Learners
U01519,16,Male,2,1.0,0.0,Design,Advanced,2.8150000000000004,2,2.5,0.0,7,Deep Design Learners
U01520,26,Female,1,1.0,0.0,Digital Marketing,Intermediate,4.66,1,2.0,0.0,5,Digital Marketing Learners
U01521,34,Female,1,1.0,327.99,Project Management,Beginner,1.51,1,1.0,327.99,0,AI Beginner Learners
U01522,31,Female,14,1.4,32.94785714285714,Digital Marketing,Advanced,2.8892857142857147,8,2.0714285714285716,461.27,5,Digital Marketing Learners
U01523,16,Male,1,1.0,0.0,Machine Learning,Intermediate,1.73,1,2.0,0.0,6,Advanced Machine Learning Learners
U01524,30,Female,1,1.0,0.0,Digital Marketing,Beginner,4.44,1,1.0,0.0,5,Digital Marketing Learners
U01525,32,Female,2,1.0,173.74499999999998,Machine Learning,Advanced,2.56,2,3.0,347.48999999999995,6,Advanced Machine Learning Learners
U01526,20,Male,12,1.3333333333333333,147.0975,Project Management,Beginner,3.315,9,1.8333333333333333,1765.17,4,Highly Engaged AI Explorers
U01527,29,Female,1,1.0,37.89,Web Development,Advanced,1.3,1,3.0,37.89,9,Advanced Web Development Learners
U01528,16,Male,14,1.75,156.75857142857143,Business,Beginner,3.25,10,1.7142857142857142,2194.62,4,Highly Engaged AI Explorers
U01529,19,Female,3,1.5,0.0,Cybersecurity,Advanced,3.616666666666667,3,2.0,0.0,2,Cybersecurity Beginners
U01530,16,Male,15,1.875,36.274,Machine Learning,Advanced,2.9426666666666668,8,2.3333333333333335,544.11,4,Highly Engaged AI Explorers
U01531,30,Female,14,1.5555555555555556,44.505714285714284,Design,Beginner,3.4464285714285716,8,1.9285714285714286,623.0799999999999,4,Highly Engaged AI Explorers
U01532,28,Female,1,1.0,0.0,Data Science,Intermediate,3.02,1,2.0,0.0,3,Data Science Beginners
U01533,16,Female,3,1.0,37.06,Design,Beginner,3.9066666666666667,3,1.6666666666666667,111.18,7,Deep Design Learners
U01534,28,Male,1,1.0,0.0,Cybersecurity,Beginner,4.94,1,1.0,0.0,2,Cybersecurity Beginners
U01535,20,Male,4,1.0,236.075,Artificial Intelligence,Intermediate,3.1025,3,2.0,944.3,0,AI Beginner Learners
U01536,33,Female,12,1.5,146.51500000000001,Artificial Intelligence,Advanced,3.2183333333333337,8,2.1666666666666665,1758.18,4,Highly Engaged AI Explorers
U01537,27,Female,3,1.0,295.93,Artificial Intelligence,Intermediate,3.623333333333333,3,1.6666666666666667,887.79,0,AI Beginner Learners
U01538,27,Female,1,1.0,415.51,Artificial Intelligence,Intermediate,3.11,1,2.0,415.51,0,AI Beginner Learners
U01539,24,Female,1,1.0,0.0,Machine Learning,Intermediate,4.73,1,2.0,0.0,6,Advanced Machine Learning Learners
U01540,30,Female,1,1.0,0.0,Cybersecurity,Beginner,4.94,1,1.0,0.0,2,Cybersecurity Beginners
U01541,29,Female,4,1.0,171.0425,Data Science,Advanced,2.02,4,2.5,684.17,3,Data Science Beginners
U01542,18,Female,1,1.0,177.34,Digital Marketing,Advanced,3.89,1,3.0,177.34,5,Digital Marketing Learners
U01543,25,Female,16,1.7777777777777777,115.5175,Finance,Intermediate,3.141875,10,1.8125,1848.28,4,Highly Engaged AI Explorers
U01544,31,Female,1,1.0,119.04,Finance,Intermediate,2.75,1,2.0,119.04,2,Cybersecurity Beginners
U01545,15,Female,1,1.0,0.0,Web Development,Beginner,2.2,1,1.0,0.0,9,Advanced Web Development Learners
U01546,34,Male,1,1.0,0.0,Artificial Intelligence,Beginner,3.64,1,1.0,0.0,0,AI Beginner Learners
U01547,17,Male,2,1.0,0.0,Design,Advanced,1.665,2,3.0,0.0,7,Deep Design Learners
U01548,35,Female,1,1.0,0.0,Programming,Beginner,2.88,1,1.0,0.0,2,Cybersecurity Beginners
U01549,34,Female,1,1.0,0.0,Digital Marketing,Beginner,2.14,1,1.0,0.0,5,Digital Marketing Learners
U01550,16,Male,1,1.0,0.0,Machine Learning,Intermediate,1.73,1,2.0,0.0,6,Advanced Machine Learning Learners
U01551,16,Male,1,1.0,0.0,Marketing,Advanced,2.98,1,3.0,0.0,8,Advanced Marketing Learners
U01552,32,Male,1,1.0,0.0,Design,Advanced,4.45,1,3.0,0.0,7,Deep Design Learners
U01553,27,Male,15,1.875,42.06666666666667,Data Science,Advanced,2.920666666666667,10,2.066666666666667,631.0,4,Highly Engaged AI Explorers
U01554,20,Male,4,1.3333333333333333,0.0,Cybersecurity,Beginner,3.46,4,1.5,0.0,2,Cybersecurity Beginners
U01555,23,Female,1,1.0,0.0,Data Science,Beginner,3.65,1,1.0,0.0,3,Data Science Beginners
U01556,23,Female,2,1.0,0.0,Finance,Advanced,4.445,2,2.5,0.0,2,Cybersecurity Beginners
U01557,17,Male,1,1.0,0.0,Machine Learning,Advanced,1.81,1,3.0,0.0,6,Advanced Machine Learning Learners
U01558,32,Male,1,1.0,57.32,Web Development,Advanced,4.74,1,3.0,57.32,9,Advanced Web Development Learners
U01559,19,Male,1,1.0,89.59,Artificial Intelligence,Intermediate,2.68,1,2.0,89.59,0,AI Beginner Learners
U01560,24,Male,1,1.0,0.0,Data Science,Intermediate,3.6,1,2.0,0.0,3,Data Science Beginners
U01561,32,Male,1,1.0,0.0,Data Science,Intermediate,3.02,1,2.0,0.0,3,Data Science Beginners
U01562,18,Female,1,1.0,0.0,Digital Marketing,Beginner,2.14,1,1.0,0.0,5,Digital Marketing Learners
U01563,35,Female,1,1.0,0.0,Finance,Intermediate,4.1,1,2.0,0.0,2,Cybersecurity Beginners
U01564,28,Female,1,1.0,346.71,Project Management,Advanced,1.23,1,3.0,346.71,0,AI Beginner Learners
U01565,32,Male,1,1.0,212.39,Digital Marketing,Advanced,3.15,1,3.0,212.39,5,Digital Marketing Learners
U01566,29,Male,1,1.0,0.0,Artificial Intelligence,Beginner,3.64,1,1.0,0.0,0,AI Beginner Learners
U01567,22,Male,1,1.0,0.0,Digital Marketing,Beginner,2.14,1,1.0,0.0,5,Digital Marketing Learners
U01568,26,Female,3,1.5,138.50333333333333,Artificial Intelligence,Intermediate,3.07,3,2.3333333333333335,415.51,0,AI Beginner Learners
U01569,35,Male,1,1.0,0.0,Marketing,Advanced,2.01,1,3.0,0.0,8,Advanced Marketing Learners
U01570,31,Male,2,1.0,163.01,Business,Beginner,3.415,2,1.5,326.02,1,Business Advanced Learners
U01571,19,Male,2,1.0,0.0,Cybersecurity,Advanced,1.9849999999999999,2,3.0,0.0,2,Cybersecurity Beginners
U01572,29,Female,1,1.0,53.86,Finance,Beginner,2.47,1,1.0,53.86,2,Cybersecurity Beginners
U01573,18,Female,2,1.0,243.96,Business,Advanced,3.545,2,2.5,487.92,1,Business Advanced Learners
U01574,17,Male,1,1.0,346.71,Project Management,Advanced,1.23,1,3.0,346.71,0,AI Beginner Learners
U01575,15,Female,13,1.625,99.16846153846154,Cybersecurity,Beginner,3.3392307692307694,7,1.9230769230769231,1289.19,4,Highly Engaged AI Explorers
U01576,35,Male,2,1.0,0.0,Cybersecurity,Beginner,2.605,2,1.5,0.0,2,Cybersecurity Beginners
U01577,30,Male,1,1.0,0.0,Design,Advanced,1.52,1,3.0,0.0,7,Deep Design Learners
U01578,26,Male,15,1.5,93.86666666666666,Artificial Intelligence,Intermediate,2.884666666666667,10,2.066666666666667,1408.0,4,Highly Engaged AI Explorers
U01579,31,Male,1,1.0,0.0,Finance,Advanced,1.59,1,3.0,0.0,2,Cybersecurity Beginners
U01580,15,Female,2,1.0,197.13,Cybersecurity,Intermediate,1.54,2,2.0,394.26,2,Cybersecurity Beginners
U01581,30,Male,2,1.0,107.61500000000001,Digital Marketing,Advanced,2.595,2,3.0,215.23000000000002,5,Digital Marketing Learners
U01582,16,Male,1,1.0,0.0,Marketing,Intermediate,4.11,1,2.0,0.0,8,Advanced Marketing Learners
U01583,30,Female,1,1.0,0.0,Project Management,Intermediate,3.45,1,2.0,0.0,0,AI Beginner Learners
U01584,32,Male,1,1.0,0.0,Digital Marketing,Beginner,4.44,1,1.0,0.0,5,Digital Marketing Learners
U01585,27,Male,11,1.375,81.06090909090909,Finance,Beginner,3.441818181818182,6,1.6363636363636365,891.67,4,Highly Engaged AI Explorers
U01586,27,Male,14,2.0,85.25928571428572,Machine Learning,Beginner,3.0142857142857147,9,1.6428571428571428,1193.63,4,Highly Engaged AI Explorers
U01587,27,Male,2,1.0,18.945,Cybersecurity,Advanced,2.615,2,2.5,37.89,2,Cybersecurity Beginners
U01588,32,Male,1,1.0,0.0,Project Management,Intermediate,3.45,1,2.0,0.0,0,AI Beginner Learners
U01589,16,Female,1,1.0,0.0,Cybersecurity,Beginner,4.94,1,1.0,0.0,2,Cybersecurity Beginners
U01590,33,Male,1,1.0,0.0,Project Management,Beginner,4.68,1,1.0,0.0,0,AI Beginner Learners
U01591,32,Female,2,1.0,0.0,Artificial Intelligence,Advanced,3.01,2,2.0,0.0,0,AI Beginner Learners
U01592,33,Male,4,1.3333333333333333,0.0,Cybersecurity,Beginner,2.295,4,1.75,0.0,2,Cybersecurity Beginners
U01593,34,Male,1,1.0,0.0,Digital Marketing,Beginner,4.44,1,1.0,0.0,5,Digital Marketing Learners
U01594,35,Male,1,1.0,37.89,Web Development,Advanced,1.3,1,3.0,37.89,9,Advanced Web Development Learners
U01595,15,Male,2,1.0,296.425,Artificial Intelligence,Advanced,3.5,2,2.5,592.85,0,AI Beginner Learners
U01596,22,Male,2,1.0,0.0,Data Science,Beginner,2.3899999999999997,2,1.0,0.0,3,Data Science Beginners
U01597,21,Female,1,1.0,299.57,Data Science,Beginner,3.74,1,1.0,299.57,3,Data Science Beginners
U01598,30,Female,1,1.0,0.0,Web Development,Beginner,3.32,1,1.0,0.0,9,Advanced Web Development Learners
U01599,29,Female,1,1.0,0.0,Marketing,Advanced,2.98,1,3.0,0.0,8,Advanced Marketing Learners
U01600,29,Female,1,1.0,326.02,Business,Intermediate,2.69,1,2.0,326.02,1,Business Advanced Learners
U01601,23,Female,2,1.0,173.355,Design,Advanced,2.87,2,2.0,346.71,7,Deep Design Learners
U01602,31,Female,13,1.625,67.03076923076922,Artificial Intelligence,Beginner,3.276153846153846,10,1.9230769230769231,871.4,4,Highly Engaged AI Explorers
U01603,32,Male,2,1.0,44.795,Artificial Intelligence,Advanced,2.1350000000000002,2,2.5,89.59,0,AI Beginner Learners
U01604,31,Female,1,1.0,0.0,Project Management,Intermediate,3.45,1,2.0,0.0,0,AI Beginner Learners
U01605,18,Male,1,1.0,57.32,Web Development,Advanced,4.74,1,3.0,57.32,9,Advanced Web Development Learners
U01606,17,Female,1,1.0,346.71,Project Management,Advanced,1.23,1,3.0,346.71,0,AI Beginner Learners
U01607,25,Male,1,1.0,89.59,Artificial Intelligence,Intermediate,2.68,1,2.0,89.59,0,AI Beginner Learners
U01608,15,Female,1,1.0,0.0,Machine Learning,Intermediate,1.73,1,2.0,0.0,6,Advanced Machine Learning Learners
U01609,15,Male,1,1.0,0.0,Web Development,Beginner,2.2,1,1.0,0.0,9,Advanced Web Development Learners
U01610,31,Male,1,1.0,0.0,Marketing,Advanced,2.01,1,3.0,0.0,8,Advanced Marketing Learners
U01611,27,Male,1,1.0,0.0,Marketing,Advanced,2.01,1,3.0,0.0,8,Advanced Marketing Learners
U01612,29,Male,1,1.0,0.0,Machine Learning,Intermediate,1.73,1,2.0,0.0,6,Advanced Machine Learning Learners
U01613,25,Male,1,1.0,0.0,Cybersecurity,Beginner,4.94,1,1.0,0.0,2,Cybersecurity Beginners
U01614,17,Male,1,1.0,0.0,Digital Marketing,Intermediate,4.66,1,2.0,0.0,5,Digital Marketing Learners
U01615,29,Male,1,1.0,0.0,Machine Learning,Advanced,1.81,1,3.0,0.0,6,Advanced Machine Learning Learners
U01616,20,Male,1,1.0,0.0,Web Development,Beginner,3.32,1,1.0,0.0,9,Advanced Web Development Learners
U01617,21,Male,1,1.0,0.0,Programming,Beginner,1.28,1,1.0,0.0,2,Cybersecurity Beginners
U01618,15,Female,13,2.6,69.14999999999999,Marketing,Advanced,3.129230769230769,8,2.0,898.9499999999999,4,Highly Engaged AI Explorers
U01619,20,Female,1,1.0,490.9,Artificial Intelligence,Beginner,4.55,1,1.0,490.9,0,AI Beginner Learners
U01620,19,Female,1,1.0,0.0,Digital Marketing,Beginner,4.44,1,1.0,0.0,5,Digital Marketing Learners
U01621,16,Female,2,1.0,0.0,Business,Advanced,1.905,2,3.0,0.0,1,Business Advanced Learners
U01622,15,Female,1,1.0,0.78,Machine Learning,Advanced,3.89,1,3.0,0.78,6,Advanced Machine Learning Learners
U01623,23,Male,1,1.0,0.0,Digital Marketing,Beginner,2.14,1,1.0,0.0,5,Digital Marketing Learners
U01624,34,Female,4,1.3333333333333333,202.39,Artificial Intelligence,Advanced,3.265,4,2.5,809.56,0,AI Beginner Learners
U01625,33,Female,3,1.5,131.42,Cybersecurity,Intermediate,3.2099999999999995,3,1.6666666666666667,394.26,2,Cybersecurity Beginners
U01626,26,Female,1,1.0,0.0,Finance,Beginner,4.14,1,1.0,0.0,2,Cybersecurity Beginners
U01627,23,Female,13,1.4444444444444444,56.37384615384615,Cybersecurity,Beginner,2.856923076923077,9,1.8461538461538463,732.86,4,Highly Engaged AI Explorers
U01628,26,Male,14,2.0,112.60071428571429,Business,Advanced,2.5435714285714286,7,2.142857142857143,1576.41,4,Highly Engaged AI Explorers
U01629,28,Female,1,1.0,53.86,Finance,Beginner,2.47,1,1.0,53.86,2,Cybersecurity Beginners
U01630,33,Male,1,1.0,0.0,Data Science,Intermediate,3.02,1,2.0,0.0,3,Data Science Beginners
U01631,18,Female,2,1.0,197.13,Cybersecurity,Advanced,1.435,2,2.5,394.26,2,Cybersecurity Beginners
U01632,21,Male,1,1.0,0.0,Cybersecurity,Intermediate,3.93,1,2.0,0.0,2,Cybersecurity Beginners
U01633,34,Male,1,1.0,0.0,Project Management,Beginner,4.68,1,1.0,0.0,0,AI Beginner Learners
U01634,35,Male,1,1.0,0.0,Data Science,Intermediate,3.02,1,2.0,0.0,3,Data Science Beginners
U01635,18,Female,14,1.5555555555555556,53.08142857142857,Business,Advanced,2.9021428571428567,9,2.2142857142857144,743.14,4,Highly Engaged AI Explorers
U01636,19,Male,1,1.0,0.0,Design,Advanced,4.45,1,3.0,0.0,7,Deep Design Learners
U01637,30,Male,13,1.625,120.56461538461538,Digital Marketing,Beginner,3.713846153846154,9,1.5384615384615385,1567.34,4,Highly Engaged AI Explorers
U01638,26,Male,1,1.0,0.0,Web Development,Beginner,2.2,1,1.0,0.0,9,Advanced Web Development Learners
U01639,27,Male,1,1.0,0.0,Programming,Intermediate,2.43,1,2.0,0.0,2,Cybersecurity Beginners
U01640,23,Female,1,1.0,0.0,Marketing,Intermediate,4.72,1,2.0,0.0,8,Advanced Marketing Learners
U01641,17,Male,1,1.0,0.0,Finance,Intermediate,4.1,1,2.0,0.0,2,Cybersecurity Beginners
U01642,26,Male,1,1.0,0.0,Data Science,Beginner,3.65,1,1.0,0.0,3,Data Science Beginners
U01643,25,Male,1,1.0,89.59,Artificial Intelligence,Intermediate,2.68,1,2.0,89.59,0,AI Beginner Learners
U01644,23,Male,3,1.0,162.64000000000001,Business,Advanced,3.526666666666667,2,2.3333333333333335,487.92,1,Business Advanced Learners
U01645,19,Male,3,1.0,0.26,Business,Advanced,3.3333333333333335,3,2.6666666666666665,0.78,1,Business Advanced Learners
U01646,28,Female,1,1.0,0.0,Programming,Intermediate,2.43,1,2.0,0.0,2,Cybersecurity Beginners
U01647,17,Female,13,2.1666666666666665,99.8223076923077,Cybersecurity,Beginner,3.5084615384615385,9,1.8461538461538463,1297.69,4,Highly Engaged AI Explorers
U01648,22,Female,4,1.0,29.615000000000002,Machine Learning,Advanced,2.4924999999999997,3,2.5,118.46000000000001,6,Advanced Machine Learning Learners
U01649,35,Male,13,1.625,165.47153846153847,Artificial Intelligence,Intermediate,2.853846153846154,8,2.076923076923077,2151.13,4,Highly Engaged AI Explorers
U01650,33,Male,1,1.0,0.0,Machine Learning,Advanced,1.81,1,3.0,0.0,6,Advanced Machine Learning Learners
U01651,25,Female,1,1.0,212.39,Digital Marketing,Advanced,3.15,1,3.0,212.39,5,Digital Marketing Learners
U01652,35,Male,2,1.0,163.995,Cybersecurity,Beginner,2.72,2,1.5,327.99,2,Cybersecurity Beginners
U01653,21,Female,1,1.0,0.0,Design,Advanced,2.61,1,3.0,0.0,7,Deep Design Learners
U01654,22,Female,15,1.875,180.76933333333332,Business,Advanced,3.1113333333333335,9,2.2,2711.54,4,Highly Engaged AI Explorers
U01655,23,Male,1,1.0,0.0,Machine Learning,Advanced,1.81,1,3.0,0.0,6,Advanced Machine Learning Learners
U01656,27,Male,12,1.3333333333333333,76.5725,Cybersecurity,Advanced,3.1283333333333334,8,2.1666666666666665,918.87,4,Highly Engaged AI Explorers
U01657,22,Female,1,1.0,0.0,Data Science,Beginner,3.65,1,1.0,0.0,3,Data Science Beginners
U01658,31,Female,1,1.0,177.34,Digital Marketing,Advanced,3.89,1,3.0,177.34,5,Digital Marketing Learners
U01659,27,Female,3,1.0,180.12666666666667,Project Management,Beginner,3.1133333333333333,2,1.6666666666666667,540.38,0,AI Beginner Learners
U01660,25,Female,2,1.0,47.605000000000004,Web Development,Advanced,3.02,1,3.0,95.21000000000001,9,Advanced Web Development Learners
U01661,27,Female,1,1.0,0.0,Web Development,Beginner,3.32,1,1.0,0.0,9,Advanced Web Development Learners
U01662,28,Male,15,1.5,143.62466666666666,Finance,Advanced,3.3066666666666666,10,2.0,2154.37,4,Highly Engaged AI Explorers
U01663,28,Female,2,1.0,0.0,Marketing,Beginner,3.0,2,1.5,0.0,8,Advanced Marketing Learners
U01664,23,Female,2,1.0,207.755,Artificial Intelligence,Intermediate,3.065,2,2.0,415.51,0,AI Beginner Learners
U01665,34,Female,4,2.0,0.0,Data Science,Beginner,3.9575,3,1.25,0.0,3,Data Science Beginners
U01666,28,Female,14,1.5555555555555556,42.085,Design,Advanced,2.785,9,2.0714285714285716,589.19,4,Highly Engaged AI Explorers
U01667,23,Female,1,1.0,0.0,Finance,Advanced,1.59,1,3.0,0.0,2,Cybersecurity Beginners
U01668,27,Female,1,1.0,0.0,Machine Learning,Beginner,1.13,1,1.0,0.0,6,Advanced Machine Learning Learners
U01669,30,Female,2,2.0,26.93,Finance,Beginner,3.575,2,1.0,53.86,2,Cybersecurity Beginners
U01670,19,Male,1,1.0,0.0,Web Development,Beginner,3.32,1,1.0,0.0,9,Advanced Web Development Learners
U01671,25,Male,15,2.142857142857143,55.99533333333333,Finance,Beginner,2.9560000000000004,10,1.7333333333333334,839.93,4,Highly Engaged AI Explorers
U01672,15,Male,1,1.0,0.0,Design,Beginner,4.51,1,1.0,0.0,7,Deep Design Learners
U01673,16,Male,1,1.0,0.0,Machine Learning,Intermediate,1.73,1,2.0,0.0,6,Advanced Machine Learning Learners
U01674,27,Female,14,2.0,87.43357142857143,Cybersecurity,Beginner,2.9164285714285714,9,1.8571428571428572,1224.07,4,Highly Engaged AI Explorers
U01675,17,Male,1,1.0,394.26,Cybersecurity,Intermediate,1.35,1,2.0,394.26,2,Cybersecurity Beginners
U01676,22,Male,1,1.0,0.0,Marketing,Advanced,4.79,1,3.0,0.0,8,Advanced Marketing Learners
U01677,22,Male,2,1.0,0.0,Business,Advanced,2.88,2,3.0,0.0,1,Business Advanced Learners
U01678,31,Female,1,1.0,0.0,Machine Learning,Intermediate,4.73,1,2.0,0.0,6,Advanced Machine Learning Learners
U01679,16,Female,1,1.0,0.0,Design,Advanced,4.45,1,3.0,0.0,7,Deep Design Learners
U01680,30,Male,1,1.0,0.0,Business,Advanced,2.0,1,3.0,0.0,1,Business Advanced Learners
U01681,33,Male,1,1.0,0.0,Project Management,Intermediate,3.45,1,2.0,0.0,0,AI Beginner Learners
U01682,21,Male,2,1.0,0.0,Digital Marketing,Beginner,3.99,2,1.5,0.0,5,Digital Marketing Learners
U01683,19,Female,1,1.0,326.02,Business,Intermediate,2.69,1,2.0,326.02,1,Business Advanced Learners
U01684,26,Female,2,1.0,0.0,Cybersecurity,Advanced,1.9849999999999999,2,3.0,0.0,2,Cybersecurity Beginners
U01685,26,Female,1,1.0,0.0,Machine Learning,Intermediate,1.73,1,2.0,0.0,6,Advanced Machine Learning Learners
U01686,32,Male,1,1.0,0.0,Marketing,Advanced,2.01,1,3.0,0.0,8,Advanced Marketing Learners
U01687,23,Female,2,1.0,0.0,Marketing,Advanced,3.885,1,3.0,0.0,8,Advanced Marketing Learners
U01688,28,Female,2,1.0,0.0,Marketing,Advanced,3.15,2,2.0,0.0,8,Advanced Marketing Learners
U01689,30,Female,1,1.0,0.0,Web Development,Beginner,3.32,1,1.0,0.0,9,Advanced Web Development Learners
U01690,27,Male,4,1.3333333333333333,0.0,Artificial Intelligence,Beginner,4.3075,4,1.0,0.0,0,AI Beginner Learners
U01691,22,Male,1,1.0,37.89,Web Development,Advanced,1.3,1,3.0,37.89,9,Advanced Web Development Learners
U01692,26,Male,12,2.0,114.355,Artificial Intelligence,Advanced,3.330833333333333,10,2.0,1372.26,4,Highly Engaged AI Explorers
U01693,21,Male,2,1.0,138.185,Design,Advanced,2.6950000000000003,2,3.0,276.37,7,Deep Design Learners
U01694,35,Male,1,1.0,342.61,Project Management,Intermediate,4.84,1,2.0,342.61,0,AI Beginner Learners
U01695,32,Male,13,1.625,112.16615384615385,Design,Advanced,3.06923076923077,9,2.1538461538461537,1458.16,4,Highly Engaged AI Explorers
U01696,31,Female,2,1.0,163.995,Digital Marketing,Beginner,3.085,2,1.5,327.99,5,Digital Marketing Learners
U01697,35,Male,1,1.0,0.0,Digital Marketing,Beginner,2.14,1,1.0,0.0,5,Digital Marketing Learners
U01698,28,Female,1,1.0,0.0,Machine Learning,Beginner,1.13,1,1.0,0.0,6,Advanced Machine Learning Learners
U01699,23,Female,1,1.0,0.0,Finance,Intermediate,4.1,1,2.0,0.0,2,Cybersecurity Beginners
U01700,25,Female,1,1.0,326.02,Business,Intermediate,2.69,1,2.0,326.02,1,Business Advanced Learners
U01701,22,Male,1,1.0,117.68,Data Science,Advanced,2.57,1,3.0,117.68,3,Data Science Beginners
U01702,21,Female,14,1.2727272727272727,68.35857142857142,Business,Beginner,3.3164285714285713,8,1.8571428571428572,957.02,4,Highly Engaged AI Explorers
U01703,21,Male,3,1.0,162.64000000000001,Business,Advanced,3.516666666666667,3,2.6666666666666665,487.92,1,Business Advanced Learners
U01704,30,Female,2,2.0,44.795,Artificial Intelligence,Beginner,3.8100000000000005,2,1.5,89.59,0,AI Beginner Learners
U01705,28,Male,1,1.0,472.28,Programming,Beginner,4.74,1,1.0,472.28,0,AI Beginner Learners
U01706,17,Female,1,1.0,0.0,Programming,Beginner,3.85,1,1.0,0.0,2,Cybersecurity Beginners
U01707,32,Male,3,1.0,39.68,Cybersecurity,Advanced,4.16,3,2.0,119.04,2,Cybersecurity Beginners
U01708,22,Male,14,1.75,115.37285714285714,Finance,Intermediate,2.6457142857142855,9,1.8571428571428572,1615.22,4,Highly Engaged AI Explorers
U01709,35,Female,1,1.0,0.0,Digital Marketing,Beginner,2.14,1,1.0,0.0,5,Digital Marketing Learners
U01710,32,Male,1,1.0,394.26,Cybersecurity,Intermediate,1.35,1,2.0,394.26,2,Cybersecurity Beginners
U01711,15,Female,1,1.0,53.86,Finance,Beginner,2.47,1,1.0,53.86,2,Cybersecurity Beginners
U01712,30,Male,1,1.0,0.0,Finance,Advanced,1.59,1,3.0,0.0,2,Cybersecurity Beginners
U01713,15,Male,4,1.0,112.895,Cybersecurity,Advanced,2.7,4,2.5,451.58,2,Cybersecurity Beginners
U01714,24,Female,1,1.0,0.0,Data Science,Intermediate,3.02,1,2.0,0.0,3,Data Science Beginners
U01715,27,Male,1,1.0,0.0,Design,Beginner,4.51,1,1.0,0.0,7,Deep Design Learners
U01716,22,Female,1,1.0,57.32,Web Development,Advanced,4.74,1,3.0,57.32,9,Advanced Web Development Learners
U01717,20,Male,1,1.0,299.57,Data Science,Beginner,3.74,1,1.0,299.57,3,Data Science Beginners
U01718,23,Male,1,1.0,0.0,Design,Advanced,1.52,1,3.0,0.0,7,Deep Design Learners
U01719,32,Female,1,1.0,119.04,Finance,Intermediate,2.75,1,2.0,119.04,2,Cybersecurity Beginners
U01720,21,Female,15,1.6666666666666667,110.398,Data Science,Beginner,3.2853333333333334,8,1.8666666666666667,1655.97,4,Highly Engaged AI Explorers
U01721,15,Female,10,1.4285714285714286,81.029,Web Development,Advanced,3.357,7,2.1,810.29,9,Advanced Web Development Learners
U01722,30,Female,1,1.0,0.0,Machine Learning,Advanced,1.81,1,3.0,0.0,6,Advanced Machine Learning Learners
U01723,32,Female,1,1.0,0.0,Design,Advanced,1.52,1,3.0,0.0,7,Deep Design Learners
U01724,17,Male,16,1.6,76.735625,Design,Advanced,3.0875,10,2.125,1227.77,4,Highly Engaged AI Explorers
U01725,33,Male,2,1.0,0.0,Design,Advanced,1.325,2,2.0,0.0,7,Deep Design Learners
U01726,32,Female,13,1.3,77.59076923076924,Design,Advanced,3.0107692307692306,9,2.3846153846153846,1008.6800000000001,4,Highly Engaged AI Explorers
U01727,15,Female,1,1.0,0.0,Cybersecurity,Intermediate,3.93,1,2.0,0.0,2,Cybersecurity Beginners
U01728,33,Female,2,1.0,0.0,Design,Advanced,3.745,2,2.0,0.0,7,Deep Design Learners
U01729,29,Female,15,1.5,160.00333333333336,Project Management,Advanced,2.896666666666667,10,2.066666666666667,2400.05,4,Highly Engaged AI Explorers
U01730,27,Female,1,1.0,0.0,Design,Advanced,2.61,1,3.0,0.0,7,Deep Design Learners
U01731,28,Male,1,1.0,0.0,Finance,Intermediate,4.1,1,2.0,0.0,2,Cybersecurity Beginners
U01732,17,Female,2,1.0,0.0,Design,Advanced,4.585,2,2.5,0.0,7,Deep Design Learners
U01733,20,Female,4,1.3333333333333333,143.985,Data Science,Intermediate,3.085,4,2.0,575.94,3,Data Science Beginners
U01734,29,Male,3,1.5,148.35333333333332,Business,Intermediate,2.32,3,2.3333333333333335,445.06,1,Business Advanced Learners
U01735,29,Male,1,1.0,57.32,Web Development,Advanced,4.74,1,3.0,57.32,9,Advanced Web Development Learners
U01736,17,Male,1,1.0,0.0,Data Science,Intermediate,3.6,1,2.0,0.0,3,Data Science Beginners
U01737,23,Male,1,1.0,0.0,Programming,Beginner,1.28,1,1.0,0.0,2,Cybersecurity Beginners
U01738,16,Female,1,1.0,0.0,Design,Advanced,4.45,1,3.0,0.0,7,Deep Design Learners
U01739,19,Male,1,1.0,0.0,Marketing,Advanced,2.98,1,3.0,0.0,8,Advanced Marketing Learners
U01740,20,Male,1,1.0,0.0,Marketing,Advanced,2.98,1,3.0,0.0,8,Advanced Marketing Learners
U01741,30,Male,2,1.0,0.0,Data Science,Beginner,2.95,2,1.5,0.0,3,Data Science Beginners
U01742,30,Female,2,1.0,0.0,Finance,Beginner,4.119999999999999,1,1.5,0.0,2,Cybersecurity Beginners
U01743,15,Male,1,1.0,0.0,Machine Learning,Advanced,1.81,1,3.0,0.0,6,Advanced Machine Learning Learners
U01744,22,Male,4,1.3333333333333333,166.315,Business,Advanced,3.9625,4,2.5,665.26,1,Business Advanced Learners
U01745,21,Female,13,1.8571428571428572,124.81846153846153,Data Science,Beginner,3.2546153846153847,7,1.9230769230769231,1622.6399999999999,4,Highly Engaged AI Explorers
U01746,24,Male,14,1.4,114.80357142857143,Digital Marketing,Beginner,3.3685714285714283,8,1.6428571428571428,1607.25,4,Highly Engaged AI Explorers
U01747,19,Female,4,1.0,44.335,Digital Marketing,Intermediate,3.6925,4,2.0,177.34,5,Digital Marketing Learners
U01748,22,Male,1,1.0,394.26,Cybersecurity,Intermediate,1.35,1,2.0,394.26,2,Cybersecurity Beginners
U01749,31,Female,1,1.0,276.37,Design,Advanced,2.72,1,3.0,276.37,7,Deep Design Learners
U01750,24,Male,4,1.0,156.91500000000002,Business,Beginner,3.435,4,1.5,627.6600000000001,1,Business Advanced Learners
U01751,25,Female,1,1.0,0.78,Machine Learning,Advanced,3.89,1,3.0,0.78,6,Advanced Machine Learning Learners
U01752,34,Female,4,1.3333333333333333,75.495,Artificial Intelligence,Advanced,2.8,4,2.25,301.98,0,AI Beginner Learners
U01753,17,Female,1,1.0,0.0,Business,Advanced,2.0,1,3.0,0.0,1,Business Advanced Learners
U01754,22,Male,1,1.0,0.0,Artificial Intelligence,Beginner,3.64,1,1.0,0.0,0,AI Beginner Learners
U01755,26,Female,1,1.0,285.05,Business,Beginner,1.96,1,1.0,285.05,1,Business Advanced Learners
U01756,21,Male,2,1.0,0.0,Machine Learning,Beginner,1.505,2,1.5,0.0,6,Advanced Machine Learning Learners
U01757,26,Female,1,1.0,0.0,Programming,Beginner,2.88,1,1.0,0.0,2,Cybersecurity Beginners
U01758,16,Female,1,1.0,326.02,Business,Intermediate,2.69,1,2.0,326.02,1,Business Advanced Learners
U01759,21,Male,1,1.0,276.37,Design,Advanced,2.72,1,3.0,276.37,7,Deep Design Learners
U01760,19,Male,1,1.0,490.9,Artificial Intelligence,Beginner,4.55,1,1.0,490.9,0,AI Beginner Learners
U01761,31,Male,2,1.0,0.0,Business,Advanced,2.44,2,2.5,0.0,1,Business Advanced Learners
U01762,33,Male,15,1.875,95.136,Marketing,Advanced,3.624666666666667,11,2.2,1427.04,4,Highly Engaged AI Explorers
U01763,24,Male,1,1.0,248.1,Artificial Intelligence,Beginner,1.2,1,1.0,248.1,0,AI Beginner Learners
U01764,30,Male,2,1.0,142.525,Business,Beginner,3.2,2,1.0,285.05,1,Business Advanced Learners
U01765,24,Female,1,1.0,0.0,Marketing,Advanced,2.01,1,3.0,0.0,8,Advanced Marketing Learners
U01766,33,Female,3,1.0,207.6933333333333,Cybersecurity,Advanced,2.9633333333333334,3,2.3333333333333335,623.0799999999999,2,Cybersecurity Beginners
U01767,15,Female,1,1.0,0.0,Digital Marketing,Beginner,4.44,1,1.0,0.0,5,Digital Marketing Learners
U01768,26,Female,2,1.0,0.0,Cybersecurity,Advanced,4.19,2,2.5,0.0,2,Cybersecurity Beginners
U01769,15,Male,4,1.3333333333333333,13.465,Digital Marketing,Beginner,3.1875,4,1.5,53.86,5,Digital Marketing Learners
U01770,22,Female,2,1.0,0.0,Cybersecurity,Advanced,4.695,2,2.0,0.0,2,Cybersecurity Beginners
U01771,21,Male,3,1.0,115.82999999999998,Design,Advanced,2.2133333333333334,3,3.0,347.48999999999995,7,Deep Design Learners
U01772,32,Female,1,1.0,0.0,Marketing,Advanced,2.01,1,3.0,0.0,8,Advanced Marketing Learners
U01773,17,Male,16,1.7777777777777777,162.28375,Artificial Intelligence,Beginner,3.124375,8,1.6875,2596.54,4,Highly Engaged AI Explorers
U01774,17,Male,1,1.0,0.0,Cybersecurity,Beginner,4.94,1,1.0,0.0,2,Cybersecurity Beginners
U01775,31,Female,2,1.0,0.0,Design,Advanced,3.0999999999999996,2,2.0,0.0,7,Deep Design Learners
U01776,30,Female,2,1.0,0.0,Business,Advanced,2.645,2,2.0,0.0,1,Business Advanced Learners
U01777,27,Male,1,1.0,0.0,Web Development,Beginner,2.2,1,1.0,0.0,9,Advanced Web Development Learners
U01778,24,Female,2,1.0,0.0,Data Science,Beginner,4.055,2,1.5,0.0,3,Data Science Beginners
U01779,31,Male,1,1.0,0.0,Marketing,Intermediate,4.72,1,2.0,0.0,8,Advanced Marketing Learners
U01780,27,Male,1,1.0,346.71,Project Management,Advanced,1.23,1,3.0,346.71,0,AI Beginner Learners
U01781,30,Male,1,1.0,0.0,Project Management,Intermediate,3.45,1,2.0,0.0,0,AI Beginner Learners
U01782,17,Female,1,1.0,0.0,Programming,Beginner,3.85,1,1.0,0.0,2,Cybersecurity Beginners
U01783,28,Male,3,1.0,19.106666666666666,Business,Advanced,3.78,3,2.6666666666666665,57.32,1,Business Advanced Learners
U01784,32,Female,1,1.0,119.04,Finance,Intermediate,2.75,1,2.0,119.04,2,Cybersecurity Beginners
U01785,34,Female,1,1.0,0.0,Machine Learning,Intermediate,4.73,1,2.0,0.0,6,Advanced Machine Learning Learners
U01786,25,Female,13,1.4444444444444444,118.44461538461539,Finance,Advanced,3.1830769230769227,8,2.1538461538461537,1539.78,4,Highly Engaged AI Explorers
U01787,30,Female,2,1.0,133.465,Artificial Intelligence,Advanced,3.285,2,2.5,266.93,0,AI Beginner Learners
U01788,15,Male,2,1.0,44.795,Artificial Intelligence,Advanced,3.7350000000000003,2,2.5,89.59,0,AI Beginner Learners
U01789,33,Female,15,1.6666666666666667,96.142,Data Science,Beginner,3.234,8,1.8666666666666667,1442.1299999999999,4,Highly Engaged AI Explorers
U01790,25,Male,1,1.0,299.57,Data Science,Beginner,3.74,1,1.0,299.57,3,Data Science Beginners
U01791,31,Female,2,1.0,26.93,Finance,Advanced,3.63,2,2.0,53.86,2,Cybersecurity Beginners
U01792,15,Male,1,1.0,53.86,Finance,Beginner,2.47,1,1.0,53.86,2,Cybersecurity Beginners
U01793,30,Male,1,1.0,0.0,Cybersecurity,Intermediate,3.93,1,2.0,0.0,2,Cybersecurity Beginners
U01794,26,Male,1,1.0,0.0,Business,Advanced,2.0,1,3.0,0.0,1,Business Advanced Learners
U01795,15,Female,13,1.4444444444444444,88.11999999999999,Artificial Intelligence,Advanced,2.9646153846153847,9,2.076923076923077,1145.56,4,Highly Engaged AI Explorers
U01796,15,Male,1,1.0,0.0,Web Development,Advanced,2.67,1,3.0,0.0,9,Advanced Web Development Learners
U01797,33,Male,1,1.0,490.9,Artificial Intelligence,Beginner,4.55,1,1.0,490.9,0,AI Beginner Learners
U01798,18,Male,1,1.0,487.92,Business,Advanced,3.64,1,3.0,487.92,1,Business Advanced Learners
U01799,33,Female,1,1.0,0.0,Business,Advanced,3.15,1,3.0,0.0,1,Business Advanced Learners
U01800,25,Female,2,1.0,124.05,Artificial Intelligence,Beginner,2.4,2,1.5,248.1,0,AI Beginner Learners
U01801,20,Male,1,1.0,394.26,Cybersecurity,Intermediate,1.35,1,2.0,394.26,2,Cybersecurity Beginners
U01802,15,Female,1,1.0,276.37,Design,Advanced,2.72,1,3.0,276.37,7,Deep Design Learners
U01803,27,Female,3,1.0,114.20333333333333,Programming,Beginner,3.6799999999999997,3,1.3333333333333333,342.61,2,Cybersecurity Beginners
U01804,20,Female,2,1.0,0.0,Digital Marketing,Advanced,3.71,2,2.0,0.0,5,Digital Marketing Learners
U01805,21,Male,15,1.875,28.797333333333334,Cybersecurity,Beginner,2.834,9,1.8666666666666667,431.96000000000004,4,Highly Engaged AI Explorers
U01806,26,Male,1,1.0,0.0,Finance,Beginner,4.14,1,1.0,0.0,2,Cybersecurity Beginners
U01807,31,Male,2,1.0,245.45,Artificial Intelligence,Advanced,3.7649999999999997,2,2.0,490.9,0,AI Beginner Learners
U01808,15,Male,3,1.5,228.22333333333333,Digital Marketing,Advanced,4.183333333333334,2,2.0,684.67,5,Digital Marketing Learners
U01809,24,Female,13,1.625,109.82923076923076,Cybersecurity,Beginner,3.3169230769230773,8,1.7692307692307692,1427.78,4,Highly Engaged AI Explorers
U01810,15,Female,15,1.6666666666666667,149.47066666666666,Business,Advanced,2.9113333333333333,8,2.2666666666666666,2242.06,4,Highly Engaged AI Explorers
U01811,28,Female,1,1.0,0.0,Finance,Advanced,1.59,1,3.0,0.0,2,Cybersecurity Beginners
U01812,17,Male,15,1.6666666666666667,53.23533333333333,Data Science,Advanced,2.9353333333333333,10,2.066666666666667,798.53,4,Highly Engaged AI Explorers
U01813,24,Female,1,1.0,0.0,Data Science,Beginner,3.65,1,1.0,0.0,3,Data Science Beginners
U01814,17,Female,3,1.0,157.42666666666665,Machine Learning,Advanced,2.8266666666666667,3,2.0,472.28,6,Advanced Machine Learning Learners
U01815,30,Male,1,1.0,0.0,Design,Beginner,4.51,1,1.0,0.0,7,Deep Design Learners
U01816,21,Male,2,1.0,0.0,Data Science,Beginner,2.895,2,1.0,0.0,3,Data Science Beginners
U01817,33,Male,1,1.0,0.0,Business,Advanced,2.0,1,3.0,0.0,1,Business Advanced Learners
U01818,15,Male,2,2.0,26.93,Finance,Beginner,3.5949999999999998,2,1.5,53.86,2,Cybersecurity Beginners
U01819,17,Male,1,1.0,0.0,Marketing,Advanced,4.79,1,3.0,0.0,8,Advanced Marketing Learners
U01820,24,Male,15,1.6666666666666667,160.504,Business,Advanced,2.8746666666666667,11,2.066666666666667,2407.56,4,Highly Engaged AI Explorers
U01821,22,Male,1,1.0,0.0,Business,Advanced,3.15,1,3.0,0.0,1,Business Advanced Learners
U01822,22,Male,15,1.875,29.802000000000003,Finance,Advanced,2.9059999999999997,9,2.066666666666667,447.03000000000003,4,Highly Engaged AI Explorers
U01823,22,Male,1,1.0,0.0,Finance,Advanced,1.59,1,3.0,0.0,2,Cybersecurity Beginners
U01824,20,Male,1,1.0,327.99,Project Management,Beginner,1.51,1,1.0,327.99,0,AI Beginner Learners
U01825,25,Male,14,2.8,54.151428571428575,Machine Learning,Intermediate,3.143571428571429,9,1.9285714285714286,758.12,4,Highly Engaged AI Explorers
U01826,17,Male,1,1.0,0.0,Digital Marketing,Beginner,2.14,1,1.0,0.0,5,Digital Marketing Learners
U01827,28,Male,1,1.0,0.0,Design,Advanced,4.45,1,3.0,0.0,7,Deep Design Learners
U01828,21,Male,1,1.0,177.34,Digital Marketing,Advanced,3.89,1,3.0,177.34,5,Digital Marketing Learners
U01829,27,Male,2,1.0,0.0,Cybersecurity,Intermediate,3.005,2,2.0,0.0,2,Cybersecurity Beginners
U01830,15,Male,1,1.0,37.89,Web Development,Advanced,1.3,1,3.0,37.89,9,Advanced Web Development Learners
U01831,34,Female,1,1.0,472.28,Programming,Beginner,4.74,1,1.0,472.28,0,AI Beginner Learners
U01832,24,Male,1,1.0,0.0,Programming,Beginner,2.88,1,1.0,0.0,2,Cybersecurity Beginners
U01833,16,Male,2,1.0,243.96,Business,Advanced,4.215,2,3.0,487.92,1,Business Advanced Learners
U01834,33,Female,1,1.0,0.0,Machine Learning,Intermediate,1.73,1,2.0,0.0,6,Advanced Machine Learning Learners
U01835,27,Male,2,2.0,0.0,Marketing,Advanced,4.755,1,2.5,0.0,8,Advanced Marketing Learners
U01836,32,Female,1,1.0,299.57,Data Science,Beginner,3.74,1,1.0,299.57,3,Data Science Beginners
U01837,24,Female,1,1.0,326.02,Business,Intermediate,2.69,1,2.0,326.02,1,Business Advanced Learners
U01838,24,Male,2,1.0,0.0,Cybersecurity,Intermediate,4.015,2,2.0,0.0,2,Cybersecurity Beginners
U01839,22,Female,1,1.0,0.0,Data Science,Intermediate,3.6,1,2.0,0.0,3,Data Science Beginners
U01840,35,Female,14,2.0,32.916428571428575,Machine Learning,Beginner,3.3735714285714287,10,1.9285714285714286,460.83000000000004,4,Highly Engaged AI Explorers
U01841,18,Female,1,1.0,0.0,Cybersecurity,Intermediate,1.91,1,2.0,0.0,2,Cybersecurity Beginners
U01842,33,Female,13,1.4444444444444444,89.94461538461539,Artificial Intelligence,Beginner,3.1123076923076924,9,1.7692307692307692,1169.28,4,Highly Engaged AI Explorers
U01843,19,Female,1,1.0,0.0,Web Development,Advanced,2.67,1,3.0,0.0,9,Advanced Web Development Learners
U01844,18,Female,1,1.0,0.0,Data Science,Intermediate,3.02,1,2.0,0.0,3,Data Science Beginners
U01845,17,Female,1,1.0,0.0,Design,Advanced,4.45,1,3.0,0.0,7,Deep Design Learners
U01846,21,Female,2,1.0,58.84,Cybersecurity,Advanced,3.755,2,2.0,117.68,2,Cybersecurity Beginners
U01847,18,Female,1,1.0,0.0,Cybersecurity,Intermediate,1.91,1,2.0,0.0,2,Cybersecurity Beginners
U01848,30,Female,1,1.0,0.0,Business,Advanced,3.15,1,3.0,0.0,1,Business Advanced Learners
U01849,23,Male,1,1.0,0.0,Project Management,Intermediate,3.45,1,2.0,0.0,0,AI Beginner Learners
U01850,29,Female,3,1.0,139.53666666666666,Data Science,Intermediate,3.3633333333333333,2,1.6666666666666667,418.61,3,Data Science Beginners
U01851,20,Male,4,1.3333333333333333,167.1575,Business,Intermediate,3.1375,3,2.25,668.63,1,Business Advanced Learners
U01852,19,Female,4,1.0,128.325,Cybersecurity,Intermediate,2.9425,4,2.0,513.3,2,Cybersecurity Beginners
U01853,31,Male,1,1.0,89.59,Artificial Intelligence,Intermediate,2.68,1,2.0,89.59,0,AI Beginner Learners
U01854,16,Male,13,1.8571428571428572,89.27230769230769,Finance,Advanced,3.4423076923076925,9,2.076923076923077,1160.54,4,Highly Engaged AI Explorers
U01855,15,Female,1,1.0,53.86,Finance,Beginner,2.47,1,1.0,53.86,2,Cybersecurity Beginners
U01856,27,Male,1,1.0,0.0,Data Science,Intermediate,3.02,1,2.0,0.0,3,Data Science Beginners
U01857,27,Female,2,1.0,26.93,Design,Advanced,3.46,2,2.0,53.86,7,Deep Design Learners
U01858,34,Female,1,1.0,0.0,Project Management,Intermediate,3.45,1,2.0,0.0,0,AI Beginner Learners
U01859,24,Female,1,1.0,0.0,Web Development,Beginner,2.2,1,1.0,0.0,9,Advanced Web Development Learners
U01860,19,Male,3,1.0,162.64000000000001,Business,Advanced,3.236666666666667,3,2.3333333333333335,487.92,1,Business Advanced Learners
U01861,28,Female,2,1.0,47.605000000000004,Web Development,Advanced,3.02,1,3.0,95.21000000000001,9,Advanced Web Development Learners
U01862,24,Male,1,1.0,0.0,Digital Marketing,Intermediate,4.66,1,2.0,0.0,5,Digital Marketing Learners
U01863,26,Male,1,1.0,342.61,Project Management,Intermediate,4.84,1,2.0,342.61,0,AI Beginner Learners
U01864,15,Male,1,1.0,0.0,Marketing,Intermediate,4.72,1,2.0,0.0,8,Advanced Marketing Learners
U01865,18,Male,4,1.3333333333333333,0.0,Programming,Beginner,1.915,3,1.75,0.0,2,Cybersecurity Beginners
U01866,25,Male,1,1.0,0.0,Project Management,Intermediate,3.45,1,2.0,0.0,0,AI Beginner Learners
U01867,24,Female,13,1.4444444444444444,68.62307692307692,Artificial Intelligence,Beginner,3.3230769230769233,8,1.6153846153846154,892.1,4,Highly Engaged AI Explorers
U01868,27,Female,2,1.0,0.0,Cybersecurity,Beginner,3.025,2,1.5,0.0,2,Cybersecurity Beginners
U01869,32,Male,1,1.0,0.0,Cybersecurity,Intermediate,1.91,1,2.0,0.0,2,Cybersecurity Beginners
U01870,28,Female,1,1.0,0.0,Cybersecurity,Intermediate,3.93,1,2.0,0.0,2,Cybersecurity Beginners
U01871,21,Male,14,1.75,65.46642857142857,Data Science,Intermediate,3.2671428571428573,8,2.142857142857143,916.53,4,Highly Engaged AI Explorers
U01872,28,Female,14,2.0,148.88642857142855,Business,Intermediate,3.314285714285714,10,1.8571428571428572,2084.41,4,Highly Engaged AI Explorers
U01873,26,Male,1,1.0,0.0,Programming,Beginner,1.28,1,1.0,0.0,2,Cybersecurity Beginners
U01874,15,Female,1,1.0,415.51,Artificial Intelligence,Intermediate,3.11,1,2.0,415.51,0,AI Beginner Learners
U01875,30,Male,1,1.0,285.05,Business,Beginner,1.96,1,1.0,285.05,1,Business Advanced Learners
U01876,17,Male,14,1.75,69.41571428571429,Programming,Beginner,3.391428571428571,7,1.7857142857142858,971.8199999999999,4,Highly Engaged AI Explorers
U01877,19,Male,12,1.5,101.62166666666667,Digital Marketing,Beginner,2.9875000000000003,9,1.8333333333333333,1219.46,4,Highly Engaged AI Explorers
U01878,20,Female,1,1.0,0.0,Design,Advanced,4.45,1,3.0,0.0,7,Deep Design Learners
U01879,32,Female,15,1.3636363636363635,157.86066666666665,Finance,Advanced,2.656,8,2.066666666666667,2367.91,4,Highly Engaged AI Explorers
U01880,26,Female,2,1.0,0.0,Design,Beginner,4.585,2,1.5,0.0,7,Deep Design Learners
U01881,30,Male,1,1.0,346.71,Project Management,Advanced,1.23,1,3.0,346.71,0,AI Beginner Learners
U01882,30,Female,3,1.0,31.736666666666668,Web Development,Advanced,3.063333333333334,2,3.0,95.21000000000001,9,Advanced Web Development Learners
U01883,30,Female,1,1.0,490.9,Artificial Intelligence,Beginner,4.55,1,1.0,490.9,0,AI Beginner Learners
U01884,20,Male,1,1.0,346.71,Project Management,Advanced,1.23,1,3.0,346.71,0,AI Beginner Learners
U01885,25,Female,1,1.0,0.0,Project Management,Beginner,4.68,1,1.0,0.0,0,AI Beginner Learners
U01886,17,Male,1,1.0,0.0,Marketing,Advanced,4.79,1,3.0,0.0,8,Advanced Marketing Learners
U01887,21,Female,1,1.0,0.0,Data Science,Beginner,3.65,1,1.0,0.0,3,Data Science Beginners
U01888,15,Female,1,1.0,0.0,Cybersecurity,Intermediate,3.93,1,2.0,0.0,2,Cybersecurity Beginners
U01889,30,Female,1,1.0,0.0,Design,Advanced,2.61,1,3.0,0.0,7,Deep Design Learners
U01890,18,Female,1,1.0,0.0,Finance,Advanced,1.59,1,3.0,0.0,2,Cybersecurity Beginners
U01891,35,Female,1,1.0,0.0,Programming,Beginner,1.28,1,1.0,0.0,2,Cybersecurity Beginners
U01892,16,Male,1,1.0,0.0,Web Development,Beginner,2.2,1,1.0,0.0,9,Advanced Web Development Learners
U01893,23,Female,12,1.7142857142857142,108.1825,Business,Beginner,2.94,8,1.9166666666666667,1298.19,4,Highly Engaged AI Explorers
U01894,35,Male,1,1.0,0.0,Project Management,Beginner,4.68,1,1.0,0.0,0,AI Beginner Learners
U01895,35,Female,1,1.0,0.0,Data Science,Intermediate,3.02,1,2.0,0.0,3,Data Science Beginners
U01896,32,Female,12,1.5,143.36749999999998,Artificial Intelligence,Intermediate,3.065,9,1.5833333333333333,1720.4099999999999,4,Highly Engaged AI Explorers
U01897,15,Female,1,1.0,0.0,Design,Advanced,1.52,1,3.0,0.0,7,Deep Design Learners
U01898,26,Male,1,1.0,117.68,Data Science,Advanced,2.57,1,3.0,117.68,3,Data Science Beginners
U01899,25,Female,2,1.0,0.0,Programming,Beginner,3.0999999999999996,2,1.0,0.0,2,Cybersecurity Beginners
U01900,19,Male,11,1.5714285714285714,118.8690909090909,Artificial Intelligence,Advanced,3.022727272727273,7,2.272727272727273,1307.56,4,Highly Engaged AI Explorers
U01901,23,Male,1,1.0,0.0,Machine Learning,Advanced,1.81,1,3.0,0.0,6,Advanced Machine Learning Learners
U01902,30,Female,1,1.0,57.32,Web Development,Advanced,4.74,1,3.0,57.32,9,Advanced Web Development Learners
U01903,17,Female,13,1.3,102.66923076923078,Artificial Intelligence,Advanced,2.9815384615384612,9,2.0,1334.7,4,Highly Engaged AI Explorers
U01904,17,Male,1,1.0,487.92,Business,Advanced,3.64,1,3.0,487.92,1,Business Advanced Learners
U01905,24,Female,2,1.0,245.45,Artificial Intelligence,Beginner,2.915,2,1.0,490.9,0,AI Beginner Learners
U01906,19,Male,15,2.142857142857143,93.046,Marketing,Beginner,2.4353333333333333,10,1.9333333333333333,1395.69,4,Highly Engaged AI Explorers
U01907,15,Male,2,1.0,44.795,Artificial Intelligence,Beginner,2.41,2,1.5,89.59,0,AI Beginner Learners
U01908,19,Male,12,1.5,74.05583333333334,Web Development,Advanced,3.2708333333333335,9,2.0,888.6700000000001,9,Advanced Web Development Learners
U01909,25,Male,3,1.0,12.63,Machine Learning,Advanced,1.68,3,2.6666666666666665,37.89,6,Advanced Machine Learning Learners
U01910,28,Male,1,1.0,177.34,Digital Marketing,Advanced,3.89,1,3.0,177.34,5,Digital Marketing Learners
U01911,22,Male,1,1.0,299.57,Data Science,Beginner,3.74,1,1.0,299.57,3,Data Science Beginners
U01912,24,Female,1,1.0,0.0,Data Science,Intermediate,3.02,1,2.0,0.0,3,Data Science Beginners
U01913,24,Male,1,1.0,0.0,Programming,Beginner,2.88,1,1.0,0.0,2,Cybersecurity Beginners
U01914,32,Female,1,1.0,0.0,Design,Advanced,2.61,1,3.0,0.0,7,Deep Design Learners
U01915,34,Female,2,1.0,226.7,Artificial Intelligence,Advanced,2.205,2,2.5,453.4,0,AI Beginner Learners
U01916,29,Male,1,1.0,117.68,Data Science,Advanced,2.57,1,3.0,117.68,3,Data Science Beginners
U01917,18,Female,15,1.6666666666666667,77.30266666666667,Data Science,Advanced,2.9939999999999998,8,2.2666666666666666,1159.54,4,Highly Engaged AI Explorers
U01918,23,Male,14,1.5555555555555556,69.93714285714286,Data Science,Advanced,2.6207142857142856,8,2.142857142857143,979.12,4,Highly Engaged AI Explorers
U01919,16,Female,1,1.0,0.0,Programming,Beginner,1.28,1,1.0,0.0,2,Cybersecurity Beginners
U01920,33,Male,13,1.625,125.22000000000001,Data Science,Advanced,3.0961538461538463,8,2.1538461538461537,1627.8600000000001,4,Highly Engaged AI Explorers
U01921,24,Male,2,1.0,0.0,Artificial Intelligence,Beginner,3.645,2,1.0,0.0,0,AI Beginner Learners
U01922,21,Male,2,2.0,0.0,Cybersecurity,Beginner,3.295,2,1.5,0.0,2,Cybersecurity Beginners
U01923,19,Male,1,1.0,57.32,Web Development,Advanced,4.74,1,3.0,57.32,9,Advanced Web Development Learners
U01924,20,Male,2,1.0,44.795,Artificial Intelligence,Beginner,3.0,2,1.5,89.59,0,AI Beginner Learners
U01925,33,Male,1,1.0,299.57,Data Science,Beginner,3.74,1,1.0,299.57,3,Data Science Beginners
U01926,26,Female,13,1.625,91.5023076923077,Machine Learning,Beginner,2.926153846153846,9,1.6923076923076923,1189.53,4,Highly Engaged AI Explorers
U01927,27,Female,1,1.0,0.0,Data Science,Intermediate,3.02,1,2.0,0.0,3,Data Science Beginners
U01928,33,Female,1,1.0,0.0,Cybersecurity,Beginner,4.94,1,1.0,0.0,2,Cybersecurity Beginners
U01929,19,Male,14,1.5555555555555556,75.53714285714285,Machine Learning,Intermediate,2.8964285714285714,7,1.8571428571428572,1057.52,4,Highly Engaged AI Explorers
U01930,28,Female,1,1.0,0.0,Project Management,Intermediate,3.45,1,2.0,0.0,0,AI Beginner Learners
U01931,23,Female,11,1.2222222222222223,115.52727272727272,Machine Learning,Beginner,2.562727272727273,7,1.9090909090909092,1270.8,4,Highly Engaged AI Explorers
U01932,25,Male,1,1.0,415.51,Artificial Intelligence,Intermediate,3.11,1,2.0,415.51,0,AI Beginner Learners
U01933,27,Female,2,1.0,0.0,Marketing,Intermediate,3.7800000000000002,2,2.0,0.0,8,Advanced Marketing Learners
U01934,22,Male,14,1.4,124.11,Artificial Intelligence,Advanced,3.3214285714285716,8,2.357142857142857,1737.54,4,Highly Engaged AI Explorers
U01935,33,Female,1,1.0,0.0,Programming,Intermediate,2.43,1,2.0,0.0,2,Cybersecurity Beginners
U01936,23,Male,2,1.0,0.0,Cybersecurity,Beginner,4.1850000000000005,2,1.5,0.0,2,Cybersecurity Beginners
U01937,21,Female,1,1.0,0.0,Artificial Intelligence,Beginner,3.64,1,1.0,0.0,0,AI Beginner Learners
U01938,33,Female,2,1.0,245.45,Artificial Intelligence,Beginner,4.345,2,1.0,490.9,0,AI Beginner Learners
U01939,35,Male,4,1.0,104.6525,Data Science,Intermediate,2.975,4,2.0,418.61,3,Data Science Beginners
U01940,16,Female,2,1.0,138.185,Design,Advanced,3.41,2,2.5,276.37,7,Deep Design Learners
U01941,26,Female,1,1.0,89.59,Artificial Intelligence,Intermediate,2.68,1,2.0,89.59,0,AI Beginner Learners
U01942,27,Male,1,1.0,0.0,Project Management,Intermediate,3.45,1,2.0,0.0,0,AI Beginner Learners
U01943,17,Male,14,1.75,107.125,Finance,Intermediate,3.733571428571429,7,1.7857142857142858,1499.75,4,Highly Engaged AI Explorers
U01944,19,Female,2,1.0,0.0,Data Science,Beginner,3.875,2,1.5,0.0,3,Data Science Beginners
U01945,29,Female,1,1.0,342.61,Project Management,Intermediate,4.84,1,2.0,342.61,0,AI Beginner Learners
U01946,19,Female,1,1.0,0.0,Machine Learning,Intermediate,1.73,1,2.0,0.0,6,Advanced Machine Learning Learners
U01947,27,Female,1,1.0,0.0,Finance,Intermediate,4.1,1,2.0,0.0,2,Cybersecurity Beginners
U01948,33,Female,1,1.0,276.37,Design,Advanced,2.72,1,3.0,276.37,7,Deep Design Learners
U01949,19,Male,1,1.0,0.0,Machine Learning,Intermediate,1.73,1,2.0,0.0,6,Advanced Machine Learning Learners
U01950,29,Male,2,1.0,0.0,Machine Learning,Advanced,1.8699999999999999,2,2.5,0.0,6,Advanced Machine Learning Learners
U01951,19,Female,3,1.0,0.0,Cybersecurity,Beginner,3.3333333333333335,2,1.3333333333333333,0.0,2,Cybersecurity Beginners
U01952,15,Female,2,2.0,0.0,Design,Advanced,1.8699999999999999,2,2.0,0.0,7,Deep Design Learners
U01953,19,Male,15,1.875,84.23,Data Science,Intermediate,3.4553333333333334,11,2.1333333333333333,1263.45,4,Highly Engaged AI Explorers
U01954,35,Male,1,1.0,0.0,Web Development,Beginner,3.32,1,1.0,0.0,9,Advanced Web Development Learners
U01955,29,Female,1,1.0,0.0,Finance,Beginner,4.14,1,1.0,0.0,2,Cybersecurity Beginners
U01956,34,Male,1,1.0,0.0,Programming,Beginner,2.88,1,1.0,0.0,2,Cybersecurity Beginners
U01957,30,Male,1,1.0,0.0,Marketing,Advanced,4.79,1,3.0,0.0,8,Advanced Marketing Learners
U01958,16,Male,12,1.7142857142857142,131.73833333333332,Finance,Advanced,3.1658333333333335,8,2.25,1580.86,4,Highly Engaged AI Explorers
U01959,26,Female,12,1.5,112.3275,Cybersecurity,Advanced,3.0725,8,2.4166666666666665,1347.93,4,Highly Engaged AI Explorers
U01960,19,Female,1,1.0,326.02,Business,Intermediate,2.69,1,2.0,326.02,1,Business Advanced Learners
U01961,30,Male,14,2.0,65.29571428571428,Project Management,Beginner,3.02,7,1.7857142857142858,914.14,4,Highly Engaged AI Explorers
U01962,19,Male,11,1.5714285714285714,141.67181818181817,Design,Beginner,3.3654545454545457,9,1.9090909090909092,1558.3899999999999,4,Highly Engaged AI Explorers
U01963,30,Male,1,1.0,327.99,Project Management,Beginner,1.51,1,1.0,327.99,0,AI Beginner Learners
U01964,32,Male,4,1.0,69.0925,Data Science,Advanced,3.2125,4,2.25,276.37,3,Data Science Beginners
U01965,19,Female,1,1.0,0.0,Finance,Intermediate,4.1,1,2.0,0.0,2,Cybersecurity Beginners
U01966,25,Female,4,1.0,144.0225,Artificial Intelligence,Beginner,1.88,4,1.75,576.09,0,AI Beginner Learners
U01967,27,Female,1,1.0,0.0,Cybersecurity,Intermediate,1.91,1,2.0,0.0,2,Cybersecurity Beginners
U01968,30,Female,2,1.0,207.755,Artificial Intelligence,Beginner,3.7750000000000004,2,1.5,415.51,0,AI Beginner Learners
U01969,26,Male,1,1.0,248.1,Artificial Intelligence,Beginner,1.2,1,1.0,248.1,0,AI Beginner Learners
U01970,16,Female,2,1.0,0.0,Digital Marketing,Advanced,3.465,2,2.0,0.0,5,Digital Marketing Learners
U01971,17,Female,1,1.0,0.0,Marketing,Advanced,4.79,1,3.0,0.0,8,Advanced Marketing Learners
U01972,18,Male,1,1.0,0.0,Programming,Beginner,3.85,1,1.0,0.0,2,Cybersecurity Beginners
U01973,30,Male,1,1.0,0.0,Programming,Intermediate,2.43,1,2.0,0.0,2,Cybersecurity Beginners
U01974,31,Female,2,1.0,245.45,Artificial Intelligence,Advanced,4.5,2,2.0,490.9,0,AI Beginner Learners
U01975,29,Male,1,1.0,394.26,Cybersecurity,Intermediate,1.35,1,2.0,394.26,2,Cybersecurity Beginners
U01976,24,Male,1,1.0,0.0,Machine Learning,Intermediate,4.73,1,2.0,0.0,6,Advanced Machine Learning Learners
U01977,32,Male,2,1.0,44.795,Artificial Intelligence,Advanced,2.3449999999999998,2,2.5,89.59,0,AI Beginner Learners
U01978,26,Male,1,1.0,89.59,Artificial Intelligence,Intermediate,2.68,1,2.0,89.59,0,AI Beginner Learners
U01979,25,Female,12,1.2,104.94333333333333,Business,Beginner,2.4908333333333332,8,1.8333333333333333,1259.32,4,Highly Engaged AI Explorers
U01980,15,Female,1,1.0,0.0,Finance,Intermediate,4.1,1,2.0,0.0,2,Cybersecurity Beginners
U01981,27,Female,1,1.0,0.0,Data Science,Intermediate,3.6,1,2.0,0.0,3,Data Science Beginners
U01982,35,Female,1,1.0,276.37,Design,Advanced,2.72,1,3.0,276.37,7,Deep Design Learners
U01983,29,Female,1,1.0,53.86,Finance,Beginner,2.47,1,1.0,53.86,2,Cybersecurity Beginners
U01984,15,Female,1,1.0,0.0,Digital Marketing,Beginner,2.14,1,1.0,0.0,5,Digital Marketing Learners
U01985,22,Female,1,1.0,0.0,Web Development,Beginner,3.32,1,1.0,0.0,9,Advanced Web Development Learners
U01986,29,Female,1,1.0,346.71,Project Management,Advanced,1.23,1,3.0,346.71,0,AI Beginner Learners
U01987,15,Male,13,1.4444444444444444,102.47384615384615,Business,Beginner,3.0484615384615386,10,1.6153846153846154,1332.16,4,Highly Engaged AI Explorers
U01988,17,Female,1,1.0,490.9,Artificial Intelligence,Beginner,4.55,1,1.0,490.9,0,AI Beginner Learners
U01989,26,Female,13,1.625,63.27076923076923,Finance,Advanced,3.163846153846154,8,2.076923076923077,822.52,4,Highly Engaged AI Explorers
U01990,16,Male,2,1.0,0.0,Business,Advanced,3.07,2,2.0,0.0,1,Business Advanced Learners
U01991,16,Female,3,1.5,121.30333333333333,Business,Advanced,1.8366666666666667,3,2.6666666666666665,363.90999999999997,1,Business Advanced Learners
U01992,18,Male,2,1.0,173.355,Project Management,Advanced,2.34,1,2.5,346.71,0,AI Beginner Learners
U01993,23,Female,14,1.5555555555555556,90.215,Finance,Beginner,2.9014285714285712,8,1.7142857142857142,1263.01,4,Highly Engaged AI Explorers
U01994,20,Female,11,1.2222222222222223,108.91545454545454,Artificial Intelligence,Beginner,3.241818181818182,8,1.8181818181818181,1198.07,4,Highly Engaged AI Explorers
U01995,35,Female,1,1.0,0.0,Machine Learning,Advanced,1.81,1,3.0,0.0,6,Advanced Machine Learning Learners
U01996,29,Female,1,1.0,394.26,Cybersecurity,Intermediate,1.35,1,2.0,394.26,2,Cybersecurity Beginners
U01997,16,Male,1,1.0,346.71,Project Management,Advanced,1.23,1,3.0,346.71,0,AI Beginner Learners
U01998,23,Male,15,1.875,105.80866666666667,Cybersecurity,Intermediate,2.9013333333333335,10,2.0,1587.13,4,Highly Engaged AI Explorers
U01999,17,Female,2,1.0,453.205,Artificial Intelligence,Beginner,3.83,1,1.5,906.41,0,AI Beginner Learners
U02000,32,Male,2,1.0,28.66,Design,Advanced,3.13,2,3.0,57.32,7,Deep Design Learners
U02001,30,Male,1,1.0,0.0,Machine Learning,Advanced,1.81,1,3.0,0.0,6,Advanced Machine Learning Learners
U02002,23,Female,1,1.0,0.0,Machine Learning,Intermediate,4.73,1,2.0,0.0,6,Advanced Machine Learning Learners
U02003,31,Male,4,1.0,122.725,Artificial Intelligence,Advanced,3.4,4,2.5,490.9,0,AI Beginner Learners
U02004,27,Male,1,1.0,342.61,Project Management,Intermediate,4.84,1,2.0,342.61,0,AI Beginner Learners
U02005,27,Male,1,1.0,0.0,Finance,Beginner,4.14,1,1.0,0.0,2,Cybersecurity Beginners
U02006,34,Male,1,1.0,0.0,Cybersecurity,Intermediate,1.91,1,2.0,0.0,2,Cybersecurity Beginners
U02007,25,Female,1,1.0,0.0,Finance,Beginner,4.14,1,1.0,0.0,2,Cybersecurity Beginners
U02008,25,Male,1,1.0,0.0,Marketing,Intermediate,4.11,1,2.0,0.0,8,Advanced Marketing Learners
U02009,34,Male,1,1.0,299.57,Data Science,Beginner,3.74,1,1.0,299.57,3,Data Science Beginners
U02010,31,Male,14,1.5555555555555556,134.32285714285715,Digital Marketing,Beginner,3.4785714285714286,9,1.7857142857142858,1880.52,4,Highly Engaged AI Explorers
U02011,27,Male,1,1.0,0.0,Web Development,Beginner,3.32,1,1.0,0.0,9,Advanced Web Development Learners
U02012,17,Female,1,1.0,37.89,Web Development,Advanced,1.3,1,3.0,37.89,9,Advanced Web Development Learners
U02013,29,Female,2,1.0,0.0,Artificial Intelligence,Advanced,4.045,2,2.0,0.0,0,AI Beginner Learners
U02014,23,Female,3,1.0,18.213333333333335,Cybersecurity,Beginner,3.766666666666667,3,1.6666666666666667,54.64,2,Cybersecurity Beginners
U02015,30,Male,14,1.75,86.36785714285715,Cybersecurity,Beginner,3.267142857142857,9,1.7857142857142858,1209.15,4,Highly Engaged AI Explorers
U02016,25,Male,1,1.0,0.0,Artificial Intelligence,Beginner,3.64,1,1.0,0.0,0,AI Beginner Learners
U02017,22,Female,2,1.0,26.93,Finance,Beginner,3.16,2,1.0,53.86,2,Cybersecurity Beginners
U02018,35,Male,1,1.0,0.0,Programming,Beginner,1.28,1,1.0,0.0,2,Cybersecurity Beginners
U02019,25,Female,3,1.0,89.90333333333332,Web Development,Advanced,3.736666666666667,2,2.3333333333333335,269.71,9,Advanced Web Development Learners
U02020,18,Male,1,1.0,0.0,Machine Learning,Beginner,1.13,1,1.0,0.0,6,Advanced Machine Learning Learners
U02021,25,Female,1,1.0,0.0,Cybersecurity,Advanced,2.38,1,3.0,0.0,2,Cybersecurity Beginners
U02022,27,Female,11,1.5714285714285714,87.11727272727272,Programming,Beginner,2.5536363636363637,8,1.8181818181818181,958.29,4,Highly Engaged AI Explorers
U02023,31,Female,2,1.0,0.0,Programming,Beginner,3.165,2,1.5,0.0,2,Cybersecurity Beginners
U02024,24,Female,2,1.0,0.0,Business,Advanced,3.22,2,2.0,0.0,1,Business Advanced Learners
U02025,21,Male,1,1.0,276.37,Design,Advanced,2.72,1,3.0,276.37,7,Deep Design Learners
U02026,19,Female,1,1.0,0.0,Machine Learning,Beginner,1.13,1,1.0,0.0,6,Advanced Machine Learning Learners
U02027,28,Male,1,1.0,0.0,Digital Marketing,Beginner,2.14,1,1.0,0.0,5,Digital Marketing Learners
U02028,35,Female,2,1.0,0.0,Design,Advanced,2.6399999999999997,2,3.0,0.0,7,Deep Design Learners
U02029,28,Male,1,1.0,342.61,Project Management,Intermediate,4.84,1,2.0,342.61,0,AI Beginner Learners
U02030,28,Female,1,1.0,117.68,Data Science,Advanced,2.57,1,3.0,117.68,3,Data Science Beginners
U02031,20,Male,2,1.0,59.52,Finance,Beginner,1.94,2,1.5,119.04,2,Cybersecurity Beginners
U02032,17,Male,2,1.0,0.0,Project Management,Advanced,3.06,2,2.5,0.0,0,AI Beginner Learners
U02033,25,Male,1,1.0,0.0,Marketing,Advanced,2.98,1,3.0,0.0,8,Advanced Marketing Learners
U02034,31,Female,1,1.0,117.68,Data Science,Advanced,2.57,1,3.0,117.68,3,Data Science Beginners
U02035,32,Male,15,1.5,102.12866666666667,Business,Advanced,2.872,9,2.1333333333333333,1531.93,4,Highly Engaged AI Explorers
U02036,26,Male,2,1.0,44.795,Artificial Intelligence,Advanced,2.245,2,2.5,89.59,0,AI Beginner Learners
U02037,18,Female,2,1.0,163.995,Finance,Beginner,2.8049999999999997,2,1.5,327.99,2,Cybersecurity Beginners
U02038,32,Female,11,1.8333333333333333,47.26818181818182,Project Management,Advanced,3.689090909090909,9,2.1818181818181817,519.95,4,Highly Engaged AI Explorers
U02039,29,Male,13,1.625,145.64538461538461,Artificial Intelligence,Beginner,3.3876923076923076,10,1.6923076923076923,1893.39,4,Highly Engaged AI Explorers
U02040,30,Male,1,1.0,0.0,Data Science,Intermediate,3.6,1,2.0,0.0,3,Data Science Beginners
U02041,34,Male,3,1.5,12.63,Design,Advanced,2.54,3,2.3333333333333335,37.89,7,Deep Design Learners
U02042,32,Female,1,1.0,0.0,Project Management,Intermediate,3.45,1,2.0,0.0,0,AI Beginner Learners
U02043,23,Female,1,1.0,0.0,Business,Advanced,3.15,1,3.0,0.0,1,Business Advanced Learners
U02044,24,Female,2,1.0,0.0,Cybersecurity,Beginner,3.89,2,1.5,0.0,2,Cybersecurity Beginners
U02045,28,Female,1,1.0,0.78,Machine Learning,Advanced,3.89,1,3.0,0.78,6,Advanced Machine Learning Learners
U02046,17,Male,1,1.0,0.0,Web Development,Beginner,3.32,1,1.0,0.0,9,Advanced Web Development Learners
U02047,18,Female,1,1.0,0.0,Project Management,Beginner,4.68,1,1.0,0.0,0,AI Beginner Learners
U02048,19,Female,1,1.0,89.59,Artificial Intelligence,Intermediate,2.68,1,2.0,89.59,0,AI Beginner Learners
U02049,22,Male,1,1.0,248.1,Artificial Intelligence,Beginner,1.2,1,1.0,248.1,0,AI Beginner Learners
U02050,28,Male,3,1.5,0.0,Data Science,Beginner,2.6633333333333336,3,1.0,0.0,3,Data Science Beginners
U02051,31,Female,1,1.0,342.61,Project Management,Intermediate,4.84,1,2.0,342.61,0,AI Beginner Learners
U02052,21,Male,2,1.0,386.485,Business,Advanced,2.8,1,2.0,772.97,1,Business Advanced Learners
U02053,19,Female,1,1.0,0.0,Business,Advanced,2.0,1,3.0,0.0,1,Business Advanced Learners
U02054,23,Male,2,2.0,0.0,Programming,Beginner,2.3150000000000004,2,1.5,0.0,2,Cybersecurity Beginners
U02055,33,Female,14,1.4,139.91571428571427,Business,Advanced,3.125,9,2.0,1958.82,4,Highly Engaged AI Explorers
U02056,35,Female,1,1.0,0.0,Finance,Advanced,1.59,1,3.0,0.0,2,Cybersecurity Beginners
U02057,16,Male,2,1.0,0.0,Artificial Intelligence,Beginner,2.775,2,1.5,0.0,0,AI Beginner Learners
U02058,16,Male,13,1.625,96.42846153846153,Artificial Intelligence,Beginner,3.017692307692308,8,1.6923076923076923,1253.57,4,Highly Engaged AI Explorers
U02059,20,Female,1,1.0,0.0,Marketing,Advanced,2.98,1,3.0,0.0,8,Advanced Marketing Learners
U02060,31,Female,3,1.5,0.0,Data Science,Advanced,3.2099999999999995,2,2.0,0.0,3,Data Science Beginners
U02061,25,Female,1,1.0,117.68,Data Science,Advanced,2.57,1,3.0,117.68,3,Data Science Beginners
U02062,35,Male,1,1.0,0.0,Cybersecurity,Advanced,2.38,1,3.0,0.0,2,Cybersecurity Beginners
U02063,26,Male,2,2.0,18.945,Design,Advanced,1.4100000000000001,2,3.0,37.89,7,Deep Design Learners
U02064,35,Male,15,1.3636363636363635,137.86666666666667,Artificial Intelligence,Beginner,3.108,10,1.8666666666666667,2068.0,4,Highly Engaged AI Explorers
U02065,20,Male,2,1.0,0.0,Cybersecurity,Advanced,2.195,2,3.0,0.0,2,Cybersecurity Beginners
U02066,18,Male,1,1.0,0.0,Machine Learning,Intermediate,4.73,1,2.0,0.0,6,Advanced Machine Learning Learners
U02067,26,Female,1,1.0,0.0,Data Science,Intermediate,3.6,1,2.0,0.0,3,Data Science Beginners
U02068,15,Male,13,1.625,94.86615384615385,Programming,Beginner,3.433076923076923,7,1.5384615384615385,1233.26,4,Highly Engaged AI Explorers
U02069,18,Male,1,1.0,0.0,Data Science,Intermediate,3.6,1,2.0,0.0,3,Data Science Beginners
U02070,31,Female,1,1.0,342.61,Project Management,Intermediate,4.84,1,2.0,342.61,0,AI Beginner Learners
U02071,24,Male,13,1.4444444444444444,69.73153846153846,Artificial Intelligence,Intermediate,3.3,8,1.9230769230769231,906.51,4,Highly Engaged AI Explorers
U02072,16,Male,1,1.0,0.0,Marketing,Advanced,2.01,1,3.0,0.0,8,Advanced Marketing Learners
U02073,19,Female,2,1.0,18.945,Data Science,Advanced,2.45,2,2.5,37.89,3,Data Science Beginners
U02074,27,Female,14,2.0,120.84,Data Science,Beginner,2.7935714285714286,9,1.9285714285714286,1691.76,4,Highly Engaged AI Explorers
U02075,26,Male,1,1.0,0.0,Finance,Intermediate,4.1,1,2.0,0.0,2,Cybersecurity Beginners
U02076,24,Female,1,1.0,0.0,Design,Advanced,2.61,1,3.0,0.0,7,Deep Design Learners
U02077,24,Male,14,1.75,61.19857142857143,Web Development,Beginner,3.0635714285714286,10,1.9285714285714286,856.78,4,Highly Engaged AI Explorers
U02078,34,Female,2,1.0,171.185,Business,Advanced,3.35,2,2.0,342.37,1,Business Advanced Learners
U02079,29,Female,1,1.0,0.0,Cybersecurity,Intermediate,1.91,1,2.0,0.0,2,Cybersecurity Beginners
U02080,33,Male,2,1.0,416.755,Artificial Intelligence,Beginner,4.695,2,1.5,833.51,0,AI Beginner Learners
U02081,19,Female,2,1.0,59.52,Design,Advanced,2.135,2,2.5,119.04,7,Deep Design Learners
U02082,26,Female,1,1.0,0.0,Web Development,Beginner,2.2,1,1.0,0.0,9,Advanced Web Development Learners
U02083,27,Female,2,1.0,243.96,Business,Advanced,2.92,2,2.0,487.92,1,Business Advanced Learners
U02084,21,Female,3,1.0,0.26,Machine Learning,Intermediate,3.476666666666667,3,2.3333333333333335,0.78,6,Advanced Machine Learning Learners
U02085,22,Female,1,1.0,0.0,Design,Advanced,1.52,1,3.0,0.0,7,Deep Design Learners
U02086,30,Male,2,1.0,171.305,Data Science,Intermediate,4.22,2,2.0,342.61,3,Data Science Beginners
U02087,28,Female,1,1.0,0.0,Project Management,Beginner,4.68,1,1.0,0.0,0,AI Beginner Learners
U02088,18,Female,1,1.0,0.0,Marketing,Intermediate,4.11,1,2.0,0.0,8,Advanced Marketing Learners
U02089,16,Female,1,1.0,0.0,Artificial Intelligence,Beginner,3.64,1,1.0,0.0,0,AI Beginner Learners
U02090,22,Female,1,1.0,0.0,Data Science,Beginner,3.65,1,1.0,0.0,3,Data Science Beginners
U02091,27,Male,3,1.0,12.63,Cybersecurity,Advanced,1.4466666666666665,3,2.0,37.89,2,Cybersecurity Beginners
U02092,25,Female,1,1.0,89.59,Artificial Intelligence,Intermediate,2.68,1,2.0,89.59,0,AI Beginner Learners
U02093,18,Male,2,1.0,124.05,Artificial Intelligence,Beginner,2.8200000000000003,2,1.0,248.1,0,AI Beginner Learners
U02094,24,Female,11,1.0,35.841818181818184,Cybersecurity,Beginner,3.0090909090909093,9,1.5454545454545454,394.26,2,Cybersecurity Beginners
U02095,32,Female,1,1.0,119.04,Finance,Intermediate,2.75,1,2.0,119.04,2,Cybersecurity Beginners
U02096,31,Male,13,2.1666666666666665,62.72615384615385,Machine Learning,Intermediate,3.646153846153846,9,2.230769230769231,815.44,4,Highly Engaged AI Explorers
U02097,15,Female,2,1.0,163.995,Design,Beginner,3.01,2,1.0,327.99,7,Deep Design Learners
U02098,25,Male,13,1.4444444444444444,87.51692307692308,Business,Advanced,2.5907692307692307,8,2.1538461538461537,1137.72,4,Highly Engaged AI Explorers
U02099,21,Female,1,1.0,394.26,Cybersecurity,Intermediate,1.35,1,2.0,394.26,2,Cybersecurity Beginners
U02100,15,Female,1,1.0,248.1,Artificial Intelligence,Beginner,1.2,1,1.0,248.1,0,AI Beginner Learners
U02101,27,Male,1,1.0,37.89,Web Development,Advanced,1.3,1,3.0,37.89,9,Advanced Web Development Learners
U02102,20,Female,3,1.0,0.0,Cybersecurity,Intermediate,3.546666666666667,3,2.3333333333333335,0.0,2,Cybersecurity Beginners
U02103,33,Male,3,1.0,157.42666666666665,Programming,Beginner,4.076666666666667,2,1.0,472.28,2,Cybersecurity Beginners
U02104,15,Male,1,1.0,0.0,Data Science,Intermediate,3.6,1,2.0,0.0,3,Data Science Beginners
U02105,32,Female,1,1.0,394.26,Cybersecurity,Intermediate,1.35,1,2.0,394.26,2,Cybersecurity Beginners
U02106,28,Female,1,1.0,0.0,Cybersecurity,Advanced,2.38,1,3.0,0.0,2,Cybersecurity Beginners
U02107,31,Male,2,1.0,0.0,Artificial Intelligence,Advanced,2.615,2,2.0,0.0,0,AI Beginner Learners
U02108,27,Female,1,1.0,0.0,Machine Learning,Beginner,1.13,1,1.0,0.0,6,Advanced Machine Learning Learners
U02109,23,Male,1,1.0,0.0,Web Development,Advanced,2.67,1,3.0,0.0,9,Advanced Web Development Learners
U02110,25,Male,1,1.0,276.37,Design,Advanced,2.72,1,3.0,276.37,7,Deep Design Learners
U02111,21,Male,1,1.0,0.0,Cybersecurity,Intermediate,3.93,1,2.0,0.0,2,Cybersecurity Beginners
U02112,22,Female,2,1.0,0.0,Data Science,Beginner,4.165,2,1.0,0.0,3,Data Science Beginners
U02113,28,Female,2,1.0,163.995,Project Management,Beginner,2.48,1,1.5,327.99,0,AI Beginner Learners
U02114,32,Male,1,1.0,0.0,Digital Marketing,Beginner,2.14,1,1.0,0.0,5,Digital Marketing Learners
U02115,18,Male,1,1.0,0.0,Machine Learning,Beginner,1.13,1,1.0,0.0,6,Advanced Machine Learning Learners
U02116,32,Female,1,1.0,342.61,Project Management,Intermediate,4.84,1,2.0,342.61,0,AI Beginner Learners
U02117,31,Male,1,1.0,0.0,Programming,Beginner,2.88,1,1.0,0.0,2,Cybersecurity Beginners
U02118,27,Male,1,1.0,0.0,Programming,Beginner,3.85,1,1.0,0.0,2,Cybersecurity Beginners
U02119,24,Female,1,1.0,0.0,Cybersecurity,Intermediate,1.91,1,2.0,0.0,2,Cybersecurity Beginners
U02120,19,Male,2,1.0,44.795,Artificial Intelligence,Intermediate,2.295,2,2.0,89.59,0,AI Beginner Learners
U02121,16,Female,1,1.0,415.51,Artificial Intelligence,Intermediate,3.11,1,2.0,415.51,0,AI Beginner Learners
U02122,32,Female,2,1.0,0.0,Design,Advanced,4.5649999999999995,2,2.0,0.0,7,Deep Design Learners
U02123,32,Male,2,1.0,207.755,Artificial Intelligence,Intermediate,3.6049999999999995,2,2.0,415.51,0,AI Beginner Learners
U02124,15,Female,1,1.0,0.0,Web Development,Beginner,3.32,1,1.0,0.0,9,Advanced Web Development Learners
U02125,31,Female,13,1.4444444444444444,139.53307692307692,Artificial Intelligence,Advanced,3.108461538461538,10,2.076923076923077,1813.93,4,Highly Engaged AI Explorers
U02126,22,Female,1,1.0,0.0,Machine Learning,Intermediate,1.73,1,2.0,0.0,6,Advanced Machine Learning Learners
U02127,21,Female,2,1.0,0.0,Cybersecurity,Beginner,3.0650000000000004,2,1.5,0.0,2,Cybersecurity Beginners
U02128,30,Male,1,1.0,0.0,Design,Advanced,1.52,1,3.0,0.0,7,Deep Design Learners
U02129,20,Female,2,1.0,0.0,Digital Marketing,Beginner,3.66,2,1.0,0.0,5,Digital Marketing Learners
U02130,19,Male,1,1.0,212.39,Digital Marketing,Advanced,3.15,1,3.0,212.39,5,Digital Marketing Learners
U02131,27,Female,1,1.0,0.0,Digital Marketing,Beginner,2.14,1,1.0,0.0,5,Digital Marketing Learners
U02132,20,Female,2,1.0,0.0,Programming,Beginner,3.585,2,1.0,0.0,2,Cybersecurity Beginners
U02133,21,Male,2,1.0,0.39,Design,Advanced,4.17,2,3.0,0.78,7,Deep Design Learners
U02134,31,Female,1,1.0,0.0,Finance,Beginner,4.14,1,1.0,0.0,2,Cybersecurity Beginners
U02135,31,Male,1,1.0,0.0,Finance,Beginner,4.14,1,1.0,0.0,2,Cybersecurity Beginners
U02136,33,Male,1,1.0,0.0,Business,Advanced,3.15,1,3.0,0.0,1,Business Advanced Learners
U02137,30,Male,1,1.0,285.05,Business,Beginner,1.96,1,1.0,285.05,1,Business Advanced Learners
U02138,19,Female,2,1.0,245.45,Artificial Intelligence,Advanced,3.1799999999999997,2,2.0,490.9,0,AI Beginner Learners
U02139,23,Male,1,1.0,0.78,Machine Learning,Advanced,3.89,1,3.0,0.78,6,Advanced Machine Learning Learners
U02140,21,Female,1,1.0,326.02,Business,Intermediate,2.69,1,2.0,326.02,1,Business Advanced Learners
U02141,17,Male,2,1.0,138.185,Design,Advanced,3.41,2,2.5,276.37,7,Deep Design Learners
U02142,26,Female,4,1.3333333333333333,53.0975,Cybersecurity,Advanced,3.1525,4,2.75,212.39,2,Cybersecurity Beginners
U02143,24,Male,3,1.5,51.85666666666666,Cybersecurity,Advanced,1.9266666666666665,3,2.6666666666666665,155.57,2,Cybersecurity Beginners
U02144,15,Male,14,1.2727272727272727,126.29357142857144,Artificial Intelligence,Intermediate,3.064285714285714,9,1.9285714285714286,1768.1100000000001,4,Highly Engaged AI Explorers
U02145,16,Female,1,1.0,0.0,Web Development,Advanced,2.67,1,3.0,0.0,9,Advanced Web Development Learners
U02146,17,Male,1,1.0,0.0,Marketing,Advanced,2.01,1,3.0,0.0,8,Advanced Marketing Learners
U02147,33,Male,15,1.6666666666666667,119.2,Web Development,Intermediate,3.0973333333333333,11,2.1333333333333333,1788.0,4,Highly Engaged AI Explorers
U02148,31,Female,1,1.0,346.71,Project Management,Advanced,1.23,1,3.0,346.71,0,AI Beginner Learners
U02149,21,Female,15,1.5,80.57733333333333,Cybersecurity,Advanced,3.4459999999999997,8,2.1333333333333333,1208.6599999999999,4,Highly Engaged AI Explorers
U02150,16,Female,1,1.0,0.0,Cybersecurity,Intermediate,1.91,1,2.0,0.0,2,Cybersecurity Beginners
U02151,18,Female,13,1.3,171.7323076923077,Artificial Intelligence,Beginner,3.48,8,1.6153846153846154,2232.52,4,Highly Engaged AI Explorers
U02152,35,Female,13,1.625,178.7023076923077,Project Management,Beginner,3.1138461538461537,9,1.8461538461538463,2323.13,4,Highly Engaged AI Explorers
U02153,18,Female,13,1.4444444444444444,128.63692307692307,Data Science,Beginner,2.9407692307692304,9,1.6923076923076923,1672.28,4,Highly Engaged AI Explorers
U02154,16,Male,3,1.0,279.2033333333333,Artificial Intelligence,Advanced,3.503333333333334,3,2.0,837.6099999999999,0,AI Beginner Learners
U02155,16,Female,14,1.5555555555555556,44.51,Data Science,Beginner,2.9678571428571425,10,1.9285714285714286,623.14,4,Highly Engaged AI Explorers
U02156,34,Female,1,1.0,0.0,Data Science,Intermediate,3.6,1,2.0,0.0,3,Data Science Beginners
U02157,29,Male,3,1.0,0.0,Artificial Intelligence,Advanced,4.386666666666667,3,2.0,0.0,0,AI Beginner Learners
U02158,17,Female,4,1.0,187.1625,Design,Beginner,3.1725000000000003,4,1.75,748.65,7,Deep Design Learners
U02159,29,Female,2,1.0,163.995,Digital Marketing,Beginner,3.085,2,1.5,327.99,5,Digital Marketing Learners
U02160,21,Female,1,1.0,0.0,Marketing,Advanced,2.01,1,3.0,0.0,8,Advanced Marketing Learners
U02161,23,Female,14,1.75,58.74214285714286,Design,Advanced,3.3264285714285715,7,2.357142857142857,822.39,4,Highly Engaged AI Explorers
U02162,25,Male,1,1.0,0.0,Digital Marketing,Beginner,2.14,1,1.0,0.0,5,Digital Marketing Learners
U02163,29,Male,1,1.0,0.0,Web Development,Beginner,2.2,1,1.0,0.0,9,Advanced Web Development Learners
U02164,25,Female,1,1.0,0.0,Programming,Beginner,3.85,1,1.0,0.0,2,Cybersecurity Beginners
U02165,18,Male,1,1.0,0.0,Web Development,Advanced,2.67,1,3.0,0.0,9,Advanced Web Development Learners
U02166,27,Male,1,1.0,0.0,Machine Learning,Beginner,1.13,1,1.0,0.0,6,Advanced Machine Learning Learners
U02167,25,Female,3,1.0,114.20333333333333,Data Science,Intermediate,3.1966666666666668,3,2.0,342.61,3,Data Science Beginners
U02168,34,Male,1,1.0,0.0,Finance,Beginner,4.14,1,1.0,0.0,2,Cybersecurity Beginners
U02169,32,Female,1,1.0,0.0,Cybersecurity,Intermediate,1.91,1,2.0,0.0,2,Cybersecurity Beginners
U02170,24,Male,1,1.0,472.28,Programming,Beginner,4.74,1,1.0,472.28,0,AI Beginner Learners
U02171,31,Male,2,1.0,28.66,Data Science,Advanced,4.195,2,2.0,57.32,3,Data Science Beginners
U02172,34,Male,1,1.0,0.0,Marketing,Advanced,2.98,1,3.0,0.0,8,Advanced Marketing Learners
U02173,22,Female,1,1.0,326.02,Business,Intermediate,2.69,1,2.0,326.02,1,Business Advanced Learners
U02174,17,Female,14,1.75,127.7057142857143,Artificial Intelligence,Intermediate,3.0914285714285716,8,1.9285714285714286,1787.88,4,Highly Engaged AI Explorers
U02175,15,Female,2,1.0,0.0,Finance,Advanced,2.9749999999999996,2,2.0,0.0,2,Cybersecurity Beginners
U02176,23,Male,1,1.0,117.68,Data Science,Advanced,2.57,1,3.0,117.68,3,Data Science Beginners
U02177,35,Male,1,1.0,472.28,Programming,Beginner,4.74,1,1.0,472.28,0,AI Beginner Learners
U02178,21,Female,1,1.0,0.0,Cybersecurity,Intermediate,3.93,1,2.0,0.0,2,Cybersecurity Beginners
U02179,27,Female,2,1.0,0.0,Marketing,Advanced,2.705,2,2.5,0.0,8,Advanced Marketing Learners
U02180,31,Female,4,2.0,0.0,Business,Advanced,2.27,4,2.5,0.0,1,Business Advanced Learners
U02181,27,Female,2,1.0,171.305,Digital Marketing,Beginner,3.49,2,1.5,342.61,5,Digital Marketing Learners
U02182,29,Male,2,1.0,0.0,Business,Advanced,2.8,2,2.5,0.0,1,Business Advanced Learners
U02183,19,Male,1,1.0,117.68,Data Science,Advanced,2.57,1,3.0,117.68,3,Data Science Beginners
U02184,20,Female,2,1.0,88.67,Data Science,Advanced,3.77,2,2.0,177.34,3,Data Science Beginners
U02185,16,Male,2,1.0,0.0,Design,Beginner,4.585,2,1.5,0.0,7,Deep Design Learners
U02186,29,Male,4,1.0,90.97749999999999,Business,Intermediate,2.665,4,2.0,363.90999999999997,1,Business Advanced Learners
U02187,21,Male,2,1.0,28.66,Machine Learning,Advanced,4.735,2,2.5,57.32,6,Advanced Machine Learning Learners
U02188,17,Female,1,1.0,0.0,Programming,Beginner,1.28,1,1.0,0.0,2,Cybersecurity Beginners
U02189,18,Male,1,1.0,0.0,Cybersecurity,Beginner,4.94,1,1.0,0.0,2,Cybersecurity Beginners
U02190,19,Male,4,1.3333333333333333,113.35,Web Development,Intermediate,2.835,3,2.0,453.4,9,Advanced Web Development Learners
U02191,24,Male,4,1.0,9.4725,Programming,Beginner,2.3275,2,1.5,37.89,2,Cybersecurity Beginners
U02192,22,Female,2,2.0,0.0,Machine Learning,Advanced,3.37,2,2.5,0.0,6,Advanced Machine Learning Learners
U02193,20,Male,2,1.0,0.0,Cybersecurity,Beginner,4.69,2,1.0,0.0,2,Cybersecurity Beginners
U02194,18,Male,2,1.0,395.235,Artificial Intelligence,Beginner,4.145,2,1.0,790.47,0,AI Beginner Learners
U02195,27,Female,1,1.0,0.0,Business,Advanced,2.0,1,3.0,0.0,1,Business Advanced Learners
U02196,31,Female,1,1.0,248.1,Artificial Intelligence,Beginner,1.2,1,1.0,248.1,0,AI Beginner Learners
U02197,24,Female,2,1.0,0.0,Machine Learning,Advanced,4.76,2,2.5,0.0,6,Advanced Machine Learning Learners
U02198,17,Female,2,1.0,0.0,Machine Learning,Advanced,1.77,1,2.5,0.0,6,Advanced Machine Learning Learners
U02199,27,Male,12,2.0,70.1075,Finance,Advanced,2.9525,6,2.0,841.2900000000001,4,Highly Engaged AI Explorers
U02200,23,Male,2,1.0,309.49,Design,Advanced,3.7800000000000002,2,2.5,618.98,7,Deep Design Learners
U02201,20,Male,1,1.0,326.02,Business,Intermediate,2.69,1,2.0,326.02,1,Business Advanced Learners
U02202,28,Male,1,1.0,0.0,Machine Learning,Intermediate,4.73,1,2.0,0.0,6,Advanced Machine Learning Learners
U02203,31,Female,1,1.0,0.0,Cybersecurity,Beginner,4.94,1,1.0,0.0,2,Cybersecurity Beginners
U02204,16,Female,1,1.0,327.99,Project Management,Beginner,1.51,1,1.0,327.99,0,AI Beginner Learners
U02205,34,Female,1,1.0,0.0,Data Science,Beginner,3.65,1,1.0,0.0,3,Data Science Beginners
U02206,31,Male,3,1.5,0.0,Data Science,Intermediate,3.5866666666666664,2,1.6666666666666667,0.0,3,Data Science Beginners
U02207,33,Female,1,1.0,0.0,Business,Advanced,2.0,1,3.0,0.0,1,Business Advanced Learners
U02208,30,Male,2,1.0,163.995,Marketing,Advanced,2.245,2,2.0,327.99,8,Advanced Marketing Learners
U02209,24,Male,1,1.0,0.0,Web Development,Beginner,2.2,1,1.0,0.0,9,Advanced Web Development Learners
U02210,33,Male,1,1.0,0.0,Marketing,Advanced,4.79,1,3.0,0.0,8,Advanced Marketing Learners
U02211,23,Male,1,1.0,0.0,Marketing,Intermediate,4.11,1,2.0,0.0,8,Advanced Marketing Learners
U02212,33,Male,15,1.6666666666666667,77.66333333333334,Data Science,Beginner,2.9093333333333335,10,1.7333333333333334,1164.95,4,Highly Engaged AI Explorers
U02213,17,Male,1,1.0,342.61,Project Management,Intermediate,4.84,1,2.0,342.61,0,AI Beginner Learners
U02214,20,Female,4,1.3333333333333333,80.735,Business,Beginner,2.6975000000000002,4,1.75,322.94,1,Business Advanced Learners
U02215,32,Male,11,1.8333333333333333,54.144545454545444,Finance,Advanced,3.1072727272727274,10,2.0,595.5899999999999,4,Highly Engaged AI Explorers
U02216,26,Female,2,2.0,44.795,Artificial Intelligence,Advanced,2.915,2,2.5,89.59,0,AI Beginner Learners
U02217,21,Male,14,1.75,51.63357142857143,Business,Advanced,2.8850000000000002,9,2.0714285714285716,722.87,4,Highly Engaged AI Explorers
U02218,17,Male,1,1.0,0.0,Marketing,Advanced,2.98,1,3.0,0.0,8,Advanced Marketing Learners
U02219,29,Male,1,1.0,0.0,Programming,Intermediate,2.43,1,2.0,0.0,2,Cybersecurity Beginners
U02220,30,Male,1,1.0,472.28,Programming,Beginner,4.74,1,1.0,472.28,0,AI Beginner Learners
U02221,19,Female,1,1.0,0.0,Marketing,Intermediate,4.72,1,2.0,0.0,8,Advanced Marketing Learners
U02222,23,Male,1,1.0,394.26,Cybersecurity,Intermediate,1.35,1,2.0,394.26,2,Cybersecurity Beginners
U02223,22,Female,1,1.0,0.0,Finance,Beginner,4.14,1,1.0,0.0,2,Cybersecurity Beginners
U02224,18,Female,13,1.8571428571428572,59.396153846153844,Artificial Intelligence,Advanced,2.778461538461538,9,2.1538461538461537,772.15,4,Highly Engaged AI Explorers
U02225,33,Female,2,1.0,59.52,Cybersecurity,Intermediate,2.33,2,2.0,119.04,2,Cybersecurity Beginners
U02226,20,Female,2,1.0,245.45,Artificial Intelligence,Advanced,3.035,2,2.0,490.9,0,AI Beginner Learners
U02227,21,Female,1,1.0,394.26,Cybersecurity,Intermediate,1.35,1,2.0,394.26,2,Cybersecurity Beginners
U02228,19,Male,2,1.0,0.0,Finance,Beginner,3.9749999999999996,2,1.5,0.0,2,Cybersecurity Beginners
U02229,34,Female,2,1.0,0.0,Cybersecurity,Beginner,2.88,2,1.5,0.0,2,Cybersecurity Beginners
U02230,32,Female,1,1.0,0.0,Finance,Intermediate,4.1,1,2.0,0.0,2,Cybersecurity Beginners
U02231,20,Male,13,1.4444444444444444,62.92230769230769,Data Science,Beginner,3.338461538461538,10,1.8461538461538463,817.99,4,Highly Engaged AI Explorers
U02232,26,Female,1,1.0,0.0,Design,Advanced,1.52,1,3.0,0.0,7,Deep Design Learners
U02233,28,Male,2,1.0,149.785,Data Science,Beginner,4.09,2,1.0,299.57,3,Data Science Beginners
U02234,31,Female,1,1.0,0.0,Finance,Advanced,1.59,1,3.0,0.0,2,Cybersecurity Beginners
U02235,15,Female,2,2.0,168.73,Data Science,Advanced,2.52,2,2.0,337.46,3,Data Science Beginners
U02236,24,Female,1,1.0,0.0,Machine Learning,Intermediate,1.73,1,2.0,0.0,6,Advanced Machine Learning Learners
U02237,16,Male,1,1.0,0.0,Cybersecurity,Beginner,4.94,1,1.0,0.0,2,Cybersecurity Beginners
U02238,19,Female,1,1.0,0.0,Business,Advanced,3.15,1,3.0,0.0,1,Business Advanced Learners
U02239,25,Female,1,1.0,0.0,Design,Advanced,4.45,1,3.0,0.0,7,Deep Design Learners
U02240,33,Female,1,1.0,0.0,Programming,Beginner,3.85,1,1.0,0.0,2,Cybersecurity Beginners
U02241,29,Male,2,1.0,150.98,Artificial Intelligence,Beginner,1.835,2,1.0,301.96,0,AI Beginner Learners
U02242,29,Female,1,1.0,0.0,Digital Marketing,Beginner,4.44,1,1.0,0.0,5,Digital Marketing Learners
U02243,16,Female,1,1.0,0.0,Marketing,Intermediate,4.11,1,2.0,0.0,8,Advanced Marketing Learners
U02244,34,Male,1,1.0,57.32,Web Development,Advanced,4.74,1,3.0,57.32,9,Advanced Web Development Learners
U02245,22,Male,1,1.0,472.28,Programming,Beginner,4.74,1,1.0,472.28,0,AI Beginner Learners
U02246,15,Female,1,1.0,89.59,Artificial Intelligence,Intermediate,2.68,1,2.0,89.59,0,AI Beginner Learners
U02247,15,Female,1,1.0,212.39,Digital Marketing,Advanced,3.15,1,3.0,212.39,5,Digital Marketing Learners
U02248,29,Male,14,1.75,89.41785714285713,Data Science,Beginner,2.8449999999999998,10,1.8571428571428572,1251.85,4,Highly Engaged AI Explorers
U02249,25,Female,2,2.0,58.84,Data Science,Advanced,2.59,2,3.0,117.68,3,Data Science Beginners
U02250,19,Female,13,1.4444444444444444,109.41538461538462,Marketing,Advanced,3.303076923076923,8,2.076923076923077,1422.4,4,Highly Engaged AI Explorers
U02251,35,Male,1,1.0,0.0,Business,Advanced,3.15,1,3.0,0.0,1,Business Advanced Learners
U02252,29,Female,2,1.0,0.0,Design,Advanced,2.6399999999999997,2,3.0,0.0,7,Deep Design Learners
U02253,22,Female,1,1.0,0.0,Marketing,Advanced,2.01,1,3.0,0.0,8,Advanced Marketing Learners
U02254,17,Female,15,1.875,57.37133333333333,Business,Intermediate,2.8579999999999997,11,1.9333333333333333,860.5699999999999,4,Highly Engaged AI Explorers
U02255,18,Female,2,1.0,44.795,Artificial Intelligence,Beginner,3.16,1,1.5,89.59,0,AI Beginner Learners
U02256,16,Female,1,1.0,0.0,Cybersecurity,Advanced,2.38,1,3.0,0.0,2,Cybersecurity Beginners
U02257,19,Female,1,1.0,0.0,Data Science,Intermediate,3.6,1,2.0,0.0,3,Data Science Beginners
U02258,21,Male,16,1.7777777777777777,101.071875,Business,Advanced,3.14,10,2.1875,1617.15,4,Highly Engaged AI Explorers
U02259,32,Female,2,1.0,59.52,Business,Advanced,2.95,2,2.5,119.04,1,Business Advanced Learners
U02260,16,Female,1,1.0,346.71,Project Management,Advanced,1.23,1,3.0,346.71,0,AI Beginner Learners
U02261,26,Male,1,1.0,0.0,Programming,Beginner,1.28,1,1.0,0.0,2,Cybersecurity Beginners
U02262,31,Female,3,1.0,0.0,Data Science,Beginner,3.61,3,1.6666666666666667,0.0,3,Data Science Beginners
U02263,29,Female,1,1.0,346.71,Project Management,Advanced,1.23,1,3.0,346.71,0,AI Beginner Learners
U02264,28,Female,2,1.0,207.755,Artificial Intelligence,Beginner,2.195,2,1.5,415.51,0,AI Beginner Learners
U02265,33,Male,2,1.0,197.13,Cybersecurity,Beginner,1.745,2,1.5,394.26,2,Cybersecurity Beginners
U02266,21,Male,1,1.0,490.9,Artificial Intelligence,Beginner,4.55,1,1.0,490.9,0,AI Beginner Learners
U02267,19,Male,1,1.0,0.0,Cybersecurity,Intermediate,3.93,1,2.0,0.0,2,Cybersecurity Beginners
U02268,29,Female,2,1.0,0.0,Data Science,Advanced,2.305,2,2.5,0.0,3,Data Science Beginners
U02269,32,Male,1,1.0,0.0,Digital Marketing,Intermediate,4.66,1,2.0,0.0,5,Digital Marketing Learners
U02270,21,Male,3,1.0,162.64000000000001,Business,Advanced,3.313333333333333,3,2.3333333333333335,487.92,1,Business Advanced Learners
U02271,20,Male,2,1.0,28.66,Design,Advanced,4.595000000000001,2,3.0,57.32,7,Deep Design Learners
U02272,23,Female,1,1.0,0.0,Cybersecurity,Advanced,2.38,1,3.0,0.0,2,Cybersecurity Beginners
U02273,28,Male,1,1.0,0.0,Marketing,Advanced,4.79,1,3.0,0.0,8,Advanced Marketing Learners
U02274,16,Male,2,1.0,88.67,Design,Advanced,4.17,2,3.0,177.34,7,Deep Design Learners
U02275,23,Female,2,1.0,0.0,Digital Marketing,Advanced,4.725,2,2.5,0.0,5,Digital Marketing Learners
U02276,34,Female,1,1.0,0.0,Finance,Advanced,1.59,1,3.0,0.0,2,Cybersecurity Beginners
U02277,28,Male,1,1.0,0.0,Cybersecurity,Intermediate,3.93,1,2.0,0.0,2,Cybersecurity Beginners
U02278,20,Male,1,1.0,0.0,Marketing,Advanced,2.01,1,3.0,0.0,8,Advanced Marketing Learners
U02279,29,Female,1,1.0,0.0,Web Development,Beginner,2.2,1,1.0,0.0,9,Advanced Web Development Learners
U02280,26,Female,2,1.0,207.755,Artificial Intelligence,Beginner,3.7750000000000004,2,1.5,415.51,0,AI Beginner Learners
U02281,34,Male,1,1.0,276.37,Design,Advanced,2.72,1,3.0,276.37,7,Deep Design Learners
U02282,25,Female,1,1.0,0.0,Design,Advanced,2.61,1,3.0,0.0,7,Deep Design Learners
U02283,16,Male,1,1.0,0.0,Digital Marketing,Beginner,2.14,1,1.0,0.0,5,Digital Marketing Learners
U02284,28,Male,13,2.1666666666666665,86.76076923076923,Web Development,Beginner,3.0453846153846156,8,1.8461538461538463,1127.8899999999999,4,Highly Engaged AI Explorers
U02285,28,Female,2,1.0,88.67,Digital Marketing,Advanced,3.385,2,2.0,177.34,5,Digital Marketing Learners
U02286,32,Female,1,1.0,326.02,Business,Intermediate,2.69,1,2.0,326.02,1,Business Advanced Learners
U02287,22,Male,1,1.0,212.39,Digital Marketing,Advanced,3.15,1,3.0,212.39,5,Digital Marketing Learners
U02288,32,Female,15,2.5,95.84866666666667,Cybersecurity,Advanced,3.0020000000000002,10,2.0,1437.73,4,Highly Engaged AI Explorers
U02289,15,Male,1,1.0,0.0,Business,Advanced,2.0,1,3.0,0.0,1,Business Advanced Learners
U02290,25,Male,15,1.6666666666666667,70.15466666666666,Marketing,Advanced,3.046666666666667,10,2.2666666666666666,1052.32,4,Highly Engaged AI Explorers
U02291,31,Female,2,1.0,28.66,Marketing,Advanced,4.765000000000001,2,3.0,57.32,8,Advanced Marketing Learners
U02292,30,Male,1,1.0,0.0,Design,Advanced,1.52,1,3.0,0.0,7,Deep Design Learners
U02293,30,Female,1,1.0,487.92,Business,Advanced,3.64,1,3.0,487.92,1,Business Advanced Learners
U02294,26,Male,1,1.0,53.86,Finance,Beginner,2.47,1,1.0,53.86,2,Cybersecurity Beginners
U02295,33,Male,1,1.0,0.0,Data Science,Beginner,3.65,1,1.0,0.0,3,Data Science Beginners
U02296,27,Female,1,1.0,342.61,Project Management,Intermediate,4.84,1,2.0,342.61,0,AI Beginner Learners
U02297,28,Male,1,1.0,472.28,Programming,Beginner,4.74,1,1.0,472.28,0,AI Beginner Learners
U02298,22,Female,1,1.0,119.04,Finance,Intermediate,2.75,1,2.0,119.04,2,Cybersecurity Beginners
U02299,35,Female,2,1.0,0.0,Cybersecurity,Beginner,4.13,2,1.0,0.0,2,Cybersecurity Beginners
U02300,35,Male,15,1.6666666666666667,100.73333333333333,Design,Beginner,2.9766666666666666,9,1.8,1511.0,4,Highly Engaged AI Explorers
U02301,18,Female,13,1.4444444444444444,42.128461538461536,Data Science,Beginner,3.4353846153846157,8,1.5384615384615385,547.67,4,Highly Engaged AI Explorers
U02302,30,Male,2,2.0,142.525,Business,Beginner,1.935,2,1.5,285.05,1,Business Advanced Learners
U02303,34,Male,1,1.0,0.0,Cybersecurity,Beginner,4.94,1,1.0,0.0,2,Cybersecurity Beginners
U02304,21,Male,1,1.0,0.0,Programming,Beginner,1.28,1,1.0,0.0,2,Cybersecurity Beginners
U02305,19,Female,1,1.0,342.61,Project Management,Intermediate,4.84,1,2.0,342.61,0,AI Beginner Learners
U02306,18,Female,13,1.8571428571428572,140.33846153846156,Business,Beginner,3.303076923076923,9,1.7692307692307692,1824.4,4,Highly Engaged AI Explorers
U02307,22,Male,1,1.0,248.1,Artificial Intelligence,Beginner,1.2,1,1.0,248.1,0,AI Beginner Learners
U02308,15,Female,1,1.0,0.0,Marketing,Advanced,2.98,1,3.0,0.0,8,Advanced Marketing Learners
U02309,23,Female,3,1.5,31.736666666666668,Web Development,Advanced,2.5433333333333334,2,3.0,95.21000000000001,9,Advanced Web Development Learners
U02310,15,Male,1,1.0,0.78,Machine Learning,Advanced,3.89,1,3.0,0.78,6,Advanced Machine Learning Learners
U02311,23,Female,3,1.0,39.22666666666667,Data Science,Intermediate,3.426666666666667,2,2.3333333333333335,117.68,3,Data Science Beginners
U02312,28,Male,1,1.0,0.0,Cybersecurity,Intermediate,3.93,1,2.0,0.0,2,Cybersecurity Beginners
U02313,24,Female,1,1.0,0.0,Design,Advanced,2.61,1,3.0,0.0,7,Deep Design Learners
U02314,29,Male,1,1.0,177.34,Digital Marketing,Advanced,3.89,1,3.0,177.34,5,Digital Marketing Learners
U02315,34,Male,14,1.4,63.48500000000001,Finance,Beginner,3.3264285714285715,8,1.7142857142857142,888.7900000000001,4,Highly Engaged AI Explorers
U02316,31,Female,2,1.0,207.805,Artificial Intelligence,Intermediate,2.685,2,2.0,415.61,0,AI Beginner Learners
U02317,18,Male,2,1.0,28.66,Marketing,Advanced,3.375,2,3.0,57.32,8,Advanced Marketing Learners
U02318,24,Female,1,1.0,285.05,Business,Beginner,1.96,1,1.0,285.05,1,Business Advanced Learners
U02319,24,Female,1,1.0,248.1,Artificial Intelligence,Beginner,1.2,1,1.0,248.1,0,AI Beginner Learners
U02320,17,Male,3,1.0,70.79666666666667,Digital Marketing,Advanced,2.73,3,2.6666666666666665,212.39,5,Digital Marketing Learners
U02321,26,Female,2,1.0,294.98,Data Science,Advanced,3.6550000000000002,2,2.0,589.96,3,Data Science Beginners
U02322,28,Female,1,1.0,0.0,Cybersecurity,Intermediate,1.91,1,2.0,0.0,2,Cybersecurity Beginners
U02323,29,Female,1,1.0,37.89,Web Development,Advanced,1.3,1,3.0,37.89,9,Advanced Web Development Learners
U02324,34,Female,3,1.0,108.67333333333333,Business,Intermediate,2.7733333333333334,3,2.3333333333333335,326.02,1,Business Advanced Learners
U02325,15,Male,1,1.0,177.34,Digital Marketing,Advanced,3.89,1,3.0,177.34,5,Digital Marketing Learners
U02326,32,Male,2,1.0,290.245,Artificial Intelligence,Beginner,3.615,1,1.5,580.49,0,AI Beginner Learners
U02327,29,Male,1,1.0,0.0,Data Science,Beginner,3.65,1,1.0,0.0,3,Data Science Beginners
U02328,22,Female,3,1.5,138.50333333333333,Artificial Intelligence,Intermediate,3.276666666666667,3,2.3333333333333335,415.51,0,AI Beginner Learners
U02329,35,Male,1,1.0,0.0,Marketing,Intermediate,4.11,1,2.0,0.0,8,Advanced Marketing Learners
U02330,29,Female,1,1.0,0.0,Web Development,Beginner,3.32,1,1.0,0.0,9,Advanced Web Development Learners
U02331,25,Female,2,1.0,0.0,Design,Advanced,1.325,2,2.0,0.0,7,Deep Design Learners
U02332,23,Male,2,1.0,138.575,Design,Advanced,3.305,2,3.0,277.15,7,Deep Design Learners
U02333,32,Female,3,1.0,138.50333333333333,Artificial Intelligence,Advanced,3.2099999999999995,3,2.0,415.51,0,AI Beginner Learners
U02334,23,Female,2,1.0,0.39,Machine Learning,Advanced,4.34,2,3.0,0.78,6,Advanced Machine Learning Learners
U02335,25,Female,1,1.0,0.78,Machine Learning,Advanced,3.89,1,3.0,0.78,6,Advanced Machine Learning Learners
U02336,17,Female,14,1.4,87.72214285714287,Finance,Intermediate,2.6392857142857147,9,2.0714285714285716,1228.1100000000001,4,Highly Engaged AI Explorers
U02337,18,Female,13,1.625,128.92538461538462,Business,Beginner,2.924615384615384,6,1.9230769230769231,1676.03,4,Highly Engaged AI Explorers
U02338,29,Female,1,1.0,0.0,Finance,Intermediate,4.1,1,2.0,0.0,2,Cybersecurity Beginners
U02339,33,Female,1,1.0,285.05,Business,Beginner,1.96,1,1.0,285.05,1,Business Advanced Learners
U02340,20,Male,2,1.0,18.945,Machine Learning,Advanced,3.015,2,2.5,37.89,6,Advanced Machine Learning Learners
U02341,17,Male,13,1.4444444444444444,73.65,Artificial Intelligence,Beginner,3.5846153846153848,9,1.9230769230769231,957.45,4,Highly Engaged AI Explorers
U02342,21,Male,2,1.0,44.795,Artificial Intelligence,Advanced,2.245,2,2.5,89.59,0,AI Beginner Learners
U02343,29,Male,4,1.3333333333333333,139.97,Machine Learning,Advanced,2.35,3,2.5,559.88,6,Advanced Machine Learning Learners
U02344,26,Male,14,1.75,95.42785714285715,Artificial Intelligence,Beginner,3.0100000000000002,9,1.9285714285714286,1335.99,4,Highly Engaged AI Explorers
U02345,31,Male,13,1.625,80.6,Machine Learning,Advanced,3.1500000000000004,8,2.230769230769231,1047.8,4,Highly Engaged AI Explorers
U02346,34,Male,1,1.0,394.26,Cybersecurity,Intermediate,1.35,1,2.0,394.26,2,Cybersecurity Beginners
U02347,27,Male,1,1.0,0.0,Cybersecurity,Intermediate,3.93,1,2.0,0.0,2,Cybersecurity Beginners
U02348,20,Male,1,1.0,0.0,Cybersecurity,Intermediate,1.91,1,2.0,0.0,2,Cybersecurity Beginners
U02349,27,Male,14,1.5555555555555556,73.45,Digital Marketing,Beginner,3.3842857142857143,9,1.9285714285714286,1028.3,4,Highly Engaged AI Explorers
U02350,31,Female,2,1.0,147.51,Data Science,Advanced,3.23,2,3.0,295.02,3,Data Science Beginners
U02351,22,Female,2,1.0,0.0,Finance,Beginner,3.17,2,1.0,0.0,2,Cybersecurity Beginners
U02352,30,Female,3,1.0,99.85666666666667,Data Science,Intermediate,3.6199999999999997,2,1.6666666666666667,299.57,3,Data Science Beginners
U02353,16,Male,1,1.0,0.0,Digital Marketing,Beginner,4.44,1,1.0,0.0,5,Digital Marketing Learners
U02354,29,Female,1,1.0,487.92,Business,Advanced,3.64,1,3.0,487.92,1,Business Advanced Learners
U02355,32,Female,1,1.0,119.04,Finance,Intermediate,2.75,1,2.0,119.04,2,Cybersecurity Beginners
U02356,35,Male,1,1.0,0.0,Finance,Advanced,1.59,1,3.0,0.0,2,Cybersecurity Beginners
U02357,28,Female,2,1.0,0.0,Business,Advanced,2.79,2,2.5,0.0,1,Business Advanced Learners
U02358,22,Male,4,1.0,266.71,Artificial Intelligence,Advanced,3.205,4,2.0,1066.84,0,AI Beginner Learners
U02359,32,Female,2,2.0,0.0,Data Science,Beginner,2.58,2,1.5,0.0,3,Data Science Beginners
U02360,18,Female,1,1.0,0.0,Finance,Advanced,1.59,1,3.0,0.0,2,Cybersecurity Beginners
U02361,26,Female,2,1.0,163.995,Data Science,Beginner,2.265,2,1.5,327.99,3,Data Science Beginners
U02362,33,Female,1,1.0,0.0,Design,Advanced,1.52,1,3.0,0.0,7,Deep Design Learners
U02363,15,Male,1,1.0,487.92,Business,Advanced,3.64,1,3.0,487.92,1,Business Advanced Learners
U02364,29,Female,1,1.0,299.57,Data Science,Beginner,3.74,1,1.0,299.57,3,Data Science Beginners
U02365,34,Female,1,1.0,0.0,Data Science,Intermediate,3.02,1,2.0,0.0,3,Data Science Beginners
U02366,19,Female,1,1.0,0.0,Marketing,Intermediate,4.72,1,2.0,0.0,8,Advanced Marketing Learners
U02367,25,Male,1,1.0,0.0,Business,Advanced,3.15,1,3.0,0.0,1,Business Advanced Learners
U02368,31,Male,4,1.3333333333333333,112.8425,Data Science,Advanced,3.2525,4,3.0,451.37,3,Data Science Beginners
U02369,16,Male,2,1.0,0.0,Digital Marketing,Advanced,3.465,2,2.0,0.0,5,Digital Marketing Learners
U02370,24,Male,14,1.75,78.05428571428571,Business,Intermediate,3.1721428571428576,11,2.0,1092.76,4,Highly Engaged AI Explorers
U02371,34,Female,12,1.3333333333333333,130.80833333333334,Artificial Intelligence,Advanced,2.8333333333333335,8,2.0,1569.7,4,Highly Engaged AI Explorers
U02372,35,Male,3,1.0,0.0,Cybersecurity,Intermediate,4.4,3,1.6666666666666667,0.0,2,Cybersecurity Beginners
U02373,22,Male,2,1.0,243.96,Business,Advanced,3.62,2,2.5,487.92,1,Business Advanced Learners
U02374,22,Male,3,1.5,0.26,Machine Learning,Advanced,4.3566666666666665,2,2.6666666666666665,0.78,6,Advanced Machine Learning Learners
U02375,33,Female,1,1.0,276.37,Design,Advanced,2.72,1,3.0,276.37,7,Deep Design Learners
U02376,19,Female,1,1.0,0.0,Design,Advanced,2.61,1,3.0,0.0,7,Deep Design Learners
U02377,35,Male,2,1.0,0.0,Business,Advanced,3.795,2,2.0,0.0,1,Business Advanced Learners
U02378,23,Male,1,1.0,0.0,Digital Marketing,Intermediate,4.66,1,2.0,0.0,5,Digital Marketing Learners
U02379,20,Male,2,1.0,0.0,Business,Advanced,3.065,2,3.0,0.0,1,Business Advanced Learners
U02380,24,Female,3,1.0,240.09333333333333,Business,Intermediate,2.453333333333333,3,1.6666666666666667,720.28,1,Business Advanced Learners
U02381,31,Female,1,1.0,415.51,Artificial Intelligence,Intermediate,3.11,1,2.0,415.51,0,AI Beginner Learners
U02382,32,Male,1,1.0,490.9,Artificial Intelligence,Beginner,4.55,1,1.0,490.9,0,AI Beginner Learners
U02383,21,Male,1,1.0,0.0,Marketing,Intermediate,4.72,1,2.0,0.0,8,Advanced Marketing Learners
U02384,22,Male,3,1.0,39.68,Artificial Intelligence,Beginner,2.5066666666666664,3,1.3333333333333333,119.04,0,AI Beginner Learners
U02385,30,Male,1,1.0,0.0,Cybersecurity,Beginner,4.94,1,1.0,0.0,2,Cybersecurity Beginners
U02386,35,Male,4,1.0,74.8925,Data Science,Beginner,4.2075,4,1.25,299.57,3,Data Science Beginners
U02387,31,Male,1,1.0,0.0,Design,Advanced,1.52,1,3.0,0.0,7,Deep Design Learners
U02388,23,Male,1,1.0,346.71,Project Management,Advanced,1.23,1,3.0,346.71,0,AI Beginner Learners
U02389,33,Male,2,1.0,88.67,Business,Advanced,3.52,2,3.0,177.34,1,Business Advanced Learners
U02390,28,Female,2,1.0,236.14,Programming,Beginner,3.585,1,1.5,472.28,2,Cybersecurity Beginners
U02391,20,Female,1,1.0,0.0,Cybersecurity,Advanced,2.38,1,3.0,0.0,2,Cybersecurity Beginners
U02392,21,Male,2,1.0,106.195,Digital Marketing,Advanced,3.3,2,2.5,212.39,5,Digital Marketing Learners
U02393,18,Male,1,1.0,0.0,Web Development,Beginner,3.32,1,1.0,0.0,9,Advanced Web Development Learners
U02394,35,Male,1,1.0,299.57,Data Science,Beginner,3.74,1,1.0,299.57,3,Data Science Beginners
U02395,32,Female,3,1.0,0.0,Cybersecurity,Beginner,4.3500000000000005,3,1.3333333333333333,0.0,2,Cybersecurity Beginners
U02396,16,Female,1,1.0,212.39,Digital Marketing,Advanced,3.15,1,3.0,212.39,5,Digital Marketing Learners
U02397,22,Male,1,1.0,0.0,Programming,Beginner,3.85,1,1.0,0.0,2,Cybersecurity Beginners
U02398,26,Female,2,1.0,124.44,Artificial Intelligence,Advanced,2.545,2,2.0,248.88,0,AI Beginner Learners
U02399,22,Male,1,1.0,0.0,Marketing,Advanced,2.01,1,3.0,0.0,8,Advanced Marketing Learners
U02400,17,Male,1,1.0,0.0,Digital Marketing,Intermediate,4.66,1,2.0,0.0,5,Digital Marketing Learners
U02401,28,Male,1,1.0,490.9,Artificial Intelligence,Beginner,4.55,1,1.0,490.9,0,AI Beginner Learners
U02402,19,Female,1,1.0,0.0,Business,Advanced,3.15,1,3.0,0.0,1,Business Advanced Learners
U02403,18,Female,1,1.0,0.0,Cybersecurity,Advanced,2.38,1,3.0,0.0,2,Cybersecurity Beginners
U02404,28,Male,2,2.0,26.93,Finance,Beginner,3.575,2,1.0,53.86,2,Cybersecurity Beginners
U02405,25,Female,1,1.0,0.0,Web Development,Beginner,3.32,1,1.0,0.0,9,Advanced Web Development Learners
U02406,23,Female,2,1.0,157.13,Design,Advanced,2.0100000000000002,2,3.0,314.26,7,Deep Design Learners
U02407,27,Male,2,1.0,0.0,Cybersecurity,Beginner,4.3950000000000005,2,1.0,0.0,2,Cybersecurity Beginners
U02408,34,Female,1,1.0,0.0,Machine Learning,Beginner,1.13,1,1.0,0.0,6,Advanced Machine Learning Learners
U02409,24,Female,1,1.0,0.0,Machine Learning,Intermediate,1.73,1,2.0,0.0,6,Advanced Machine Learning Learners
U02410,18,Male,12,1.7142857142857142,120.34333333333335,Digital Marketing,Advanced,3.4416666666666664,10,2.25,1444.1200000000001,4,Highly Engaged AI Explorers
U02411,31,Female,1,1.0,37.89,Web Development,Advanced,1.3,1,3.0,37.89,9,Advanced Web Development Learners
U02412,15,Female,1,1.0,0.0,Marketing,Advanced,2.98,1,3.0,0.0,8,Advanced Marketing Learners
U02413,25,Male,2,1.0,0.0,Finance,Advanced,4.445,2,2.5,0.0,2,Cybersecurity Beginners
U02414,21,Male,3,1.0,157.42666666666665,Programming,Beginner,4.2299999999999995,2,1.3333333333333333,472.28,2,Cybersecurity Beginners
U02415,33,Male,11,1.375,142.56090909090906,Artificial Intelligence,Beginner,2.9454545454545453,7,1.9090909090909092,1568.1699999999998,4,Highly Engaged AI Explorers
U02416,24,Female,1,1.0,0.0,Design,Advanced,4.45,1,3.0,0.0,7,Deep Design Learners
U02417,34,Female,1,1.0,0.0,Marketing,Advanced,2.01,1,3.0,0.0,8,Advanced Marketing Learners
U02418,23,Male,1,1.0,0.0,Machine Learning,Intermediate,1.73,1,2.0,0.0,6,Advanced Machine Learning Learners
U02419,17,Female,1,1.0,0.0,Data Science,Intermediate,3.02,1,2.0,0.0,3,Data Science Beginners
U02420,20,Female,1,1.0,0.0,Marketing,Intermediate,4.11,1,2.0,0.0,8,Advanced Marketing Learners
U02421,15,Female,1,1.0,0.0,Finance,Intermediate,4.1,1,2.0,0.0,2,Cybersecurity Beginners
U02422,21,Female,1,1.0,57.32,Web Development,Advanced,4.74,1,3.0,57.32,9,Advanced Web Development Learners
U02423,32,Female,2,1.0,222.835,Data Science,Advanced,2.04,2,2.0,445.67,3,Data Science Beginners
U02424,31,Female,1,1.0,0.0,Machine Learning,Intermediate,4.73,1,2.0,0.0,6,Advanced Machine Learning Learners
U02425,24,Female,2,1.0,0.0,Artificial Intelligence,Beginner,4.075,2,1.0,0.0,0,AI Beginner Learners
U02426,19,Female,1,1.0,299.57,Data Science,Beginner,3.74,1,1.0,299.57,3,Data Science Beginners
U02427,31,Female,15,1.875,59.53333333333333,Web Development,Advanced,3.372,9,2.0,893.0,4,Highly Engaged AI Explorers
U02428,30,Male,2,1.0,274.11,Artificial Intelligence,Advanced,4.645,2,2.0,548.22,0,AI Beginner Learners
U02429,30,Female,3,1.0,0.0,Programming,Beginner,2.0233333333333334,2,1.3333333333333333,0.0,2,Cybersecurity Beginners
U02430,29,Male,1,1.0,0.0,Web Development,Beginner,3.32,1,1.0,0.0,9,Advanced Web Development Learners
U02431,16,Male,1,1.0,327.99,Project Management,Beginner,1.51,1,1.0,327.99,0,AI Beginner Learners
U02432,30,Female,15,1.875,106.23066666666666,Data Science,Beginner,2.9373333333333336,10,1.8,1593.46,4,Highly Engaged AI Explorers
U02433,15,Female,1,1.0,117.68,Data Science,Advanced,2.57,1,3.0,117.68,3,Data Science Beginners
U02434,31,Male,1,1.0,0.0,Programming,Beginner,3.85,1,1.0,0.0,2,Cybersecurity Beginners
U02435,17,Male,1,1.0,487.92,Business,Advanced,3.64,1,3.0,487.92,1,Business Advanced Learners
U02436,16,Male,3,1.0,148.55666666666667,Data Science,Beginner,2.4666666666666663,3,1.6666666666666667,445.67,3,Data Science Beginners
U02437,15,Male,1,1.0,0.0,Marketing,Advanced,2.98,1,3.0,0.0,8,Advanced Marketing Learners
U02438,28,Female,1,1.0,0.0,Cybersecurity,Advanced,2.38,1,3.0,0.0,2,Cybersecurity Beginners
U02439,22,Female,1,1.0,276.37,Design,Advanced,2.72,1,3.0,276.37,7,Deep Design Learners
U02440,26,Female,1,1.0,0.0,Marketing,Intermediate,4.11,1,2.0,0.0,8,Advanced Marketing Learners
U02441,33,Male,1,1.0,0.0,Digital Marketing,Beginner,4.44,1,1.0,0.0,5,Digital Marketing Learners
U02442,23,Male,1,1.0,0.0,Finance,Intermediate,4.1,1,2.0,0.0,2,Cybersecurity Beginners
U02443,22,Female,2,1.0,47.605000000000004,Web Development,Advanced,3.02,1,3.0,95.21000000000001,9,Advanced Web Development Learners
U02444,28,Female,1,1.0,0.0,Cybersecurity,Intermediate,1.91,1,2.0,0.0,2,Cybersecurity Beginners
U02445,26,Female,14,1.75,107.65142857142857,Machine Learning,Intermediate,2.71,10,2.0714285714285716,1507.12,4,Highly Engaged AI Explorers
U02446,29,Male,2,1.0,245.45,Artificial Intelligence,Beginner,3.9349999999999996,2,1.0,490.9,0,AI Beginner Learners
U02447,31,Female,1,1.0,0.0,Design,Advanced,4.45,1,3.0,0.0,7,Deep Design Learners
U02448,17,Male,2,1.0,0.0,Design,Advanced,2.8099999999999996,2,2.5,0.0,7,Deep Design Learners
U02449,32,Male,1,1.0,285.05,Business,Beginner,1.96,1,1.0,285.05,1,Business Advanced Learners
U02450,30,Female,1,1.0,0.0,Machine Learning,Intermediate,1.73,1,2.0,0.0,6,Advanced Machine Learning Learners
U02451,31,Male,2,1.0,0.0,Marketing,Advanced,3.035,2,2.0,0.0,8,Advanced Marketing Learners
U02452,23,Female,2,1.0,0.0,Design,Advanced,2.865,2,2.0,0.0,7,Deep Design Learners
U02453,29,Female,1,1.0,212.39,Digital Marketing,Advanced,3.15,1,3.0,212.39,5,Digital Marketing Learners
U02454,28,Male,2,1.0,0.0,Business,Advanced,2.335,2,3.0,0.0,1,Business Advanced Learners
U02455,34,Male,1,1.0,0.0,Business,Advanced,2.0,1,3.0,0.0,1,Business Advanced Learners
U02456,35,Male,1,1.0,0.0,Cybersecurity,Intermediate,3.93,1,2.0,0.0,2,Cybersecurity Beginners
U02457,31,Female,1,1.0,0.0,Data Science,Intermediate,3.02,1,2.0,0.0,3,Data Science Beginners
U02458,26,Female,2,1.0,221.85,Business,Advanced,2.63,2,2.5,443.7,1,Business Advanced Learners
U02459,33,Male,12,1.7142857142857142,52.12166666666667,Design,Beginner,3.0966666666666662,9,1.9166666666666667,625.46,4,Highly Engaged AI Explorers
U02460,21,Female,1,1.0,0.0,Cybersecurity,Advanced,2.38,1,3.0,0.0,2,Cybersecurity Beginners
U02461,15,Female,2,1.0,0.0,Business,Advanced,2.7649999999999997,2,3.0,0.0,1,Business Advanced Learners
U02462,26,Male,1,1.0,327.99,Project Management,Beginner,1.51,1,1.0,327.99,0,AI Beginner Learners
U02463,29,Male,1,1.0,0.0,Project Management,Beginner,4.68,1,1.0,0.0,0,AI Beginner Learners
U02464,21,Female,1,1.0,0.0,Programming,Beginner,3.85,1,1.0,0.0,2,Cybersecurity Beginners
U02465,27,Male,2,1.0,0.0,Design,Beginner,3.695,2,1.0,0.0,7,Deep Design Learners
U02466,23,Male,4,1.0,91.49000000000001,Artificial Intelligence,Intermediate,3.285,4,2.25,365.96000000000004,0,AI Beginner Learners
U02467,19,Male,1,1.0,0.0,Digital Marketing,Beginner,2.14,1,1.0,0.0,5,Digital Marketing Learners
U02468,29,Female,3,1.0,0.0,Data Science,Intermediate,4.346666666666667,3,1.6666666666666667,0.0,3,Data Science Beginners
U02469,21,Male,2,1.0,0.0,Programming,Beginner,2.3,2,1.0,0.0,2,Cybersecurity Beginners
U02470,34,Male,13,1.4444444444444444,56.48615384615385,Design,Advanced,2.6907692307692312,7,2.0,734.32,7,Deep Design Learners
U02471,16,Female,1,1.0,326.02,Business,Intermediate,2.69,1,2.0,326.02,1,Business Advanced Learners
U02472,17,Male,1,1.0,0.0,Finance,Beginner,4.14,1,1.0,0.0,2,Cybersecurity Beginners
U02473,31,Female,1,1.0,0.0,Cybersecurity,Beginner,4.94,1,1.0,0.0,2,Cybersecurity Beginners
U02474,27,Male,1,1.0,0.0,Machine Learning,Intermediate,1.73,1,2.0,0.0,6,Advanced Machine Learning Learners
U02475,35,Male,1,1.0,0.0,Marketing,Intermediate,4.72,1,2.0,0.0,8,Advanced Marketing Learners
U02476,34,Female,1,1.0,0.0,Cybersecurity,Advanced,2.38,1,3.0,0.0,2,Cybersecurity Beginners
U02477,17,Male,1,1.0,342.61,Project Management,Intermediate,4.84,1,2.0,342.61,0,AI Beginner Learners
U02478,30,Male,2,1.0,245.45,Artificial Intelligence,Beginner,4.24,2,1.5,490.9,0,AI Beginner Learners
U02479,19,Female,4,1.0,71.2625,Business,Beginner,2.9475000000000002,4,1.25,285.05,1,Business Advanced Learners
U02480,35,Male,1,1.0,0.0,Digital Marketing,Intermediate,4.66,1,2.0,0.0,5,Digital Marketing Learners
U02481,29,Male,1,1.0,0.0,Marketing,Advanced,2.98,1,3.0,0.0,8,Advanced Marketing Learners
U02482,35,Male,2,1.0,0.0,Artificial Intelligence,Advanced,2.725,2,2.0,0.0,0,AI Beginner Learners
U02483,25,Male,1,1.0,0.0,Cybersecurity,Beginner,4.94,1,1.0,0.0,2,Cybersecurity Beginners
U02484,25,Female,4,1.0,71.2625,Business,Beginner,2.045,4,1.75,285.05,1,Business Advanced Learners
U02485,22,Male,14,1.4,44.38214285714286,Marketing,Advanced,3.3614285714285717,8,2.0714285714285716,621.35,8,Advanced Marketing Learners
U02486,29,Male,2,1.0,88.67,Digital Marketing,Advanced,4.275,1,2.5,177.34,5,Digital Marketing Learners
U02487,23,Male,1,1.0,0.0,Marketing,Advanced,2.98,1,3.0,0.0,8,Advanced Marketing Learners
U02488,27,Female,1,1.0,0.0,Data Science,Intermediate,3.02,1,2.0,0.0,3,Data Science Beginners
U02489,18,Male,1,1.0,0.0,Data Science,Beginner,3.65,1,1.0,0.0,3,Data Science Beginners
U02490,24,Female,13,1.4444444444444444,0.060000000000000005,Data Science,Beginner,3.7130769230769234,8,1.9230769230769231,0.78,3,Data Science Beginners
U02491,17,Female,1,1.0,0.0,Finance,Beginner,4.14,1,1.0,0.0,2,Cybersecurity Beginners
U02492,19,Male,1,1.0,0.0,Cybersecurity,Intermediate,3.93,1,2.0,0.0,2,Cybersecurity Beginners
U02493,22,Female,1,1.0,0.0,Cybersecurity,Intermediate,1.91,1,2.0,0.0,2,Cybersecurity Beginners
U02494,32,Male,1,1.0,0.0,Machine Learning,Intermediate,1.73,1,2.0,0.0,6,Advanced Machine Learning Learners
U02495,28,Male,2,1.0,44.795,Artificial Intelligence,Beginner,3.5600000000000005,2,1.5,89.59,0,AI Beginner Learners
U02496,33,Female,1,1.0,0.0,Design,Advanced,1.52,1,3.0,0.0,7,Deep Design Learners
U02497,26,Female,2,2.0,0.0,Cybersecurity,Advanced,2.8499999999999996,2,2.0,0.0,2,Cybersecurity Beginners
U02498,20,Female,1,1.0,0.0,Programming,Beginner,1.28,1,1.0,0.0,2,Cybersecurity Beginners
U02499,28,Male,1,1.0,0.0,Web Development,Advanced,2.67,1,3.0,0.0,9,Advanced Web Development Learners
U02500,29,Male,1,1.0,0.0,Marketing,Intermediate,4.11,1,2.0,0.0,8,Advanced Marketing Learners
U02501,16,Female,1,1.0,0.0,Project Management,Intermediate,3.45,1,2.0,0.0,0,AI Beginner Learners
U02502,16,Female,1,1.0,0.0,Business,Advanced,2.0,1,3.0,0.0,1,Business Advanced Learners
U02503,16,Female,2,1.0,0.0,Cybersecurity,Advanced,2.725,2,2.5,0.0,2,Cybersecurity Beginners
U02504,34,Female,4,1.0,81.505,Business,Advanced,3.0225,3,2.75,326.02,1,Business Advanced Learners
U02505,35,Female,1,1.0,248.1,Artificial Intelligence,Beginner,1.2,1,1.0,248.1,0,AI Beginner Learners
U02506,16,Female,1,1.0,285.05,Business,Beginner,1.96,1,1.0,285.05,1,Business Advanced Learners
U02507,32,Female,1,1.0,0.0,Cybersecurity,Advanced,2.38,1,3.0,0.0,2,Cybersecurity Beginners
U02508,32,Male,1,1.0,0.0,Design,Beginner,4.51,1,1.0,0.0,7,Deep Design Learners
U02509,24,Male,3,1.0,0.26,Business,Advanced,3.1633333333333336,3,2.6666666666666665,0.78,1,Business Advanced Learners
U02510,23,Male,2,1.0,0.0,Programming,Beginner,3.78,2,1.0,0.0,2,Cybersecurity Beginners
U02511,30,Female,1,1.0,0.0,Programming,Intermediate,2.43,1,2.0,0.0,2,Cybersecurity Beginners
U02512,15,Female,14,1.5555555555555556,66.78214285714286,Project Management,Intermediate,3.1221428571428573,8,1.9285714285714286,934.95,4,Highly Engaged AI Explorers
U02513,23,Male,1,1.0,472.28,Programming,Beginner,4.74,1,1.0,472.28,0,AI Beginner Learners
U02514,17,Male,2,1.0,0.0,Artificial Intelligence,Advanced,4.045,2,2.0,0.0,0,AI Beginner Learners
U02515,15,Male,11,1.5714285714285714,90.58727272727273,Cybersecurity,Beginner,3.016363636363636,8,1.8181818181818181,996.46,4,Highly Engaged AI Explorers
U02516,32,Male,1,1.0,0.0,Marketing,Advanced,2.98,1,3.0,0.0,8,Advanced Marketing Learners
U02517,30,Female,2,1.0,232.195,Data Science,Advanced,1.9,2,3.0,464.39,3,Data Science Beginners
U02518,19,Female,1,1.0,0.0,Programming,Intermediate,2.43,1,2.0,0.0,2,Cybersecurity Beginners
U02519,29,Male,2,2.0,44.795,Artificial Intelligence,Beginner,3.165,2,1.5,89.59,0,AI Beginner Learners
U02520,29,Male,1,1.0,0.0,Artificial Intelligence,Beginner,3.64,1,1.0,0.0,0,AI Beginner Learners
U02521,25,Male,4,1.3333333333333333,22.3975,Artificial Intelligence,Intermediate,4.135,4,2.0,89.59,0,AI Beginner Learners
U02522,21,Female,1,1.0,117.68,Data Science,Advanced,2.57,1,3.0,117.68,3,Data Science Beginners
U02523,31,Male,1,1.0,0.0,Finance,Advanced,1.59,1,3.0,0.0,2,Cybersecurity Beginners
U02524,32,Male,1,1.0,0.0,Digital Marketing,Intermediate,4.66,1,2.0,0.0,5,Digital Marketing Learners
U02525,25,Male,1,1.0,0.0,Machine Learning,Beginner,1.13,1,1.0,0.0,6,Advanced Machine Learning Learners
U02526,30,Female,2,1.0,230.82500000000002,Finance,Intermediate,3.795,2,2.0,461.65000000000003,2,Cybersecurity Beginners
U02527,32,Female,1,1.0,0.0,Project Management,Beginner,4.68,1,1.0,0.0,0,AI Beginner Learners
U02528,35,Male,1,1.0,0.0,Finance,Beginner,4.14,1,1.0,0.0,2,Cybersecurity Beginners
U02529,17,Female,3,1.0,99.85666666666667,Data Science,Beginner,3.9500000000000006,3,1.6666666666666667,299.57,3,Data Science Beginners
U02530,21,Male,1,1.0,472.28,Programming,Beginner,4.74,1,1.0,472.28,0,AI Beginner Learners
U02531,22,Female,4,1.0,0.0,Machine Learning,Intermediate,3.4800000000000004,3,2.25,0.0,6,Advanced Machine Learning Learners
U02532,26,Male,1,1.0,0.0,Data Science,Intermediate,3.02,1,2.0,0.0,3,Data Science Beginners
U02533,18,Female,1,1.0,0.0,Programming,Intermediate,2.43,1,2.0,0.0,2,Cybersecurity Beginners
U02534,25,Female,2,1.0,0.0,Design,Advanced,3.59,2,2.0,0.0,7,Deep Design Learners
U02535,26,Female,2,1.0,163.995,Machine Learning,Beginner,3.12,2,1.5,327.99,6,Advanced Machine Learning Learners
U02536,16,Male,2,1.0,0.0,Web Development,Advanced,2.435,1,2.0,0.0,9,Advanced Web Development Learners
U02537,31,Female,12,2.0,146.92083333333332,Artificial Intelligence,Advanced,3.831666666666667,8,2.0,1763.05,4,Highly Engaged AI Explorers
U02538,18,Male,1,1.0,0.0,Cybersecurity,Intermediate,1.91,1,2.0,0.0,2,Cybersecurity Beginners
U02539,20,Female,2,1.0,197.13,Cybersecurity,Beginner,3.1450000000000005,1,1.5,394.26,2,Cybersecurity Beginners
U02540,33,Female,15,1.875,68.55333333333333,Artificial Intelligence,Advanced,3.033333333333333,11,2.0,1028.3,4,Highly Engaged AI Explorers
U02541,18,Female,13,1.625,136.55692307692308,Artificial Intelligence,Beginner,3.6353846153846154,8,1.7692307692307692,1775.24,4,Highly Engaged AI Explorers
U02542,35,Female,13,1.3,62.76384615384615,Machine Learning,Advanced,3.233846153846154,7,2.076923076923077,815.93,6,Advanced Machine Learning Learners
U02543,28,Male,1,1.0,0.0,Artificial Intelligence,Beginner,3.64,1,1.0,0.0,0,AI Beginner Learners
U02544,29,Male,1,1.0,490.9,Artificial Intelligence,Beginner,4.55,1,1.0,490.9,0,AI Beginner Learners
U02545,16,Female,2,1.0,0.0,Cybersecurity,Intermediate,2.92,1,2.0,0.0,2,Cybersecurity Beginners
U02546,27,Female,1,1.0,285.05,Business,Beginner,1.96,1,1.0,285.05,1,Business Advanced Learners
U02547,30,Female,1,1.0,0.0,Data Science,Intermediate,3.6,1,2.0,0.0,3,Data Science Beginners
U02548,25,Male,2,1.0,243.96,Business,Advanced,3.785,2,2.5,487.92,1,Business Advanced Learners
U02549,27,Male,1,1.0,0.0,Cybersecurity,Advanced,2.38,1,3.0,0.0,2,Cybersecurity Beginners
U02550,18,Male,1,1.0,327.99,Project Management,Beginner,1.51,1,1.0,327.99,0,AI Beginner Learners
U02551,25,Male,1,1.0,0.0,Web Development,Advanced,2.67,1,3.0,0.0,9,Advanced Web Development Learners
U02552,27,Male,1,1.0,0.0,Design,Beginner,4.51,1,1.0,0.0,7,Deep Design Learners
U02553,35,Female,2,1.0,243.96,Business,Advanced,2.775,2,2.5,487.92,1,Business Advanced Learners
U02554,32,Male,1,1.0,299.57,Data Science,Beginner,3.74,1,1.0,299.57,3,Data Science Beginners
U02555,15,Male,1,1.0,0.0,Design,Beginner,4.51,1,1.0,0.0,7,Deep Design Learners
U02556,18,Female,1,1.0,276.37,Design,Advanced,2.72,1,3.0,276.37,7,Deep Design Learners
U02557,25,Female,1,1.0,0.0,Artificial Intelligence,Beginner,3.64,1,1.0,0.0,0,AI Beginner Learners
U02558,23,Female,4,1.3333333333333333,0.195,Cybersecurity,Intermediate,3.6725000000000003,4,2.0,0.78,2,Cybersecurity Beginners
U02559,33,Female,1,1.0,0.0,Design,Advanced,4.45,1,3.0,0.0,7,Deep Design Learners
U02560,22,Male,1,1.0,0.0,Data Science,Beginner,3.65,1,1.0,0.0,3,Data Science Beginners
U02561,33,Male,1,1.0,0.0,Marketing,Intermediate,4.72,1,2.0,0.0,8,Advanced Marketing Learners
U02562,18,Male,4,1.0,81.505,Business,Beginner,3.09,4,1.5,326.02,1,Business Advanced Learners
U02563,27,Male,1,1.0,0.0,Cybersecurity,Intermediate,3.93,1,2.0,0.0,2,Cybersecurity Beginners
U02564,19,Female,13,1.625,119.92,Cybersecurity,Beginner,3.1046153846153848,8,1.8461538461538463,1558.96,4,Highly Engaged AI Explorers
U02565,32,Male,1,1.0,327.99,Project Management,Beginner,1.51,1,1.0,327.99,0,AI Beginner Learners
U02566,30,Female,14,1.75,114.90142857142857,Programming,Beginner,3.367142857142857,10,1.7142857142857142,1608.62,4,Highly Engaged AI Explorers
U02567,35,Male,1,1.0,0.0,Machine Learning,Advanced,1.81,1,3.0,0.0,6,Advanced Machine Learning Learners
U02568,33,Female,2,1.0,0.0,Digital Marketing,Advanced,3.71,2,2.0,0.0,5,Digital Marketing Learners
U02569,35,Female,1,1.0,0.0,Design,Advanced,1.52,1,3.0,0.0,7,Deep Design Learners
U02570,25,Female,1,1.0,472.28,Programming,Beginner,4.74,1,1.0,472.28,0,AI Beginner Learners
U02571,20,Female,1,1.0,0.0,Cybersecurity,Intermediate,1.91,1,2.0,0.0,2,Cybersecurity Beginners
U02572,33,Female,1,1.0,0.0,Design,Advanced,2.61,1,3.0,0.0,7,Deep Design Learners
U02573,28,Female,1,1.0,0.0,Programming,Beginner,1.28,1,1.0,0.0,2,Cybersecurity Beginners
U02574,24,Male,1,1.0,346.71,Project Management,Advanced,1.23,1,3.0,346.71,0,AI Beginner Learners
U02575,30,Female,2,1.0,142.525,Business,Beginner,1.545,2,1.0,285.05,1,Business Advanced Learners
U02576,17,Female,1,1.0,117.68,Data Science,Advanced,2.57,1,3.0,117.68,3,Data Science Beginners
U02577,21,Female,2,1.0,142.525,Business,Beginner,3.035,2,1.5,285.05,1,Business Advanced Learners
U02578,15,Male,1,1.0,0.0,Finance,Beginner,4.14,1,1.0,0.0,2,Cybersecurity Beginners
U02579,28,Female,1,1.0,0.0,Marketing,Intermediate,4.72,1,2.0,0.0,8,Advanced Marketing Learners
U02580,17,Female,1,1.0,285.05,Business,Beginner,1.96,1,1.0,285.05,1,Business Advanced Learners
U02581,22,Female,2,1.0,173.355,Marketing,Advanced,2.67,2,2.5,346.71,8,Advanced Marketing Learners
U02582,23,Male,15,1.5,43.242666666666665,Cybersecurity,Beginner,3.786666666666667,10,1.6666666666666667,648.64,4,Highly Engaged AI Explorers
U02583,33,Male,14,2.0,54.27571428571429,Data Science,Beginner,2.8449999999999998,10,1.9285714285714286,759.86,4,Highly Engaged AI Explorers
U02584,20,Male,2,1.0,0.39,Cybersecurity,Advanced,3.135,2,3.0,0.78,2,Cybersecurity Beginners
U02585,32,Male,2,2.0,232.875,Finance,Advanced,1.99,2,2.5,465.75,2,Cybersecurity Beginners
U02586,23,Male,1,1.0,0.0,Artificial Intelligence,Beginner,3.64,1,1.0,0.0,0,AI Beginner Learners
U02587,30,Male,2,1.0,142.525,Business,Beginner,2.9050000000000002,2,1.0,285.05,1,Business Advanced Learners
U02588,18,Male,1,1.0,415.51,Artificial Intelligence,Intermediate,3.11,1,2.0,415.51,0,AI Beginner Learners
U02589,26,Female,1,1.0,0.78,Machine Learning,Advanced,3.89,1,3.0,0.78,6,Advanced Machine Learning Learners
U02590,20,Male,2,2.0,124.05,Artificial Intelligence,Beginner,2.93,2,1.5,248.1,0,AI Beginner Learners
U02591,33,Male,1,1.0,0.0,Machine Learning,Intermediate,4.73,1,2.0,0.0,6,Advanced Machine Learning Learners
U02592,15,Male,2,1.0,236.14,Cybersecurity,Beginner,4.84,2,1.0,472.28,2,Cybersecurity Beginners
U02593,16,Male,12,1.3333333333333333,119.3775,Cybersecurity,Advanced,3.4291666666666667,10,2.0,1432.53,4,Highly Engaged AI Explorers
U02594,18,Female,1,1.0,327.99,Project Management,Beginner,1.51,1,1.0,327.99,0,AI Beginner Learners
U02595,17,Male,1,1.0,0.78,Machine Learning,Advanced,3.89,1,3.0,0.78,6,Advanced Machine Learning Learners
U02596,19,Female,1,1.0,212.39,Digital Marketing,Advanced,3.15,1,3.0,212.39,5,Digital Marketing Learners
U02597,17,Female,2,1.0,134.855,Digital Marketing,Advanced,3.9450000000000003,2,3.0,269.71,5,Digital Marketing Learners
U02598,25,Female,1,1.0,0.0,Data Science,Intermediate,3.6,1,2.0,0.0,3,Data Science Beginners
U02599,33,Female,2,1.0,218.14999999999998,Artificial Intelligence,Advanced,1.955,2,2.5,436.29999999999995,0,AI Beginner Learners
U02600,17,Male,3,1.0,207.6933333333333,Cybersecurity,Advanced,2.11,3,3.0,623.0799999999999,2,Cybersecurity Beginners
U02601,19,Female,4,1.3333333333333333,0.0,Artificial Intelligence,Beginner,2.9675000000000002,4,1.5,0.0,0,AI Beginner Learners
U02602,33,Male,13,1.4444444444444444,74.98076923076923,Cybersecurity,Intermediate,3.3984615384615386,9,2.076923076923077,974.75,4,Highly Engaged AI Explorers
U02603,31,Female,1,1.0,0.0,Cybersecurity,Beginner,4.94,1,1.0,0.0,2,Cybersecurity Beginners
U02604,16,Male,1,1.0,0.0,Data Science,Intermediate,3.02,1,2.0,0.0,3,Data Science Beginners
U02605,22,Male,12,1.3333333333333333,90.30666666666667,Marketing,Advanced,3.4175,7,2.0833333333333335,1083.68,8,Advanced Marketing Learners
U02606,24,Male,1,1.0,0.0,Web Development,Advanced,2.67,1,3.0,0.0,9,Advanced Web Development Learners
U02607,22,Male,1,1.0,0.0,Web Development,Beginner,3.32,1,1.0,0.0,9,Advanced Web Development Learners
U02608,30,Male,1,1.0,0.0,Machine Learning,Intermediate,4.73,1,2.0,0.0,6,Advanced Machine Learning Learners
U02609,15,Male,2,1.0,0.0,Cybersecurity,Advanced,1.96,2,2.5,0.0,2,Cybersecurity Beginners
U02610,19,Male,1,1.0,0.0,Project Management,Beginner,4.68,1,1.0,0.0,0,AI Beginner Learners
U02611,17,Female,1,1.0,0.0,Data Science,Intermediate,3.02,1,2.0,0.0,3,Data Science Beginners
U02612,22,Male,14,1.4,69.035,Design,Advanced,3.1635714285714287,10,2.2142857142857144,966.49,4,Highly Engaged AI Explorers
U02613,23,Female,2,1.0,88.67,Design,Advanced,3.25,2,3.0,177.34,7,Deep Design Learners
U02614,30,Female,13,1.4444444444444444,70.76,Business,Beginner,3.474615384615385,10,1.7692307692307692,919.88,4,Highly Engaged AI Explorers
U02615,33,Male,2,1.0,0.0,Marketing,Beginner,3.715,2,1.5,0.0,8,Advanced Marketing Learners
U02616,19,Female,13,1.8571428571428572,97.32153846153847,Design,Advanced,2.8153846153846156,8,2.076923076923077,1265.18,4,Highly Engaged AI Explorers
U02617,23,Female,4,1.0,122.725,Artificial Intelligence,Intermediate,3.515,4,2.0,490.9,0,AI Beginner Learners
U02618,23,Male,3,1.0,0.0,Web Development,Beginner,3.5566666666666666,2,1.6666666666666667,0.0,9,Advanced Web Development Learners
U02619,24,Female,1,1.0,212.39,Digital Marketing,Advanced,3.15,1,3.0,212.39,5,Digital Marketing Learners
U02620,30,Female,2,1.0,18.945,Design,Advanced,2.905,2,2.0,37.89,7,Deep Design Learners
U02621,34,Female,1,1.0,0.0,Programming,Beginner,3.85,1,1.0,0.0,2,Cybersecurity Beginners
U02622,32,Female,1,1.0,0.0,Cybersecurity,Beginner,4.94,1,1.0,0.0,2,Cybersecurity Beginners
U02623,32,Female,11,1.8333333333333333,61.79272727272726,Finance,Advanced,3.2609090909090908,7,2.090909090909091,679.7199999999999,4,Highly Engaged AI Explorers
U02624,16,Female,3,1.5,163.63333333333333,Artificial Intelligence,Intermediate,3.526666666666667,3,1.6666666666666667,490.9,0,AI Beginner Learners
U02625,22,Female,2,1.0,0.0,Digital Marketing,Advanced,3.71,2,2.0,0.0,5,Digital Marketing Learners
U02626,21,Female,3,1.0,70.79666666666667,Cybersecurity,Advanced,3.5666666666666664,3,2.3333333333333335,212.39,2,Cybersecurity Beginners
U02627,26,Female,1,1.0,0.0,Project Management,Intermediate,3.45,1,2.0,0.0,0,AI Beginner Learners
U02628,33,Female,1,1.0,285.05,Business,Beginner,1.96,1,1.0,285.05,1,Business Advanced Learners
U02629,35,Female,1,1.0,57.32,Web Development,Advanced,4.74,1,3.0,57.32,9,Advanced Web Development Learners
U02630,20,Male,12,1.3333333333333333,55.88583333333333,Marketing,Beginner,3.1425,9,1.9166666666666667,670.63,8,Advanced Marketing Learners
U02631,23,Male,1,1.0,0.0,Data Science,Intermediate,3.6,1,2.0,0.0,3,Data Science Beginners
U02632,22,Female,1,1.0,0.0,Artificial Intelligence,Beginner,3.64,1,1.0,0.0,0,AI Beginner Learners
U02633,19,Female,14,1.4,71.78214285714286,Finance,Advanced,3.282857142857143,8,2.2857142857142856,1004.95,4,Highly Engaged AI Explorers
U02634,29,Female,1,1.0,57.32,Web Development,Advanced,4.74,1,3.0,57.32,9,Advanced Web Development Learners
U02635,16,Male,1,1.0,0.0,Marketing,Advanced,4.79,1,3.0,0.0,8,Advanced Marketing Learners
U02636,20,Male,1,1.0,0.0,Data Science,Intermediate,3.02,1,2.0,0.0,3,Data Science Beginners
U02637,28,Male,2,1.0,0.39,Data Science,Advanced,3.455,2,2.5,0.78,3,Data Science Beginners
U02638,31,Female,1,1.0,0.0,Business,Advanced,2.0,1,3.0,0.0,1,Business Advanced Learners
U02639,22,Female,1,1.0,212.39,Digital Marketing,Advanced,3.15,1,3.0,212.39,5,Digital Marketing Learners
U02640,34,Female,3,1.0,218.00333333333333,Business,Advanced,2.2899999999999996,3,2.0,654.01,1,Business Advanced Learners
U02641,30,Male,1,1.0,0.0,Design,Advanced,1.52,1,3.0,0.0,7,Deep Design Learners
U02642,33,Male,1,1.0,0.0,Data Science,Beginner,3.65,1,1.0,0.0,3,Data Science Beginners
U02643,17,Female,15,2.142857142857143,97.38933333333333,Finance,Beginner,2.731333333333333,10,1.8666666666666667,1460.84,4,Highly Engaged AI Explorers
U02644,23,Male,4,1.0,58.665,Digital Marketing,Advanced,3.0725000000000002,3,2.5,234.66,5,Digital Marketing Learners
U02645,26,Female,10,1.25,88.92699999999999,Design,Advanced,3.0759999999999996,8,2.3,889.27,7,Deep Design Learners
U02646,26,Male,2,1.0,368.01,Artificial Intelligence,Advanced,2.42,2,2.0,736.02,0,AI Beginner Learners
U02647,20,Female,1,1.0,0.0,Marketing,Advanced,2.01,1,3.0,0.0,8,Advanced Marketing Learners
U02648,28,Female,1,1.0,0.0,Data Science,Beginner,3.65,1,1.0,0.0,3,Data Science Beginners
U02649,34,Female,1,1.0,472.28,Programming,Beginner,4.74,1,1.0,472.28,0,AI Beginner Learners
U02650,29,Female,2,1.0,124.05,Artificial Intelligence,Beginner,2.94,2,1.0,248.1,0,AI Beginner Learners
U02651,16,Female,16,2.2857142857142856,69.621875,Digital Marketing,Advanced,3.110625,9,2.25,1113.95,4,Highly Engaged AI Explorers
U02652,15,Male,1,1.0,0.0,Machine Learning,Advanced,1.81,1,3.0,0.0,6,Advanced Machine Learning Learners
U02653,34,Male,1,1.0,0.0,Digital Marketing,Beginner,4.44,1,1.0,0.0,5,Digital Marketing Learners
U02654,27,Male,1,1.0,415.51,Artificial Intelligence,Intermediate,3.11,1,2.0,415.51,0,AI Beginner Learners
U02655,32,Male,1,1.0,0.0,Programming,Beginner,3.85,1,1.0,0.0,2,Cybersecurity Beginners
U02656,34,Female,1,1.0,53.86,Finance,Beginner,2.47,1,1.0,53.86,2,Cybersecurity Beginners
U02657,31,Male,1,1.0,177.34,Digital Marketing,Advanced,3.89,1,3.0,177.34,5,Digital Marketing Learners
U02658,30,Male,3,1.0,95.01666666666667,Business,Beginner,2.0233333333333334,3,1.3333333333333333,285.05,1,Business Advanced Learners
U02659,17,Male,2,2.0,124.05,Artificial Intelligence,Beginner,2.325,2,1.5,248.1,0,AI Beginner Learners
U02660,31,Female,1,1.0,0.0,Design,Advanced,2.61,1,3.0,0.0,7,Deep Design Learners
U02661,27,Male,1,1.0,0.0,Marketing,Advanced,2.01,1,3.0,0.0,8,Advanced Marketing Learners
U02662,32,Male,2,1.0,58.84,Data Science,Advanced,3.335,2,2.5,117.68,3,Data Science Beginners
U02663,27,Female,14,1.5555555555555556,72.64571428571428,Machine Learning,Beginner,3.1664285714285714,8,1.5,1017.04,4,Highly Engaged AI Explorers
U02664,22,Female,1,1.0,0.0,Marketing,Advanced,4.79,1,3.0,0.0,8,Advanced Marketing Learners
U02665,21,Female,1,1.0,37.89,Web Development,Advanced,1.3,1,3.0,37.89,9,Advanced Web Development Learners
U02666,19,Male,1,1.0,0.0,Design,Advanced,2.61,1,3.0,0.0,7,Deep Design Learners
U02667,22,Female,1,1.0,248.1,Artificial Intelligence,Beginner,1.2,1,1.0,248.1,0,AI Beginner Learners
U02668,26,Male,3,1.0,19.106666666666666,Design,Advanced,3.8733333333333335,3,2.6666666666666665,57.32,7,Deep Design Learners
U02669,25,Male,2,2.0,0.0,Digital Marketing,Intermediate,4.6899999999999995,2,2.0,0.0,5,Digital Marketing Learners
U02670,25,Female,1,1.0,0.0,Web Development,Advanced,2.67,1,3.0,0.0,9,Advanced Web Development Learners
U02671,15,Female,1,1.0,299.57,Data Science,Beginner,3.74,1,1.0,299.57,3,Data Science Beginners
U02672,32,Male,14,1.4,72.30428571428571,Cybersecurity,Beginner,3.3614285714285717,9,1.9285714285714286,1012.26,4,Highly Engaged AI Explorers
U02673,19,Female,1,1.0,0.0,Marketing,Advanced,2.98,1,3.0,0.0,8,Advanced Marketing Learners
U02674,28,Female,1,1.0,0.0,Finance,Intermediate,4.1,1,2.0,0.0,2,Cybersecurity Beginners
U02675,34,Female,4,1.0,86.6775,Programming,Beginner,1.5175,3,1.75,346.71,2,Cybersecurity Beginners
U02676,15,Male,1,1.0,394.26,Cybersecurity,Intermediate,1.35,1,2.0,394.26,2,Cybersecurity Beginners
U02677,33,Male,3,1.0,163.63333333333333,Artificial Intelligence,Advanced,3.073333333333333,3,2.3333333333333335,490.9,0,AI Beginner Learners
U02678,19,Female,1,1.0,0.0,Machine Learning,Beginner,1.13,1,1.0,0.0,6,Advanced Machine Learning Learners
U02679,18,Male,11,1.5714285714285714,94.86,Business,Advanced,3.03,8,2.1818181818181817,1043.46,4,Highly Engaged AI Explorers
U02680,19,Female,1,1.0,0.0,Project Management,Intermediate,3.45,1,2.0,0.0,0,AI Beginner Learners
U02681,33,Male,1,1.0,0.0,Design,Advanced,1.52,1,3.0,0.0,7,Deep Design Learners
U02682,35,Female,1,1.0,53.86,Finance,Beginner,2.47,1,1.0,53.86,2,Cybersecurity Beginners
U02683,28,Male,15,1.6666666666666667,171.89733333333334,Artificial Intelligence,Advanced,2.929333333333333,10,2.1333333333333333,2578.46,4,Highly Engaged AI Explorers
U02684,28,Male,14,1.5555555555555556,196.2357142857143,Digital Marketing,Advanced,3.2064285714285714,9,2.0,2747.3,4,Highly Engaged AI Explorers
U02685,27,Female,1,1.0,487.92,Business,Advanced,3.64,1,3.0,487.92,1,Business Advanced Learners
U02686,19,Female,4,1.0,203.7225,Programming,Beginner,3.95,3,1.25,814.89,2,Cybersecurity Beginners
U02687,34,Male,1,1.0,212.39,Digital Marketing,Advanced,3.15,1,3.0,212.39,5,Digital Marketing Learners
U02688,26,Female,1,1.0,0.0,Finance,Beginner,4.14,1,1.0,0.0,2,Cybersecurity Beginners
U02689,27,Male,1,1.0,0.0,Digital Marketing,Beginner,4.44,1,1.0,0.0,5,Digital Marketing Learners
U02690,24,Male,4,2.0,98.565,Cybersecurity,Beginner,2.2875,2,1.5,394.26,2,Cybersecurity Beginners
U02691,19,Female,1,1.0,0.0,Programming,Beginner,3.85,1,1.0,0.0,2,Cybersecurity Beginners
U02692,23,Male,3,1.5,39.22666666666667,Data Science,Advanced,3.5400000000000005,2,2.6666666666666665,117.68,3,Data Science Beginners
U02693,19,Male,1,1.0,342.61,Project Management,Intermediate,4.84,1,2.0,342.61,0,AI Beginner Learners
U02694,30,Female,2,1.0,313.78,Data Science,Beginner,2.625,2,1.0,627.56,3,Data Science Beginners
U02695,30,Male,1,1.0,0.0,Web Development,Beginner,2.2,1,1.0,0.0,9,Advanced Web Development Learners
U02696,25,Female,2,1.0,245.45,Artificial Intelligence,Advanced,3.275,2,2.0,490.9,0,AI Beginner Learners
U02697,22,Female,4,1.0,109.27,Artificial Intelligence,Advanced,3.1475,4,2.75,437.08,0,AI Beginner Learners
U02698,18,Female,12,1.3333333333333333,149.86333333333332,Artificial Intelligence,Advanced,3.0658333333333334,8,2.3333333333333335,1798.36,4,Highly Engaged AI Explorers
U02699,16,Female,1,1.0,0.0,Marketing,Intermediate,4.11,1,2.0,0.0,8,Advanced Marketing Learners
U02700,18,Female,1,1.0,57.32,Web Development,Advanced,4.74,1,3.0,57.32,9,Advanced Web Development Learners
U02701,23,Female,4,1.0,106.36,Artificial Intelligence,Advanced,2.95,4,2.25,425.44,0,AI Beginner Learners
U02702,15,Male,2,1.0,0.0,Digital Marketing,Beginner,1.635,2,1.0,0.0,5,Digital Marketing Learners
U02703,30,Male,1,1.0,0.0,Machine Learning,Intermediate,1.73,1,2.0,0.0,6,Advanced Machine Learning Learners
U02704,23,Female,1,1.0,0.0,Cybersecurity,Intermediate,1.91,1,2.0,0.0,2,Cybersecurity Beginners
U02705,31,Male,2,1.0,197.13,Cybersecurity,Advanced,1.98,2,2.5,394.26,2,Cybersecurity Beginners
U02706,21,Female,1,1.0,37.89,Web Development,Advanced,1.3,1,3.0,37.89,9,Advanced Web Development Learners
U02707,19,Female,1,1.0,117.68,Data Science,Advanced,2.57,1,3.0,117.68,3,Data Science Beginners
U02708,25,Male,1,1.0,472.28,Programming,Beginner,4.74,1,1.0,472.28,0,AI Beginner Learners
U02709,19,Female,12,1.3333333333333333,104.68166666666667,Cybersecurity,Beginner,2.8633333333333333,9,1.5833333333333333,1256.18,4,Highly Engaged AI Explorers
U02710,23,Female,1,1.0,326.02,Business,Intermediate,2.69,1,2.0,326.02,1,Business Advanced Learners
U02711,20,Male,2,1.0,0.0,Cybersecurity,Beginner,4.525,2,1.5,0.0,2,Cybersecurity Beginners
U02712,34,Female,2,1.0,236.14,Programming,Beginner,3.81,1,1.0,472.28,2,Cybersecurity Beginners
U02713,32,Female,1,1.0,0.0,Digital Marketing,Intermediate,4.66,1,2.0,0.0,5,Digital Marketing Learners
U02714,17,Male,1,1.0,0.0,Machine Learning,Intermediate,1.73,1,2.0,0.0,6,Advanced Machine Learning Learners
U02715,22,Male,2,1.0,0.0,Business,Advanced,2.215,2,2.5,0.0,1,Business Advanced Learners
U02716,27,Female,2,1.0,0.0,Data Science,Beginner,4.045,2,1.0,0.0,3,Data Science Beginners
U02717,31,Male,1,1.0,285.05,Business,Beginner,1.96,1,1.0,285.05,1,Business Advanced Learners
U02718,27,Male,1,1.0,0.0,Finance,Intermediate,4.1,1,2.0,0.0,2,Cybersecurity Beginners
U02719,29,Male,1,1.0,0.0,Cybersecurity,Intermediate,1.91,1,2.0,0.0,2,Cybersecurity Beginners
U02720,22,Male,1,1.0,212.39,Digital Marketing,Advanced,3.15,1,3.0,212.39,5,Digital Marketing Learners
U02721,26,Male,1,1.0,299.57,Data Science,Beginner,3.74,1,1.0,299.57,3,Data Science Beginners
U02722,23,Female,1,1.0,0.0,Marketing,Intermediate,4.11,1,2.0,0.0,8,Advanced Marketing Learners
U02723,25,Female,1,1.0,327.99,Project Management,Beginner,1.51,1,1.0,327.99,0,AI Beginner Learners
U02724,35,Male,1,1.0,0.0,Cybersecurity,Intermediate,1.91,1,2.0,0.0,2,Cybersecurity Beginners
U02725,23,Male,1,1.0,415.51,Artificial Intelligence,Intermediate,3.11,1,2.0,415.51,0,AI Beginner Learners
U02726,25,Female,4,1.3333333333333333,0.0,Marketing,Advanced,3.1825,3,2.25,0.0,8,Advanced Marketing Learners
U02727,34,Male,2,1.0,197.13,Cybersecurity,Intermediate,3.04,2,2.0,394.26,2,Cybersecurity Beginners
U02728,33,Female,1,1.0,276.37,Design,Advanced,2.72,1,3.0,276.37,7,Deep Design Learners
U02729,20,Male,1,1.0,394.26,Cybersecurity,Intermediate,1.35,1,2.0,394.26,2,Cybersecurity Beginners
U02730,27,Female,1,1.0,299.57,Data Science,Beginner,3.74,1,1.0,299.57,3,Data Science Beginners
U02731,26,Male,1,1.0,0.0,Marketing,Advanced,2.01,1,3.0,0.0,8,Advanced Marketing Learners
U02732,26,Male,1,1.0,0.0,Finance,Intermediate,4.1,1,2.0,0.0,2,Cybersecurity Beginners
U02733,31,Male,14,1.4,107.06142857142856,Business,Beginner,3.737142857142857,9,1.9285714285714286,1498.86,4,Highly Engaged AI Explorers
U02734,15,Female,1,1.0,0.0,Design,Beginner,4.51,1,1.0,0.0,7,Deep Design Learners
U02735,34,Female,1,1.0,0.0,Web Development,Beginner,3.32,1,1.0,0.0,9,Advanced Web Development Learners
U02736,15,Male,1,1.0,212.39,Digital Marketing,Advanced,3.15,1,3.0,212.39,5,Digital Marketing Learners
U02737,23,Male,1,1.0,0.0,Marketing,Intermediate,4.11,1,2.0,0.0,8,Advanced Marketing Learners
U02738,16,Female,1,1.0,0.0,Marketing,Intermediate,4.11,1,2.0,0.0,8,Advanced Marketing Learners
U02739,15,Female,1,1.0,487.92,Business,Advanced,3.64,1,3.0,487.92,1,Business Advanced Learners
U02740,31,Male,1,1.0,0.0,Digital Marketing,Beginner,2.14,1,1.0,0.0,5,Digital Marketing Learners
U02741,18,Male,1,1.0,0.0,Programming,Beginner,2.88,1,1.0,0.0,2,Cybersecurity Beginners
U02742,25,Female,2,1.0,142.525,Business,Beginner,2.1950000000000003,2,1.5,285.05,1,Business Advanced Learners
U02743,33,Male,14,2.3333333333333335,57.175714285714285,Data Science,Intermediate,3.332142857142857,8,1.5714285714285714,800.46,4,Highly Engaged AI Explorers
U02744,24,Female,1,1.0,342.61,Project Management,Intermediate,4.84,1,2.0,342.61,0,AI Beginner Learners
U02745,18,Female,1,1.0,0.0,Business,Advanced,3.15,1,3.0,0.0,1,Business Advanced Learners
U02746,28,Male,3,1.0,39.22666666666667,Data Science,Advanced,2.9266666666666663,2,2.6666666666666665,117.68,3,Data Science Beginners
U02747,30,Male,3,1.0,17.953333333333333,Cybersecurity,Beginner,2.8333333333333335,3,1.6666666666666667,53.86,2,Cybersecurity Beginners
U02748,27,Female,2,1.0,0.0,Artificial Intelligence,Advanced,2.615,2,2.0,0.0,0,AI Beginner Learners
U02749,30,Male,2,1.0,0.0,Business,Advanced,3.915,2,2.0,0.0,1,Business Advanced Learners
U02750,23,Female,2,1.0,28.66,Design,Advanced,3.675,2,3.0,57.32,7,Deep Design Learners
U02751,24,Female,1,1.0,0.0,Marketing,Advanced,2.01,1,3.0,0.0,8,Advanced Marketing Learners
U02752,32,Female,1,1.0,0.0,Digital Marketing,Beginner,4.44,1,1.0,0.0,5,Digital Marketing Learners
U02753,26,Female,1,1.0,53.86,Finance,Beginner,2.47,1,1.0,53.86,2,Cybersecurity Beginners
U02754,34,Male,13,1.8571428571428572,68.36615384615385,Cybersecurity,Advanced,2.439230769230769,9,2.3076923076923075,888.76,4,Highly Engaged AI Explorers
U02755,30,Female,1,1.0,0.0,Finance,Beginner,4.14,1,1.0,0.0,2,Cybersecurity Beginners
U02756,32,Female,2,1.0,163.01,Business,Advanced,2.65,2,2.5,326.02,1,Business Advanced Learners
U02757,16,Male,1,1.0,415.51,Artificial Intelligence,Intermediate,3.11,1,2.0,415.51,0,AI Beginner Learners
U02758,25,Female,2,1.0,0.0,Data Science,Intermediate,3.31,1,2.0,0.0,3,Data Science Beginners
U02759,20,Female,2,1.0,0.0,Programming,Beginner,3.6500000000000004,2,1.5,0.0,2,Cybersecurity Beginners
U02760,31,Male,3,1.5,124.88000000000001,Artificial Intelligence,Intermediate,2.7466666666666666,3,1.6666666666666667,374.64000000000004,0,AI Beginner Learners
U02761,31,Female,4,1.3333333333333333,98.565,Cybersecurity,Beginner,3.5625,3,1.5,394.26,2,Cybersecurity Beginners
U02762,21,Female,2,1.0,157.13,Design,Advanced,2.0100000000000002,2,3.0,314.26,7,Deep Design Learners
U02763,28,Male,3,3.0,191.37333333333333,Artificial Intelligence,Intermediate,2.873333333333333,3,1.6666666666666667,574.12,4,Highly Engaged AI Explorers
U02764,32,Male,1,1.0,37.89,Web Development,Advanced,1.3,1,3.0,37.89,9,Advanced Web Development Learners
U02765,21,Male,1,1.0,0.0,Design,Advanced,4.45,1,3.0,0.0,7,Deep Design Learners
U02766,19,Male,1,1.0,0.0,Cybersecurity,Intermediate,3.93,1,2.0,0.0,2,Cybersecurity Beginners
U02767,31,Male,14,1.5555555555555556,98.41785714285713,Project Management,Beginner,2.9292857142857143,9,1.8571428571428572,1377.85,4,Highly Engaged AI Explorers
U02768,34,Female,2,1.0,236.14,Data Science,Beginner,4.17,2,1.5,472.28,3,Data Science Beginners
U02769,19,Male,3,1.5,251.0666666666667,Artificial Intelligence,Intermediate,2.33,1,1.6666666666666667,753.2,0,AI Beginner Learners
U02770,31,Male,14,2.0,99.21571428571428,Data Science,Advanced,2.8485714285714288,8,2.0,1389.02,4,Highly Engaged AI Explorers
U02771,18,Female,1,1.0,0.78,Machine Learning,Advanced,3.89,1,3.0,0.78,6,Advanced Machine Learning Learners
U02772,31,Male,1,1.0,177.34,Digital Marketing,Advanced,3.89,1,3.0,177.34,5,Digital Marketing Learners
U02773,26,Male,1,1.0,0.0,Data Science,Beginner,3.65,1,1.0,0.0,3,Data Science Beginners
U02774,19,Male,1,1.0,0.0,Finance,Beginner,4.14,1,1.0,0.0,2,Cybersecurity Beginners
U02775,24,Female,12,2.4,118.62583333333333,Digital Marketing,Beginner,3.4441666666666664,10,1.9166666666666667,1423.51,4,Highly Engaged AI Explorers
U02776,20,Female,2,1.0,0.0,Business,Advanced,1.6400000000000001,2,2.0,0.0,1,Business Advanced Learners
U02777,27,Male,1,1.0,0.0,Programming,Beginner,1.28,1,1.0,0.0,2,Cybersecurity Beginners
U02778,29,Male,3,1.5,0.0,Cybersecurity,Beginner,3.6300000000000003,3,1.6666666666666667,0.0,2,Cybersecurity Beginners
U02779,19,Female,3,1.0,269.92333333333335,Artificial Intelligence,Intermediate,3.046666666666667,3,1.6666666666666667,809.77,0,AI Beginner Learners
U02780,26,Female,2,1.0,0.0,Business,Advanced,3.83,2,2.0,0.0,1,Business Advanced Learners
U02781,24,Female,3,1.0,233.43666666666664,Business,Advanced,2.9,3,2.6666666666666665,700.31,1,Business Advanced Learners
U02782,25,Male,1,1.0,0.0,Finance,Advanced,1.59,1,3.0,0.0,2,Cybersecurity Beginners
U02783,30,Female,1,1.0,0.0,Programming,Beginner,2.88,1,1.0,0.0,2,Cybersecurity Beginners
U02784,23,Male,2,1.0,124.05,Artificial Intelligence,Advanced,1.935,2,2.0,248.1,0,AI Beginner Learners
U02785,25,Female,1,1.0,0.0,Artificial Intelligence,Beginner,3.64,1,1.0,0.0,0,AI Beginner Learners
U02786,25,Male,12,1.5,115.90249999999999,Machine Learning,Beginner,3.464166666666667,9,1.75,1390.83,4,Highly Engaged AI Explorers
U02787,21,Male,1,1.0,346.71,Project Management,Advanced,1.23,1,3.0,346.71,0,AI Beginner Learners
U02788,20,Female,12,1.7142857142857142,106.13666666666667,Cybersecurity,Intermediate,3.6641666666666666,9,2.3333333333333335,1273.64,4,Highly Engaged AI Explorers
U02789,21,Male,4,1.0,0.0,Design,Advanced,1.8675,4,2.0,0.0,7,Deep Design Learners
U02790,25,Male,1,1.0,0.0,Web Development,Beginner,2.2,1,1.0,0.0,9,Advanced Web Development Learners
U02791,27,Male,13,2.1666666666666665,70.60692307692308,Design,Beginner,3.3492307692307692,10,1.6923076923076923,917.89,4,Highly Engaged AI Explorers
U02792,27,Female,14,2.0,56.83714285714286,Artificial Intelligence,Beginner,3.1342857142857143,9,1.9285714285714286,795.72,4,Highly Engaged AI Explorers
U02793,22,Female,14,1.4,103.56500000000001,Business,Beginner,3.4285714285714284,10,1.8571428571428572,1449.91,4,Highly Engaged AI Explorers
U02794,33,Female,2,2.0,171.305,Machine Learning,Intermediate,3.285,2,2.0,342.61,6,Advanced Machine Learning Learners
U02795,31,Male,1,1.0,299.57,Data Science,Beginner,3.74,1,1.0,299.57,3,Data Science Beginners
U02796,33,Male,1,1.0,0.0,Digital Marketing,Beginner,4.44,1,1.0,0.0,5,Digital Marketing Learners
U02797,34,Male,1,1.0,0.78,Machine Learning,Advanced,3.89,1,3.0,0.78,6,Advanced Machine Learning Learners
U02798,28,Female,1,1.0,0.0,Data Science,Intermediate,3.02,1,2.0,0.0,3,Data Science Beginners
U02799,17,Male,1,1.0,0.0,Marketing,Intermediate,4.72,1,2.0,0.0,8,Advanced Marketing Learners
U02800,34,Male,1,1.0,299.57,Data Science,Beginner,3.74,1,1.0,299.57,3,Data Science Beginners
U02801,15,Female,3,1.5,0.26,Data Science,Advanced,3.016666666666667,3,2.0,0.78,3,Data Science Beginners
U02802,15,Female,1,1.0,0.0,Cybersecurity,Beginner,4.94,1,1.0,0.0,2,Cybersecurity Beginners
U02803,26,Male,2,1.0,0.0,Design,Advanced,3.56,2,3.0,0.0,7,Deep Design Learners
U02804,24,Male,1,1.0,0.0,Machine Learning,Intermediate,4.73,1,2.0,0.0,6,Advanced Machine Learning Learners
U02805,16,Male,1,1.0,57.32,Web Development,Advanced,4.74,1,3.0,57.32,9,Advanced Web Development Learners
U02806,28,Male,1,1.0,0.0,Cybersecurity,Intermediate,3.93,1,2.0,0.0,2,Cybersecurity Beginners
U02807,18,Female,4,1.3333333333333333,139.77499999999998,Digital Marketing,Advanced,3.495,3,2.25,559.0999999999999,5,Digital Marketing Learners
U02808,35,Male,2,1.0,0.0,Marketing,Advanced,4.45,1,2.5,0.0,8,Advanced Marketing Learners
U02809,32,Male,2,1.0,0.0,Artificial Intelligence,Beginner,3.8899999999999997,2,1.0,0.0,0,AI Beginner Learners
U02810,18,Female,1,1.0,0.0,Digital Marketing,Beginner,2.14,1,1.0,0.0,5,Digital Marketing Learners
U02811,21,Male,1,1.0,0.0,Design,Advanced,2.61,1,3.0,0.0,7,Deep Design Learners
U02812,17,Male,1,1.0,119.04,Finance,Intermediate,2.75,1,2.0,119.04,2,Cybersecurity Beginners
U02813,27,Male,1,1.0,0.0,Cybersecurity,Intermediate,1.91,1,2.0,0.0,2,Cybersecurity Beginners
U02814,27,Female,2,1.0,0.0,Cybersecurity,Beginner,4.3950000000000005,2,1.0,0.0,2,Cybersecurity Beginners
U02815,15,Female,4,1.0,97.4325,Digital Marketing,Advanced,2.81,3,3.0,389.73,5,Digital Marketing Learners
U02816,25,Male,1,1.0,0.0,Marketing,Intermediate,4.11,1,2.0,0.0,8,Advanced Marketing Learners
U02817,33,Male,1,1.0,0.0,Design,Advanced,1.52,1,3.0,0.0,7,Deep Design Learners
U02818,32,Male,1,1.0,0.78,Machine Learning,Advanced,3.89,1,3.0,0.78,6,Advanced Machine Learning Learners
U02819,20,Female,2,1.0,0.0,Machine Learning,Advanced,3.7,2,2.5,0.0,6,Advanced Machine Learning Learners
U02820,30,Male,1,1.0,0.0,Programming,Beginner,1.28,1,1.0,0.0,2,Cybersecurity Beginners
U02821,27,Male,11,1.5714285714285714,106.72363636363637,Project Management,Advanced,3.2263636363636365,7,2.090909090909091,1173.96,4,Highly Engaged AI Explorers
U02822,15,Male,1,1.0,0.0,Machine Learning,Intermediate,4.73,1,2.0,0.0,6,Advanced Machine Learning Learners
U02823,31,Male,2,1.0,0.0,Cybersecurity,Intermediate,4.295,2,2.0,0.0,2,Cybersecurity Beginners
U02824,28,Female,1,1.0,326.02,Business,Intermediate,2.69,1,2.0,326.02,1,Business Advanced Learners
U02825,34,Male,13,2.1666666666666665,125.84692307692308,Business,Advanced,2.4292307692307693,8,2.076923076923077,1636.01,4,Highly Engaged AI Explorers
U02826,25,Male,1,1.0,0.0,Machine Learning,Beginner,1.13,1,1.0,0.0,6,Advanced Machine Learning Learners
U02827,17,Male,1,1.0,0.0,Machine Learning,Intermediate,4.73,1,2.0,0.0,6,Advanced Machine Learning Learners
U02828,32,Female,2,1.0,245.45,Artificial Intelligence,Advanced,3.7649999999999997,2,2.0,490.9,0,AI Beginner Learners
U02829,19,Female,1,1.0,89.59,Artificial Intelligence,Intermediate,2.68,1,2.0,89.59,0,AI Beginner Learners
U02830,34,Female,1,1.0,0.0,Web Development,Advanced,2.67,1,3.0,0.0,9,Advanced Web Development Learners
U02831,22,Female,1,1.0,0.0,Design,Advanced,4.45,1,3.0,0.0,7,Deep Design Learners
U02832,31,Male,11,1.5714285714285714,0.07090909090909091,Design,Advanced,3.0454545454545454,5,2.3636363636363638,0.78,7,Deep Design Learners
U02833,21,Female,2,1.0,171.305,Programming,Beginner,3.86,2,1.5,342.61,2,Cybersecurity Beginners
U02834,17,Male,1,1.0,0.0,Data Science,Beginner,3.65,1,1.0,0.0,3,Data Science Beginners
U02835,31,Male,1,1.0,117.68,Data Science,Advanced,2.57,1,3.0,117.68,3,Data Science Beginners
U02836,17,Female,1,1.0,472.28,Programming,Beginner,4.74,1,1.0,472.28,0,AI Beginner Learners
U02837,31,Male,2,1.0,0.0,Business,Advanced,3.795,2,2.0,0.0,1,Business Advanced Learners
U02838,35,Male,2,1.0,418.80499999999995,Artificial Intelligence,Advanced,2.8899999999999997,2,2.0,837.6099999999999,0,AI Beginner Learners
U02839,18,Female,4,1.3333333333333333,0.0,Cybersecurity,Advanced,2.4275,4,2.25,0.0,2,Cybersecurity Beginners
U02840,29,Female,1,1.0,0.0,Digital Marketing,Beginner,4.44,1,1.0,0.0,5,Digital Marketing Learners
U02841,27,Female,1,1.0,0.0,Data Science,Beginner,3.65,1,1.0,0.0,3,Data Science Beginners
U02842,20,Female,2,1.0,245.45,Artificial Intelligence,Advanced,3.275,2,2.0,490.9,0,AI Beginner Learners
U02843,26,Male,14,2.0,92.61857142857143,Data Science,Beginner,2.5885714285714285,9,1.6428571428571428,1296.66,4,Highly Engaged AI Explorers
U02844,21,Female,12,1.7142857142857142,91.83166666666666,Artificial Intelligence,Advanced,3.2266666666666666,7,2.0833333333333335,1101.98,4,Highly Engaged AI Explorers
U02845,22,Male,1,1.0,0.0,Design,Beginner,4.51,1,1.0,0.0,7,Deep Design Learners
U02846,29,Female,1,1.0,299.57,Data Science,Beginner,3.74,1,1.0,299.57,3,Data Science Beginners
U02847,27,Male,1,1.0,0.0,Finance,Intermediate,4.1,1,2.0,0.0,2,Cybersecurity Beginners
U02848,23,Male,1,1.0,0.0,Cybersecurity,Intermediate,3.93,1,2.0,0.0,2,Cybersecurity Beginners
U02849,31,Female,1,1.0,0.0,Programming,Beginner,2.88,1,1.0,0.0,2,Cybersecurity Beginners
U02850,25,Female,13,1.8571428571428572,76.45384615384616,Digital Marketing,Intermediate,3.116153846153846,10,2.1538461538461537,993.9,4,Highly Engaged AI Explorers
U02851,30,Male,1,1.0,394.26,Cybersecurity,Intermediate,1.35,1,2.0,394.26,2,Cybersecurity Beginners
U02852,23,Male,1,1.0,0.0,Business,Advanced,2.0,1,3.0,0.0,1,Business Advanced Learners
U02853,25,Male,1,1.0,0.0,Programming,Beginner,2.88,1,1.0,0.0,2,Cybersecurity Beginners
U02854,28,Male,1,1.0,0.0,Business,Advanced,2.0,1,3.0,0.0,1,Business Advanced Learners
U02855,18,Female,1,1.0,327.99,Project Management,Beginner,1.51,1,1.0,327.99,0,AI Beginner Learners
U02856,19,Female,1,1.0,472.28,Programming,Beginner,4.74,1,1.0,472.28,0,AI Beginner Learners
U02857,35,Male,12,2.0,83.45833333333333,Project Management,Intermediate,2.6266666666666665,7,2.1666666666666665,1001.5,4,Highly Engaged AI Explorers
U02858,16,Female,4,1.3333333333333333,0.0,Cybersecurity,Beginner,1.9925,4,1.25,0.0,2,Cybersecurity Beginners
U02859,26,Female,2,1.0,327.005,Business,Beginner,2.1,2,1.5,654.01,1,Business Advanced Learners
U02860,17,Male,1,1.0,0.78,Machine Learning,Advanced,3.89,1,3.0,0.78,6,Advanced Machine Learning Learners
U02861,29,Male,1,1.0,346.71,Project Management,Advanced,1.23,1,3.0,346.71,0,AI Beginner Learners
U02862,27,Male,2,1.0,0.0,Marketing,Advanced,2.9299999999999997,2,2.0,0.0,8,Advanced Marketing Learners
U02863,29,Male,1,1.0,0.0,Data Science,Beginner,3.65,1,1.0,0.0,3,Data Science Beginners
U02864,25,Female,1,1.0,0.0,Marketing,Advanced,2.01,1,3.0,0.0,8,Advanced Marketing Learners
U02865,35,Female,1,1.0,0.0,Business,Advanced,2.0,1,3.0,0.0,1,Business Advanced Learners
U02866,20,Male,2,1.0,163.01,Business,Intermediate,3.145,2,2.0,326.02,1,Business Advanced Learners
U02867,19,Male,2,1.0,88.67,Digital Marketing,Advanced,3.87,2,2.0,177.34,5,Digital Marketing Learners
U02868,25,Male,2,1.0,0.0,Cybersecurity,Intermediate,1.8199999999999998,2,2.0,0.0,2,Cybersecurity Beginners
U02869,26,Female,1,1.0,0.0,Cybersecurity,Beginner,4.94,1,1.0,0.0,2,Cybersecurity Beginners
U02870,27,Male,1,1.0,0.0,Design,Beginner,4.51,1,1.0,0.0,7,Deep Design Learners
U02871,19,Female,1,1.0,0.0,Cybersecurity,Beginner,4.94,1,1.0,0.0,2,Cybersecurity Beginners
U02872,21,Female,2,1.0,171.305,Business,Advanced,3.995,2,2.5,342.61,1,Business Advanced Learners
U02873,33,Female,3,1.5,17.953333333333333,Business,Advanced,2.64,3,2.0,53.86,1,Business Advanced Learners
U02874,32,Male,11,1.375,104.67181818181817,Web Development,Advanced,3.2954545454545454,7,2.090909090909091,1151.3899999999999,9,Advanced Web Development Learners
U02875,27,Female,1,1.0,285.05,Business,Beginner,1.96,1,1.0,285.05,1,Business Advanced Learners
U02876,24,Female,1,1.0,0.0,Design,Advanced,1.52,1,3.0,0.0,7,Deep Design Learners
U02877,28,Male,1,1.0,0.0,Marketing,Intermediate,4.72,1,2.0,0.0,8,Advanced Marketing Learners
U02878,23,Male,2,1.0,267.275,Artificial Intelligence,Intermediate,2.9299999999999997,2,2.0,534.55,0,AI Beginner Learners
U02879,16,Female,1,1.0,0.0,Finance,Beginner,4.14,1,1.0,0.0,2,Cybersecurity Beginners
U02880,21,Female,1,1.0,0.0,Design,Advanced,2.61,1,3.0,0.0,7,Deep Design Learners
U02881,27,Male,4,1.0,69.0925,Design,Beginner,3.5225,3,1.75,276.37,7,Deep Design Learners
U02882,33,Female,1,1.0,0.0,Digital Marketing,Intermediate,4.66,1,2.0,0.0,5,Digital Marketing Learners
U02883,16,Female,12,1.3333333333333333,192.86249999999998,Business,Beginner,3.4725,7,1.5,2314.35,4,Highly Engaged AI Explorers
U02884,31,Female,3,1.5,0.26,Data Science,Intermediate,4.05,3,2.3333333333333335,0.78,3,Data Science Beginners
U02885,22,Male,3,1.0,114.20333333333333,Data Science,Beginner,4.333333333333333,3,1.3333333333333333,342.61,3,Data Science Beginners
U02886,35,Male,3,1.0,29.863333333333333,Artificial Intelligence,Advanced,3.5033333333333334,3,2.0,89.59,0,AI Beginner Learners
U02887,30,Male,4,1.3333333333333333,119.22749999999999,Cybersecurity,Beginner,3.5125,4,1.75,476.90999999999997,2,Cybersecurity Beginners
U02888,20,Male,1,1.0,117.68,Data Science,Advanced,2.57,1,3.0,117.68,3,Data Science Beginners
U02889,28,Female,1,1.0,326.02,Business,Intermediate,2.69,1,2.0,326.02,1,Business Advanced Learners
U02890,18,Male,2,1.0,0.0,Cybersecurity,Intermediate,4.295,2,2.0,0.0,2,Cybersecurity Beginners
U02891,27,Female,3,1.0,234.1,Data Science,Beginner,2.7566666666666664,2,1.6666666666666667,702.3,3,Data Science Beginners
U02892,26,Female,1,1.0,472.28,Programming,Beginner,4.74,1,1.0,472.28,0,AI Beginner Learners
U02893,22,Male,1,1.0,0.0,Programming,Beginner,2.88,1,1.0,0.0,2,Cybersecurity Beginners
U02894,15,Female,1,1.0,0.0,Marketing,Advanced,2.01,1,3.0,0.0,8,Advanced Marketing Learners
U02895,21,Female,2,1.0,26.93,Artificial Intelligence,Beginner,3.055,2,1.0,53.86,0,AI Beginner Learners
U02896,30,Male,1,1.0,0.0,Data Science,Intermediate,3.6,1,2.0,0.0,3,Data Science Beginners
U02897,27,Male,1,1.0,299.57,Data Science,Beginner,3.74,1,1.0,299.57,3,Data Science Beginners
U02898,22,Female,4,1.3333333333333333,154.94,Design,Advanced,3.975,3,2.75,619.76,7,Deep Design Learners
U02899,28,Female,13,1.4444444444444444,25.23,Programming,Beginner,3.2446153846153845,8,1.5384615384615385,327.99,4,Highly Engaged AI Explorers
U02900,35,Male,1,1.0,394.26,Cybersecurity,Intermediate,1.35,1,2.0,394.26,2,Cybersecurity Beginners
U02901,30,Male,1,1.0,0.0,Cybersecurity,Advanced,2.38,1,3.0,0.0,2,Cybersecurity Beginners
U02902,27,Male,2,1.0,0.0,Cybersecurity,Advanced,2.29,2,2.0,0.0,2,Cybersecurity Beginners
U02903,27,Male,1,1.0,487.92,Business,Advanced,3.64,1,3.0,487.92,1,Business Advanced Learners
U02904,18,Male,1,1.0,346.71,Project Management,Advanced,1.23,1,3.0,346.71,0,AI Beginner Learners
U02905,27,Female,2,1.0,59.52,Finance,Advanced,2.38,2,2.5,119.04,2,Cybersecurity Beginners
U02906,24,Male,3,1.0,197.10666666666665,Finance,Beginner,3.8766666666666665,2,1.3333333333333333,591.3199999999999,2,Cybersecurity Beginners
U02907,17,Female,2,1.0,207.755,Artificial Intelligence,Advanced,2.8899999999999997,2,2.5,415.51,0,AI Beginner Learners
U02908,34,Male,1,1.0,0.0,Programming,Beginner,2.88,1,1.0,0.0,2,Cybersecurity Beginners
U02909,19,Female,14,1.5555555555555556,86.09928571428573,Artificial Intelligence,Beginner,3.4785714285714286,9,1.7142857142857142,1205.39,4,Highly Engaged AI Explorers
U02910,35,Female,1,1.0,0.0,Business,Advanced,2.0,1,3.0,0.0,1,Business Advanced Learners
U02911,34,Female,1,1.0,490.9,Artificial Intelligence,Beginner,4.55,1,1.0,490.9,0,AI Beginner Learners
U02912,27,Male,2,1.0,106.195,Digital Marketing,Advanced,2.91,2,3.0,212.39,5,Digital Marketing Learners
U02913,22,Female,1,1.0,0.0,Cybersecurity,Intermediate,1.91,1,2.0,0.0,2,Cybersecurity Beginners
U02914,31,Female,2,1.0,28.66,Machine Learning,Advanced,4.735,2,2.5,57.32,6,Advanced Machine Learning Learners
U02915,33,Female,14,1.75,29.679285714285715,Marketing,Beginner,3.4692857142857143,9,1.7142857142857142,415.51,4,Highly Engaged AI Explorers
U02916,20,Male,15,1.6666666666666667,139.56133333333335,Artificial Intelligence,Beginner,3.3833333333333333,10,1.4666666666666666,2093.42,4,Highly Engaged AI Explorers
U02917,32,Female,1,1.0,487.92,Business,Advanced,3.64,1,3.0,487.92,1,Business Advanced Learners
U02918,19,Female,2,1.0,0.0,Digital Marketing,Beginner,2.8600000000000003,2,1.0,0.0,5,Digital Marketing Learners
U02919,25,Male,1,1.0,0.0,Finance,Advanced,1.59,1,3.0,0.0,2,Cybersecurity Beginners
U02920,17,Male,1,1.0,0.0,Data Science,Beginner,3.65,1,1.0,0.0,3,Data Science Beginners
U02921,16,Female,1,1.0,0.0,Cybersecurity,Advanced,2.38,1,3.0,0.0,2,Cybersecurity Beginners
U02922,25,Male,1,1.0,0.0,Programming,Intermediate,2.43,1,2.0,0.0,2,Cybersecurity Beginners
U02923,27,Male,3,1.5,272.9633333333333,Project Management,Beginner,3.17,2,1.3333333333333333,818.89,0,AI Beginner Learners
U02924,21,Female,1,1.0,0.0,Finance,Advanced,1.59,1,3.0,0.0,2,Cybersecurity Beginners
U02925,18,Female,4,1.0,128.325,Cybersecurity,Intermediate,3.0375,4,2.25,513.3,2,Cybersecurity Beginners
U02926,24,Male,1,1.0,0.0,Business,Advanced,3.15,1,3.0,0.0,1,Business Advanced Learners
U02927,20,Male,15,1.875,124.35600000000001,Business,Beginner,2.7213333333333334,10,1.9333333333333333,1865.3400000000001,4,Highly Engaged AI Explorers
U02928,26,Male,1,1.0,0.0,Finance,Intermediate,4.1,1,2.0,0.0,2,Cybersecurity Beginners
U02929,16,Female,1,1.0,472.28,Programming,Beginner,4.74,1,1.0,472.28,0,AI Beginner Learners
U02930,26,Female,1,1.0,285.05,Business,Beginner,1.96,1,1.0,285.05,1,Business Advanced Learners
U02931,28,Female,15,1.3636363636363635,10.462,Data Science,Intermediate,2.7606666666666664,8,1.9333333333333333,156.93,3,Data Science Beginners
U02932,17,Female,1,1.0,0.0,Web Development,Beginner,3.32,1,1.0,0.0,9,Advanced Web Development Learners
U02933,34,Male,1,1.0,0.0,Design,Advanced,4.45,1,3.0,0.0,7,Deep Design Learners
U02934,29,Female,1,1.0,299.57,Data Science,Beginner,3.74,1,1.0,299.57,3,Data Science Beginners
U02935,25,Female,2,2.0,350.28,Artificial Intelligence,Beginner,2.535,2,1.5,700.56,0,AI Beginner Learners
U02936,35,Female,2,1.0,0.0,Design,Advanced,3.665,2,2.5,0.0,7,Deep Design Learners
U02937,23,Male,13,1.4444444444444444,49.89076923076924,Finance,Advanced,2.923076923076923,8,2.1538461538461537,648.58,4,Highly Engaged AI Explorers
U02938,28,Male,1,1.0,0.0,Business,Advanced,2.0,1,3.0,0.0,1,Business Advanced Learners
U02939,18,Female,1,1.0,0.0,Data Science,Intermediate,3.6,1,2.0,0.0,3,Data Science Beginners
U02940,18,Female,3,1.0,115.57,Digital Marketing,Beginner,2.266666666666667,3,1.6666666666666667,346.71,5,Digital Marketing Learners
U02941,22,Male,12,1.5,75.625,Digital Marketing,Beginner,3.1641666666666666,8,1.8333333333333333,907.5,4,Highly Engaged AI Explorers
U02942,18,Male,3,1.0,138.50333333333333,Artificial Intelligence,Advanced,3.143333333333333,3,2.0,415.51,0,AI Beginner Learners
U02943,19,Female,1,1.0,0.0,Marketing,Intermediate,4.11,1,2.0,0.0,8,Advanced Marketing Learners
U02944,23,Female,1,1.0,0.0,Finance,Advanced,1.59,1,3.0,0.0,2,Cybersecurity Beginners
U02945,23,Female,12,1.7142857142857142,135.09666666666666,Web Development,Beginner,2.654166666666667,8,1.75,1621.1599999999999,4,Highly Engaged AI Explorers
U02946,18,Female,1,1.0,0.0,Marketing,Intermediate,4.72,1,2.0,0.0,8,Advanced Marketing Learners
U02947,18,Female,11,1.375,82.92090909090908,Artificial Intelligence,Beginner,2.8963636363636365,9,1.8181818181818181,912.1299999999999,4,Highly Engaged AI Explorers
U02948,33,Male,1,1.0,0.0,Data Science,Beginner,3.65,1,1.0,0.0,3,Data Science Beginners
U02949,17,Female,2,1.0,393.745,Business,Advanced,3.6900000000000004,2,2.0,787.49,1,Business Advanced Learners
U02950,35,Male,4,1.0,85.6525,Design,Advanced,3.4924999999999997,3,2.25,342.61,7,Deep Design Learners
U02951,28,Male,1,1.0,0.0,Cybersecurity,Intermediate,3.93,1,2.0,0.0,2,Cybersecurity Beginners
U02952,32,Male,2,1.0,0.0,Artificial Intelligence,Beginner,4.075,2,1.0,0.0,0,AI Beginner Learners
U02953,21,Male,1,1.0,285.05,Business,Beginner,1.96,1,1.0,285.05,1,Business Advanced Learners
U02954,35,Female,2,1.0,243.96,Business,Advanced,3.01,2,3.0,487.92,1,Business Advanced Learners
U02955,25,Male,1,1.0,57.32,Web Development,Advanced,4.74,1,3.0,57.32,9,Advanced Web Development Learners
U02956,18,Male,2,1.0,26.93,Finance,Beginner,1.875,2,1.0,53.86,2,Cybersecurity Beginners
U02957,31,Male,1,1.0,0.0,Cybersecurity,Advanced,2.38,1,3.0,0.0,2,Cybersecurity Beginners
U02958,33,Male,12,1.3333333333333333,111.53416666666668,Business,Advanced,2.9658333333333338,7,2.0,1338.41,4,Highly Engaged AI Explorers
U02959,29,Male,2,1.0,138.185,Design,Advanced,2.85,2,3.0,276.37,7,Deep Design Learners
U02960,24,Male,1,1.0,299.57,Data Science,Beginner,3.74,1,1.0,299.57,3,Data Science Beginners
U02961,25,Female,1,1.0,0.0,Data Science,Beginner,3.65,1,1.0,0.0,3,Data Science Beginners
U02962,23,Male,1,1.0,0.0,Finance,Intermediate,4.1,1,2.0,0.0,2,Cybersecurity Beginners
U02963,18,Female,1,1.0,0.0,Machine Learning,Intermediate,1.73,1,2.0,0.0,6,Advanced Machine Learning Learners
U02964,33,Male,1,1.0,0.0,Machine Learning,Intermediate,4.73,1,2.0,0.0,6,Advanced Machine Learning Learners
U02965,16,Male,1,1.0,327.99,Project Management,Beginner,1.51,1,1.0,327.99,0,AI Beginner Learners
U02966,26,Female,4,1.3333333333333333,0.0,Business,Advanced,3.52,4,2.0,0.0,1,Business Advanced Learners
U02967,21,Male,1,1.0,0.0,Marketing,Advanced,2.01,1,3.0,0.0,8,Advanced Marketing Learners
U02968,34,Female,2,1.0,255.98,Data Science,Advanced,3.4450000000000003,2,2.0,511.96,3,Data Science Beginners
U02969,18,Female,13,1.625,90.59846153846154,Business,Beginner,2.920769230769231,10,1.8461538461538463,1177.78,4,Highly Engaged AI Explorers
U02970,34,Male,2,1.0,45.185,Artificial Intelligence,Advanced,3.285,2,2.5,90.37,0,AI Beginner Learners
U02971,20,Female,13,1.8571428571428572,59.76076923076923,Artificial Intelligence,Advanced,3.0323076923076924,9,2.3076923076923075,776.89,4,Highly Engaged AI Explorers
U02972,35,Male,2,1.0,290.245,Artificial Intelligence,Beginner,3.615,1,1.5,580.49,0,AI Beginner Learners
U02973,28,Female,1,1.0,0.0,Machine Learning,Beginner,1.13,1,1.0,0.0,6,Advanced Machine Learning Learners
U02974,31,Female,14,1.4,86.14857142857143,Data Science,Beginner,3.391428571428571,9,1.7857142857142858,1206.08,4,Highly Engaged AI Explorers
U02975,22,Male,1,1.0,0.0,Artificial Intelligence,Beginner,3.64,1,1.0,0.0,0,AI Beginner Learners
U02976,28,Female,16,1.6,95.42875,Design,Advanced,3.145,9,2.0,1526.86,4,Highly Engaged AI Explorers
U02977,33,Male,1,1.0,394.26,Cybersecurity,Intermediate,1.35,1,2.0,394.26,2,Cybersecurity Beginners
U02978,18,Female,4,1.0,62.025,Artificial Intelligence,Beginner,2.2675,4,1.5,248.1,0,AI Beginner Learners
U02979,26,Male,1,1.0,212.39,Digital Marketing,Advanced,3.15,1,3.0,212.39,5,Digital Marketing Learners
U02980,27,Male,12,1.3333333333333333,67.05499999999999,Design,Beginner,2.9808333333333334,8,1.8333333333333333,804.66,4,Highly Engaged AI Explorers
U02981,23,Male,14,1.5555555555555556,84.07142857142857,Programming,Advanced,2.7721428571428572,9,2.0,1177.0,4,Highly Engaged AI Explorers
U02982,20,Female,1,1.0,0.0,Project Management,Beginner,4.68,1,1.0,0.0,0,AI Beginner Learners
U02983,35,Female,1,1.0,0.0,Finance,Intermediate,4.1,1,2.0,0.0,2,Cybersecurity Beginners
U02984,35,Female,14,2.0,112.43071428571429,Project Management,Advanced,3.5157142857142856,9,2.0714285714285716,1574.03,4,Highly Engaged AI Explorers
U02985,35,Male,1,1.0,0.78,Machine Learning,Advanced,3.89,1,3.0,0.78,6,Advanced Machine Learning Learners
U02986,16,Male,2,1.0,295.355,Artificial Intelligence,Beginner,3.02,2,1.5,590.71,0,AI Beginner Learners
U02987,26,Male,1,1.0,0.0,Programming,Beginner,3.85,1,1.0,0.0,2,Cybersecurity Beginners
U02988,17,Male,1,1.0,0.0,Marketing,Intermediate,4.72,1,2.0,0.0,8,Advanced Marketing Learners
U02989,22,Male,11,1.375,88.08272727272727,Cybersecurity,Intermediate,3.4227272727272724,8,1.8181818181818181,968.91,4,Highly Engaged AI Explorers
U02990,22,Male,2,1.0,236.14,Finance,Advanced,3.165,2,2.0,472.28,2,Cybersecurity Beginners
U02991,27,Female,1,1.0,0.0,Programming,Beginner,1.28,1,1.0,0.0,2,Cybersecurity Beginners
U02992,24,Female,12,1.7142857142857142,159.48166666666665,Business,Intermediate,3.1683333333333334,8,1.6666666666666667,1913.78,4,Highly Engaged AI Explorers
U02993,20,Female,1,1.0,0.0,Finance,Advanced,1.59,1,3.0,0.0,2,Cybersecurity Beginners
U02994,31,Female,14,1.75,76.38857142857144,Business,Beginner,2.682857142857143,9,1.7142857142857142,1069.44,4,Highly Engaged AI Explorers
U02995,16,Male,1,1.0,37.89,Web Development,Advanced,1.3,1,3.0,37.89,9,Advanced Web Development Learners
U02996,32,Male,1,1.0,0.0,Finance,Beginner,4.14,1,1.0,0.0,2,Cybersecurity Beginners
U02997,21,Female,1,1.0,0.0,Machine Learning,Advanced,1.81,1,3.0,0.0,6,Advanced Machine Learning Learners
U02998,33,Male,1,1.0,37.89,Web Development,Advanced,1.3,1,3.0,37.89,9,Advanced Web Development Learners
U02999,20,Male,1,1.0,37.89,Web Development,Advanced,1.3,1,3.0,37.89,9,Advanced Web Development Learners
U03000,15,Male,1,1.0,394.26,Cybersecurity,Intermediate,1.35,1,2.0,394.26,2,Cybersecurity Beginners
